MS-DRG ,MS-DRG Title,AVERAGE CHARGES
1,HEART TRANSPLANT OR IMPLANT OF HEART ASSIST SYSTEM W MCC,#N/A
2,HEART TRANSPLANT OR IMPLANT OF HEART ASSIST SYSTEM W/O MCC,#N/A
3,"ECMO OR TRACH W MV >96 HRS OR PDX EXC FACE, MOUTH & NECK W MAJ O.R.","$232,880"
4,"TRACH W MV >96 HRS OR PDX EXC FACE, MOUTH & NECK W/O MAJ O.R.","$177,188"
5,LIVER TRANSPLANT W MCC OR INTESTINAL TRANSPLANT,#N/A
6,LIVER TRANSPLANT W/O MCC,#N/A
7,LUNG TRANSPLANT,#N/A
8,SIMULTANEOUS PANCREAS/KIDNEY TRANSPLANT,#N/A
10,PANCREAS TRANSPLANT,#N/A
11,"TRACHEOSTOMY FOR FACE,MOUTH & NECK DIAGNOSES W MCC","$132,661"
12,"TRACHEOSTOMY FOR FACE,MOUTH & NECK DIAGNOSES W CC","$101,944"
13,"TRACHEOSTOMY FOR FACE,MOUTH & NECK DIAGNOSES W/O CC/MCC","$15,706"
14,ALLOGENEIC BONE MARROW TRANSPLANT,#N/A
16,AUTOLOGOUS BONE MARROW TRANSPLANT W CC/MCC,#N/A
17,AUTOLOGOUS BONE MARROW TRANSPLANT W/O CC/MCC,#N/A
20,INTRACRANIAL VASCULAR PROCEDURES W PDX HEMORRHAGE W MCC,#N/A
21,INTRACRANIAL VASCULAR PROCEDURES W PDX HEMORRHAGE W CC,#N/A
22,INTRACRANIAL VASCULAR PROCEDURES W PDX HEMORRHAGE W/O CC/MCC,#N/A
23,CRANIOTOMY W MAJOR DEVICE IMPLANT OR ACUTE CNS PDX W MCC OR CHEMOTHERAPY IMPLANT OR EPILEPSY W NEUROSTIMULATOR,#N/A
24,CRANIO W MAJOR DEV IMPL/ACUTE COMPLEX CNS PDX W/O MCC,#N/A
25,CRANIOTOMY & ENDOVASCULAR INTRACRANIAL PROCEDURES W MCC,#N/A
26,CRANIOTOMY & ENDOVASCULAR INTRACRANIAL PROCEDURES W CC,#N/A
27,CRANIOTOMY & ENDOVASCULAR INTRACRANIAL PROCEDURES W/O CC/MCC,#N/A
28,SPINAL PROCEDURES W MCC,#N/A
29,SPINAL PROCEDURES W CC OR SPINAL NEUROSTIMULATORS,#N/A
30,SPINAL PROCEDURES W/O CC/MCC,#N/A
31,VENTRICULAR SHUNT PROCEDURES W MCC,#N/A
32,VENTRICULAR SHUNT PROCEDURES W CC,#N/A
33,VENTRICULAR SHUNT PROCEDURES W/O CC/MCC,#N/A
34,CAROTID ARTERY STENT PROCEDURE W MCC,#N/A
35,CAROTID ARTERY STENT PROCEDURE W CC,#N/A
36,CAROTID ARTERY STENT PROCEDURE W/O CC/MCC,#N/A
37,EXTRACRANIAL PROCEDURES W MCC,#N/A
38,EXTRACRANIAL PROCEDURES W CC,#N/A
39,EXTRACRANIAL PROCEDURES W/O CC/MCC,#N/A
40,PERIPH/CRANIAL NERVE & OTHER NERV SYST PROC W MCC,#N/A
41,PERIPH/CRANIAL NERVE & OTHER NERV SYST PROC W CC OR PERIPH NEUROSTIM,"$45,368"
42,PERIPH/CRANIAL NERVE & OTHER NERV SYST PROC W/O CC/MCC,#N/A
52,SPINAL DISORDERS & INJURIES W CC/MCC,#N/A
53,SPINAL DISORDERS & INJURIES W/O CC/MCC,#N/A
54,NERVOUS SYSTEM NEOPLASMS W MCC,"$28,291"
55,NERVOUS SYSTEM NEOPLASMS W/O MCC,#N/A
56,DEGENERATIVE NERVOUS SYSTEM DISORDERS W MCC,"$24,707"
57,DEGENERATIVE NERVOUS SYSTEM DISORDERS W/O MCC,"$30,938"
58,MULTIPLE SCLEROSIS & CEREBELLAR ATAXIA W MCC,#N/A
59,MULTIPLE SCLEROSIS & CEREBELLAR ATAXIA W CC,"$19,188"
60,MULTIPLE SCLEROSIS & CEREBELLAR ATAXIA W/O CC/MCC,"$43,259"
61,"ISCHEMIC STROKE, PRECEREBRAL OCCLUSION OR TRANSIENT ISCHEMIA W THROMBOLYTIC AGENT W MCC","$38,086"
62,"ISCHEMIC STROKE, PRECEREBRAL OCCLUSION OR TRANSIENT ISCHEMIA W THROMBOLYTIC AGENT W CC","$40,555"
63,"ISCHEMIC STROKE, PRECEREBRAL OCCLUSION OR TRANSIENT ISCHEMIA W THROMBOLYTIC AGENT W/O CC/MCC","$36,897"
64,INTRACRANIAL HEMORRHAGE OR CEREBRAL INFARCTION W MCC,"$31,588"
65,INTRACRANIAL HEMORRHAGE OR CEREBRAL INFARCTION W CC OR TPA IN 24 HRS,"$25,526"
66,INTRACRANIAL HEMORRHAGE OR CEREBRAL INFARCTION W/O CC/MCC,"$19,071"
67,NONSPECIFIC CVA & PRECEREBRAL OCCLUSION W/O INFARCT W MCC,#N/A
68,NONSPECIFIC CVA & PRECEREBRAL OCCLUSION W/O INFARCT W/O MCC,"$26,119"
69,TRANSIENT ISCHEMIA W/O THROMBOLYTIC,"$20,041"
70,NONSPECIFIC CEREBROVASCULAR DISORDERS W MCC,"$24,364"
71,NONSPECIFIC CEREBROVASCULAR DISORDERS W CC,"$24,931"
72,NONSPECIFIC CEREBROVASCULAR DISORDERS W/O CC/MCC,"$11,014"
73,CRANIAL & PERIPHERAL NERVE DISORDERS W MCC,#N/A
74,CRANIAL & PERIPHERAL NERVE DISORDERS W/O MCC,"$18,402"
75,VIRAL MENINGITIS W CC/MCC,#N/A
76,VIRAL MENINGITIS W/O CC/MCC,#N/A
77,HYPERTENSIVE ENCEPHALOPATHY W MCC,"$31,664"
78,HYPERTENSIVE ENCEPHALOPATHY W CC,"$21,473"
79,HYPERTENSIVE ENCEPHALOPATHY W/O CC/MCC,#N/A
80,NONTRAUMATIC STUPOR & COMA W MCC,#N/A
81,NONTRAUMATIC STUPOR & COMA W/O MCC,#N/A
82,"TRAUMATIC STUPOR & COMA, COMA >1 HR W MCC",#N/A
83,"TRAUMATIC STUPOR & COMA, COMA >1 HR W CC","$30,371"
84,"TRAUMATIC STUPOR & COMA, COMA >1 HR W/O CC/MCC",#N/A
85,"TRAUMATIC STUPOR & COMA, COMA <1 HR W MCC","$24,829"
86,"TRAUMATIC STUPOR & COMA, COMA <1 HR W CC",#N/A
87,"TRAUMATIC STUPOR & COMA, COMA <1 HR W/O CC/MCC",#N/A
88,CONCUSSION W MCC,#N/A
89,CONCUSSION W CC,"$15,522"
90,CONCUSSION W/O CC/MCC,#N/A
91,OTHER DISORDERS OF NERVOUS SYSTEM W MCC,"$26,393"
92,OTHER DISORDERS OF NERVOUS SYSTEM W CC,"$16,484"
93,OTHER DISORDERS OF NERVOUS SYSTEM W/O CC/MCC,"$8,610"
94,BACTERIAL & TUBERCULOUS INFECTIONS OF NERVOUS SYSTEM W MCC,"$46,391"
95,BACTERIAL & TUBERCULOUS INFECTIONS OF NERVOUS SYSTEM W CC,"$55,634"
96,BACTERIAL & TUBERCULOUS INFECTIONS OF NERVOUS SYSTEM W/O CC/MCC,"$62,101"
97,NON-BACTERIAL INFECT OF NERVOUS SYS EXC VIRAL MENINGITIS W MCC,"$28,205"
98,NON-BACTERIAL INFECT OF NERVOUS SYS EXC VIRAL MENINGITIS W CC,#N/A
99,NON-BACTERIAL INFECT OF NERVOUS SYS EXC VIRAL MENINGITIS W/O CC/MCC,"$33,233"
100,SEIZURES W MCC,"$21,747"
101,SEIZURES W/O MCC,"$16,772"
102,HEADACHES W MCC,#N/A
103,HEADACHES W/O MCC,"$19,124"
113,ORBITAL PROCEDURES W CC/MCC,#N/A
114,ORBITAL PROCEDURES W/O CC/MCC,#N/A
115,EXTRAOCULAR PROCEDURES EXCEPT ORBIT,#N/A
116,INTRAOCULAR PROCEDURES W CC/MCC,#N/A
117,INTRAOCULAR PROCEDURES W/O CC/MCC,#N/A
121,ACUTE MAJOR EYE INFECTIONS W CC/MCC,#N/A
122,ACUTE MAJOR EYE INFECTIONS W/O CC/MCC,#N/A
123,NEUROLOGICAL EYE DISORDERS,"$16,988"
124,OTHER DISORDERS OF THE EYE W MCC,#N/A
125,OTHER DISORDERS OF THE EYE W/O MCC,"$9,870"
129,MAJOR HEAD & NECK PROCEDURES W CC/MCC OR MAJOR DEVICE,"$20,833"
130,MAJOR HEAD & NECK PROCEDURES W/O CC/MCC,#N/A
131,CRANIAL/FACIAL PROCEDURES W CC/MCC,#N/A
132,CRANIAL/FACIAL PROCEDURES W/O CC/MCC,"$33,205"
133,"OTHER EAR, NOSE, MOUTH & THROAT O.R. PROCEDURES W CC/MCC",#N/A
134,"OTHER EAR, NOSE, MOUTH & THROAT O.R. PROCEDURES W/O CC/MCC",#N/A
135,SINUS & MASTOID PROCEDURES W CC/MCC,#N/A
136,SINUS & MASTOID PROCEDURES W/O CC/MCC,#N/A
137,MOUTH PROCEDURES W CC/MCC,"$22,736"
138,MOUTH PROCEDURES W/O CC/MCC,#N/A
139,SALIVARY GLAND PROCEDURES,#N/A
146,"EAR, NOSE, MOUTH & THROAT MALIGNANCY W MCC",#N/A
147,"EAR, NOSE, MOUTH & THROAT MALIGNANCY W CC",#N/A
148,"EAR, NOSE, MOUTH & THROAT MALIGNANCY W/O CC/MCC",#N/A
149,DYSEQUILIBRIUM,"$15,011"
150,EPISTAXIS W MCC,#N/A
151,EPISTAXIS W/O MCC,"$6,244"
152,OTITIS MEDIA & URI W MCC,"$40,686"
153,OTITIS MEDIA & URI W/O MCC,"$13,053"
154,"OTHER EAR, NOSE, MOUTH & THROAT DIAGNOSES W MCC","$23,941"
155,"OTHER EAR, NOSE, MOUTH & THROAT DIAGNOSES W CC","$15,725"
156,"OTHER EAR, NOSE, MOUTH & THROAT DIAGNOSES W/O CC/MCC","$10,026"
157,DENTAL & ORAL DISEASES W MCC,#N/A
158,DENTAL & ORAL DISEASES W CC,"$13,904"
159,DENTAL & ORAL DISEASES W/O CC/MCC,#N/A
163,MAJOR CHEST PROCEDURES W MCC,#N/A
164,MAJOR CHEST PROCEDURES W CC,#N/A
165,MAJOR CHEST PROCEDURES W/O CC/MCC,#N/A
166,OTHER RESP SYSTEM O.R. PROCEDURES W MCC,"$46,040"
167,OTHER RESP SYSTEM O.R. PROCEDURES W CC,#N/A
168,OTHER RESP SYSTEM O.R. PROCEDURES W/O CC/MCC,#N/A
175,PULMONARY EMBOLISM W MCC,"$20,587"
176,PULMONARY EMBOLISM W/O MCC,"$16,531"
177,RESPIRATORY INFECTIONS & INFLAMMATIONS W MCC,"$29,045"
178,RESPIRATORY INFECTIONS & INFLAMMATIONS W CC,"$19,404"
179,RESPIRATORY INFECTIONS & INFLAMMATIONS W/O CC/MCC,"$21,267"
180,RESPIRATORY NEOPLASMS W MCC,"$33,335"
181,RESPIRATORY NEOPLASMS W CC,"$24,804"
182,RESPIRATORY NEOPLASMS W/O CC/MCC,#N/A
183,MAJOR CHEST TRAUMA W MCC,"$12,609"
184,MAJOR CHEST TRAUMA W CC,"$18,881"
185,MAJOR CHEST TRAUMA W/O CC/MCC,#N/A
186,PLEURAL EFFUSION W MCC,"$15,901"
187,PLEURAL EFFUSION W CC,"$20,872"
188,PLEURAL EFFUSION W/O CC/MCC,#N/A
189,PULMONARY EDEMA & RESPIRATORY FAILURE,"$21,680"
190,CHRONIC OBSTRUCTIVE PULMONARY DISEASE W MCC,"$18,349"
191,CHRONIC OBSTRUCTIVE PULMONARY DISEASE W CC,"$15,046"
192,CHRONIC OBSTRUCTIVE PULMONARY DISEASE W/O CC/MCC,"$12,194"
193,SIMPLE PNEUMONIA & PLEURISY W MCC,"$21,465"
194,SIMPLE PNEUMONIA & PLEURISY W CC,"$15,325"
195,SIMPLE PNEUMONIA & PLEURISY W/O CC/MCC,"$12,035"
196,INTERSTITIAL LUNG DISEASE W MCC,"$29,811"
197,INTERSTITIAL LUNG DISEASE W CC,"$12,999"
198,INTERSTITIAL LUNG DISEASE W/O CC/MCC,#N/A
199,PNEUMOTHORAX W MCC,"$17,442"
200,PNEUMOTHORAX W CC,"$19,217"
201,PNEUMOTHORAX W/O CC/MCC,"$12,326"
202,BRONCHITIS & ASTHMA W CC/MCC,"$12,673"
203,BRONCHITIS & ASTHMA W/O CC/MCC,"$8,208"
204,RESPIRATORY SIGNS & SYMPTOMS,"$7,578"
205,OTHER RESPIRATORY SYSTEM DIAGNOSES W MCC,"$20,647"
206,OTHER RESPIRATORY SYSTEM DIAGNOSES W/O MCC,"$13,416"
207,RESPIRATORY SYSTEM DIAGNOSIS W VENTILATOR SUPPORT >96 HOURS,"$80,824"
208,RESPIRATORY SYSTEM DIAGNOSIS W VENTILATOR SUPPORT <=96 HOURS,"$25,165"
215,OTHER HEART ASSIST SYSTEM IMPLANT,#N/A
216,CARDIAC VALVE & OTH MAJ CARDIOTHORACIC PROC W CARD CATH W MCC,#N/A
217,CARDIAC VALVE & OTH MAJ CARDIOTHORACIC PROC W CARD CATH W CC,#N/A
218,CARDIAC VALVE & OTH MAJ CARDIOTHORACIC PROC W CARD CATH W/O CC/MCC,#N/A
219,CARDIAC VALVE & OTH MAJ CARDIOTHORACIC PROC W/O CARD CATH W MCC,#N/A
220,CARDIAC VALVE & OTH MAJ CARDIOTHORACIC PROC W/O CARD CATH W CC,#N/A
221,CARDIAC VALVE & OTH MAJ CARDIOTHORACIC PROC W/O CARD CATH W/O CC/MCC,#N/A
222,CARDIAC DEFIB IMPLANT W CARDIAC CATH W AMI/HF/SHOCK W MCC,#N/A
223,CARDIAC DEFIB IMPLANT W CARDIAC CATH W AMI/HF/SHOCK W/O MCC,#N/A
224,CARDIAC DEFIB IMPLANT W CARDIAC CATH W/O AMI/HF/SHOCK W MCC,#N/A
225,CARDIAC DEFIB IMPLANT W CARDIAC CATH W/O AMI/HF/SHOCK W/O MCC,#N/A
226,CARDIAC DEFIBRILLATOR IMPLANT W/O CARDIAC CATH W MCC,"$69,684"
227,CARDIAC DEFIBRILLATOR IMPLANT W/O CARDIAC CATH W/O MCC,"$31,226"
228,OTHER CARDIOTHORACIC PROCEDURES W MCC,#N/A
229,OTHER CARDIOTHORACIC PROCEDURES W/O MCC,#N/A
231,CORONARY BYPASS W PTCA W MCC,#N/A
232,CORONARY BYPASS W PTCA W/O MCC,#N/A
233,CORONARY BYPASS W CARDIAC CATH W MCC,#N/A
234,CORONARY BYPASS W CARDIAC CATH W/O MCC,#N/A
235,CORONARY BYPASS W/O CARDIAC CATH W MCC,#N/A
236,CORONARY BYPASS W/O CARDIAC CATH W/O MCC,#N/A
239,AMPUTATION FOR CIRC SYS DISORDERS EXC UPPER LIMB & TOE W MCC,"$60,687"
240,AMPUTATION FOR CIRC SYS DISORDERS EXC UPPER LIMB & TOE W CC,"$43,036"
241,AMPUTATION FOR CIRC SYS DISORDERS EXC UPPER LIMB & TOE W/O CC/MCC,#N/A
242,PERMANENT CARDIAC PACEMAKER IMPLANT W MCC,"$35,273"
243,PERMANENT CARDIAC PACEMAKER IMPLANT W CC,"$41,878"
244,PERMANENT CARDIAC PACEMAKER IMPLANT W/O CC/MCC,"$30,953"
245,AICD GENERATOR PROCEDURES,"$36,769"
246,PERCUTANEOUS CARDIOVASCULAR PROCEDURES W DRUG-ELUTING STENT W MCC OR 4+ ARTERIES OR STENTS,"$40,994"
247,PERC CARDIOVASC PROC W DRUG-ELUTING STENT W/O MCC,"$44,479"
248,PERCUTANEOUS CARDIOVASCULAR PROCEDURES W NON-DRUG-ELUTING STENT W MCC OR 4+ ARTERIES OR STENTS,#N/A
249,PERC CARDIOVASC PROC W NON-DRUG-ELUTING STENT W/O MCC,#N/A
250,PERC CARDIOVASC PROC W/O CORONARY ARTERY STENT W MCC,#N/A
251,PERC CARDIOVASC PROC W/O CORONARY ARTERY STENT W/O MCC,"$33,884"
252,OTHER VASCULAR PROCEDURES W MCC,#N/A
253,OTHER VASCULAR PROCEDURES W CC,#N/A
254,OTHER VASCULAR PROCEDURES W/O CC/MCC,#N/A
255,UPPER LIMB & TOE AMPUTATION FOR CIRC SYSTEM DISORDERS W MCC,"$31,055"
256,UPPER LIMB & TOE AMPUTATION FOR CIRC SYSTEM DISORDERS W CC,"$24,021"
257,UPPER LIMB & TOE AMPUTATION FOR CIRC SYSTEM DISORDERS W/O CC/MCC,#N/A
258,CARDIAC PACEMAKER DEVICE REPLACEMENT W MCC,"$27,957"
259,CARDIAC PACEMAKER DEVICE REPLACEMENT W/O MCC,#N/A
260,CARDIAC PACEMAKER REVISION EXCEPT DEVICE REPLACEMENT W MCC,#N/A
261,CARDIAC PACEMAKER REVISION EXCEPT DEVICE REPLACEMENT W CC,"$41,846"
262,CARDIAC PACEMAKER REVISION EXCEPT DEVICE REPLACEMENT W/O CC/MCC,#N/A
263,VEIN LIGATION & STRIPPING,#N/A
264,OTHER CIRCULATORY SYSTEM O.R. PROCEDURES,"$42,101"
265,AICD LEAD PROCEDURES,#N/A
266,ENDOVASCULAR CARDIAC VALVE REPLACEMENT W MCC,#N/A
267,ENDOVASCULAR CARDIAC VALVE REPLACEMENT W/O MCC,#N/A
268,AORTIC AND HEART ASSIST PROCEDURES EXCEPT PULSATION BALLOON W MCC,#N/A
269,AORTIC AND HEART ASSIST PROCEDURES EXCEPT PULSATION BALLOON W/O MCC,#N/A
270,OTHER MAJOR CARDIOVASCULAR PROCEDURES W MCC,#N/A
271,OTHER MAJOR CARDIOVASCULAR PROCEDURES W CC,#N/A
272,OTHER MAJOR CARDIOVASCULAR PROCEDURES W/O CC/MCC,#N/A
273,PERCUTANEOUS INTRACARDIAC PROCEDURES W MCC,#N/A
274,PERCUTANEOUS INTRACARDIAC PROCEDURES W/O MCC,#N/A
280,"ACUTE MYOCARDIAL INFARCTION, DISCHARGED ALIVE W MCC","$22,300"
281,"ACUTE MYOCARDIAL INFARCTION, DISCHARGED ALIVE W CC","$18,595"
282,"ACUTE MYOCARDIAL INFARCTION, DISCHARGED ALIVE W/O CC/MCC","$15,908"
283,"ACUTE MYOCARDIAL INFARCTION, EXPIRED W MCC","$16,460"
284,"ACUTE MYOCARDIAL INFARCTION, EXPIRED W CC","$7,811"
285,"ACUTE MYOCARDIAL INFARCTION, EXPIRED W/O CC/MCC",#N/A
286,"CIRCULATORY DISORDERS EXCEPT AMI, W CARD CATH W MCC","$32,933"
287,"CIRCULATORY DISORDERS EXCEPT AMI, W CARD CATH W/O MCC","$24,143"
288,ACUTE & SUBACUTE ENDOCARDITIS W MCC,#N/A
289,ACUTE & SUBACUTE ENDOCARDITIS W CC,#N/A
290,ACUTE & SUBACUTE ENDOCARDITIS W/O CC/MCC,#N/A
291,HEART FAILURE & SHOCK W MCC,"$18,737"
292,HEART FAILURE & SHOCK W CC,"$15,330"
293,HEART FAILURE & SHOCK W/O CC/MCC,"$10,819"
294,DEEP VEIN THROMBOPHLEBITIS W CC/MCC,#N/A
295,DEEP VEIN THROMBOPHLEBITIS W/O CC/MCC,#N/A
296,"CARDIAC ARREST, UNEXPLAINED W MCC",#N/A
297,"CARDIAC ARREST, UNEXPLAINED W CC",#N/A
298,"CARDIAC ARREST, UNEXPLAINED W/O CC/MCC",#N/A
299,PERIPHERAL VASCULAR DISORDERS W MCC,"$14,410"
300,PERIPHERAL VASCULAR DISORDERS W CC,"$16,264"
301,PERIPHERAL VASCULAR DISORDERS W/O CC/MCC,"$8,243"
302,ATHEROSCLEROSIS W MCC,#N/A
303,ATHEROSCLEROSIS W/O MCC,"$9,520"
304,HYPERTENSION W MCC,"$13,262"
305,HYPERTENSION W/O MCC,"$13,790"
306,CARDIAC CONGENITAL & VALVULAR DISORDERS W MCC,#N/A
307,CARDIAC CONGENITAL & VALVULAR DISORDERS W/O MCC,"$12,531"
308,CARDIAC ARRHYTHMIA & CONDUCTION DISORDERS W MCC,"$17,108"
309,CARDIAC ARRHYTHMIA & CONDUCTION DISORDERS W CC,"$11,832"
310,CARDIAC ARRHYTHMIA & CONDUCTION DISORDERS W/O CC/MCC,"$9,830"
311,ANGINA PECTORIS,"$9,718"
312,SYNCOPE & COLLAPSE,"$17,506"
313,CHEST PAIN,"$11,867"
314,OTHER CIRCULATORY SYSTEM DIAGNOSES W MCC,"$26,250"
315,OTHER CIRCULATORY SYSTEM DIAGNOSES W CC,"$25,162"
316,OTHER CIRCULATORY SYSTEM DIAGNOSES W/O CC/MCC,#N/A
326,"STOMACH, ESOPHAGEAL & DUODENAL PROC W MCC","$184,317"
327,"STOMACH, ESOPHAGEAL & DUODENAL PROC W CC","$62,175"
328,"STOMACH, ESOPHAGEAL & DUODENAL PROC W/O CC/MCC","$29,145"
329,MAJOR SMALL & LARGE BOWEL PROCEDURES W MCC,"$85,654"
330,MAJOR SMALL & LARGE BOWEL PROCEDURES W CC,"$56,071"
331,MAJOR SMALL & LARGE BOWEL PROCEDURES W/O CC/MCC,"$50,360"
332,RECTAL RESECTION W MCC,#N/A
333,RECTAL RESECTION W CC,#N/A
334,RECTAL RESECTION W/O CC/MCC,"$56,312"
335,PERITONEAL ADHESIOLYSIS W MCC,"$126,485"
336,PERITONEAL ADHESIOLYSIS W CC,"$48,471"
337,PERITONEAL ADHESIOLYSIS W/O CC/MCC,"$38,829"
338,APPENDECTOMY W COMPLICATED PRINCIPAL DIAG W MCC,#N/A
339,APPENDECTOMY W COMPLICATED PRINCIPAL DIAG W CC,"$35,833"
340,APPENDECTOMY W COMPLICATED PRINCIPAL DIAG W/O CC/MCC,"$25,313"
341,APPENDECTOMY W/O COMPLICATED PRINCIPAL DIAG W MCC,"$44,723"
342,APPENDECTOMY W/O COMPLICATED PRINCIPAL DIAG W CC,"$14,094"
343,APPENDECTOMY W/O COMPLICATED PRINCIPAL DIAG W/O CC/MCC,"$22,269"
344,MINOR SMALL & LARGE BOWEL PROCEDURES W MCC,#N/A
345,MINOR SMALL & LARGE BOWEL PROCEDURES W CC,#N/A
346,MINOR SMALL & LARGE BOWEL PROCEDURES W/O CC/MCC,"$50,909"
347,ANAL & STOMAL PROCEDURES W MCC,#N/A
348,ANAL & STOMAL PROCEDURES W CC,"$40,684"
349,ANAL & STOMAL PROCEDURES W/O CC/MCC,"$27,195"
350,INGUINAL & FEMORAL HERNIA PROCEDURES W MCC,#N/A
351,INGUINAL & FEMORAL HERNIA PROCEDURES W CC,"$26,992"
352,INGUINAL & FEMORAL HERNIA PROCEDURES W/O CC/MCC,"$33,698"
353,HERNIA PROCEDURES EXCEPT INGUINAL & FEMORAL W MCC,"$57,163"
354,HERNIA PROCEDURES EXCEPT INGUINAL & FEMORAL W CC,"$48,125"
355,HERNIA PROCEDURES EXCEPT INGUINAL & FEMORAL W/O CC/MCC,"$39,204"
356,OTHER DIGESTIVE SYSTEM O.R. PROCEDURES W MCC,"$72,812"
357,OTHER DIGESTIVE SYSTEM O.R. PROCEDURES W CC,"$53,457"
358,OTHER DIGESTIVE SYSTEM O.R. PROCEDURES W/O CC/MCC,"$41,302"
368,MAJOR ESOPHAGEAL DISORDERS W MCC,"$14,629"
369,MAJOR ESOPHAGEAL DISORDERS W CC,"$12,770"
370,MAJOR ESOPHAGEAL DISORDERS W/O CC/MCC,"$12,655"
371,MAJOR GASTROINTESTINAL DISORDERS & PERITONEAL INFECTIONS W MCC,"$37,851"
372,MAJOR GASTROINTESTINAL DISORDERS & PERITONEAL INFECTIONS W CC,"$20,964"
373,MAJOR GASTROINTESTINAL DISORDERS & PERITONEAL INFECTIONS W/O CC/MCC,"$15,967"
374,DIGESTIVE MALIGNANCY W MCC,"$31,391"
375,DIGESTIVE MALIGNANCY W CC,"$20,361"
376,DIGESTIVE MALIGNANCY W/O CC/MCC,#N/A
377,G.I. HEMORRHAGE W MCC,"$21,600"
378,G.I. HEMORRHAGE W CC,"$20,961"
379,G.I. HEMORRHAGE W/O CC/MCC,"$11,886"
380,COMPLICATED PEPTIC ULCER W MCC,"$32,187"
381,COMPLICATED PEPTIC ULCER W CC,"$18,489"
382,COMPLICATED PEPTIC ULCER W/O CC/MCC,#N/A
383,UNCOMPLICATED PEPTIC ULCER W MCC,#N/A
384,UNCOMPLICATED PEPTIC ULCER W/O MCC,"$17,704"
385,INFLAMMATORY BOWEL DISEASE W MCC,"$24,683"
386,INFLAMMATORY BOWEL DISEASE W CC,"$15,240"
387,INFLAMMATORY BOWEL DISEASE W/O CC/MCC,"$12,876"
388,G.I. OBSTRUCTION W MCC,"$31,561"
389,G.I. OBSTRUCTION W CC,"$18,014"
390,G.I. OBSTRUCTION W/O CC/MCC,"$13,306"
391,"ESOPHAGITIS, GASTROENT & MISC DIGEST DISORDERS W MCC","$27,700"
392,"ESOPHAGITIS, GASTROENT & MISC DIGEST DISORDERS W/O MCC","$14,326"
393,OTHER DIGESTIVE SYSTEM DIAGNOSES W MCC,"$33,397"
394,OTHER DIGESTIVE SYSTEM DIAGNOSES W CC,"$19,340"
395,OTHER DIGESTIVE SYSTEM DIAGNOSES W/O CC/MCC,"$16,387"
405,"PANCREAS, LIVER & SHUNT PROCEDURES W MCC",#N/A
406,"PANCREAS, LIVER & SHUNT PROCEDURES W CC",#N/A
407,"PANCREAS, LIVER & SHUNT PROCEDURES W/O CC/MCC",#N/A
408,BILIARY TRACT PROC EXCEPT ONLY CHOLECYST W OR W/O C.D.E. W MCC,#N/A
409,BILIARY TRACT PROC EXCEPT ONLY CHOLECYST W OR W/O C.D.E. W CC,#N/A
410,BILIARY TRACT PROC EXCEPT ONLY CHOLECYST W OR W/O C.D.E. W/O CC/MCC,#N/A
411,CHOLECYSTECTOMY W C.D.E. W MCC,#N/A
412,CHOLECYSTECTOMY W C.D.E. W CC,#N/A
413,CHOLECYSTECTOMY W C.D.E. W/O CC/MCC,#N/A
414,CHOLECYSTECTOMY EXCEPT BY LAPAROSCOPE W/O C.D.E. W MCC,"$59,811"
415,CHOLECYSTECTOMY EXCEPT BY LAPAROSCOPE W/O C.D.E. W CC,"$35,489"
416,CHOLECYSTECTOMY EXCEPT BY LAPAROSCOPE W/O C.D.E. W/O CC/MCC,"$35,402"
417,LAPAROSCOPIC CHOLECYSTECTOMY W/O C.D.E. W MCC,"$44,176"
418,LAPAROSCOPIC CHOLECYSTECTOMY W/O C.D.E. W CC,"$31,252"
419,LAPAROSCOPIC CHOLECYSTECTOMY W/O C.D.E. W/O CC/MCC,"$26,555"
420,HEPATOBILIARY DIAGNOSTIC PROCEDURES W MCC,#N/A
421,HEPATOBILIARY DIAGNOSTIC PROCEDURES W CC,#N/A
422,HEPATOBILIARY DIAGNOSTIC PROCEDURES W/O CC/MCC,"$22,145"
423,OTHER HEPATOBILIARY OR PANCREAS O.R. PROCEDURES W MCC,#N/A
424,OTHER HEPATOBILIARY OR PANCREAS O.R. PROCEDURES W CC,#N/A
425,OTHER HEPATOBILIARY OR PANCREAS O.R. PROCEDURES W/O CC/MCC,#N/A
432,CIRRHOSIS & ALCOHOLIC HEPATITIS W MCC,"$22,056"
433,CIRRHOSIS & ALCOHOLIC HEPATITIS W CC,"$15,890"
434,CIRRHOSIS & ALCOHOLIC HEPATITIS W/O CC/MCC,"$7,447"
435,MALIGNANCY OF HEPATOBILIARY SYSTEM OR PANCREAS W MCC,"$16,927"
436,MALIGNANCY OF HEPATOBILIARY SYSTEM OR PANCREAS W CC,"$18,066"
437,MALIGNANCY OF HEPATOBILIARY SYSTEM OR PANCREAS W/O CC/MCC,#N/A
438,DISORDERS OF PANCREAS EXCEPT MALIGNANCY W MCC,"$19,197"
439,DISORDERS OF PANCREAS EXCEPT MALIGNANCY W CC,"$16,201"
440,DISORDERS OF PANCREAS EXCEPT MALIGNANCY W/O CC/MCC,"$13,676"
441,"DISORDERS OF LIVER EXCEPT MALIG,CIRR,ALC HEPA W MCC","$18,295"
442,"DISORDERS OF LIVER EXCEPT MALIG,CIRR,ALC HEPA W CC","$17,288"
443,"DISORDERS OF LIVER EXCEPT MALIG,CIRR,ALC HEPA W/O CC/MCC","$10,203"
444,DISORDERS OF THE BILIARY TRACT W MCC,"$19,334"
445,DISORDERS OF THE BILIARY TRACT W CC,"$15,693"
446,DISORDERS OF THE BILIARY TRACT W/O CC/MCC,"$15,639"
453,COMBINED ANTERIOR/POSTERIOR SPINAL FUSION W MCC,#N/A
454,COMBINED ANTERIOR/POSTERIOR SPINAL FUSION W CC,#N/A
455,COMBINED ANTERIOR/POSTERIOR SPINAL FUSION W/O CC/MCC,#N/A
456,SPINAL FUS EXC CERV W SPINAL CURV/MALIG/INFEC OR EXT FUS W MCC,#N/A
457,SPINAL FUS EXC CERV W SPINAL CURV/MALIG/INFEC OR EXT FUS W CC,#N/A
458,SPINAL FUS EXC CERV W SPINAL CURV/MALIG/INFEC OR EXT FUS W/O CC/MCC,#N/A
459,SPINAL FUSION EXCEPT CERVICAL W MCC,#N/A
460,SPINAL FUSION EXCEPT CERVICAL W/O MCC,#N/A
461,BILATERAL OR MULTIPLE MAJOR JOINT PROCS OF LOWER EXTREMITY W MCC,#N/A
462,BILATERAL OR MULTIPLE MAJOR JOINT PROCS OF LOWER EXTREMITY W/O MCC,#N/A
463,"WND DEBRID & SKN GRFT EXC HAND, FOR MUSCULO-CONN TISS DIS W MCC","$58,401"
464,"WND DEBRID & SKN GRFT EXC HAND, FOR MUSCULO-CONN TISS DIS W CC","$36,851"
465,"WND DEBRID & SKN GRFT EXC HAND, FOR MUSCULO-CONN TISS DIS W/O CC/MCC",#N/A
466,REVISION OF HIP OR KNEE REPLACEMENT W MCC,#N/A
467,REVISION OF HIP OR KNEE REPLACEMENT W CC,#N/A
468,REVISION OF HIP OR KNEE REPLACEMENT W/O CC/MCC,#N/A
469,MAJOR HIP AND KNEE JOINT REPLACEMENT OR REATTACHMENT OF LOWER EXTREMITY W MCC OR TOTAL ANKLE REPLACEMENT,#N/A
470,MAJOR HIP AND KNEE JOINT REPLACEMENT OR REATTACHMENT OF LOWER EXTREMITY W/O MCC,#N/A
471,CERVICAL SPINAL FUSION W MCC,#N/A
472,CERVICAL SPINAL FUSION W CC,#N/A
473,CERVICAL SPINAL FUSION W/O CC/MCC,#N/A
474,AMPUTATION FOR MUSCULOSKELETAL SYS & CONN TISSUE DIS W MCC,"$29,836"
475,AMPUTATION FOR MUSCULOSKELETAL SYS & CONN TISSUE DIS W CC,"$18,874"
476,AMPUTATION FOR MUSCULOSKELETAL SYS & CONN TISSUE DIS W/O CC/MCC,#N/A
477,BIOPSIES OF MUSCULOSKELETAL SYSTEM & CONNECTIVE TISSUE W MCC,#N/A
478,BIOPSIES OF MUSCULOSKELETAL SYSTEM & CONNECTIVE TISSUE W CC,#N/A
479,BIOPSIES OF MUSCULOSKELETAL SYSTEM & CONNECTIVE TISSUE W/O CC/MCC,#N/A
480,HIP & FEMUR PROCEDURES EXCEPT MAJOR JOINT W MCC,"$74,368"
481,HIP & FEMUR PROCEDURES EXCEPT MAJOR JOINT W CC,"$43,796"
482,HIP & FEMUR PROCEDURES EXCEPT MAJOR JOINT W/O CC/MCC,#N/A
483,MAJOR JOINT/LIMB REATTACHMENT PROCEDURE OF UPPER EXTREMITIES,#N/A
485,KNEE PROCEDURES W PDX OF INFECTION W MCC,#N/A
486,KNEE PROCEDURES W PDX OF INFECTION W CC,#N/A
487,KNEE PROCEDURES W PDX OF INFECTION W/O CC/MCC,#N/A
488,KNEE PROCEDURES W/O PDX OF INFECTION W CC/MCC,#N/A
489,KNEE PROCEDURES W/O PDX OF INFECTION W/O CC/MCC,#N/A
492,"LOWER EXTREM & HUMER PROC EXCEPT HIP,FOOT,FEMUR W MCC",#N/A
493,"LOWER EXTREM & HUMER PROC EXCEPT HIP,FOOT,FEMUR W CC",#N/A
494,"LOWER EXTREM & HUMER PROC EXCEPT HIP,FOOT,FEMUR W/O CC/MCC",#N/A
495,LOCAL EXCISION & REMOVAL INT FIX DEVICES EXC HIP & FEMUR W MCC,#N/A
496,LOCAL EXCISION & REMOVAL INT FIX DEVICES EXC HIP & FEMUR W CC,#N/A
497,LOCAL EXCISION & REMOVAL INT FIX DEVICES EXC HIP & FEMUR W/O CC/MCC,#N/A
498,LOCAL EXCISION & REMOVAL INT FIX DEVICES OF HIP & FEMUR W CC/MCC,#N/A
499,LOCAL EXCISION & REMOVAL INT FIX DEVICES OF HIP & FEMUR W/O CC/MCC,#N/A
500,SOFT TISSUE PROCEDURES W MCC,#N/A
501,SOFT TISSUE PROCEDURES W CC,"$30,517"
502,SOFT TISSUE PROCEDURES W/O CC/MCC,#N/A
503,FOOT PROCEDURES W MCC,"$39,402"
504,FOOT PROCEDURES W CC,#N/A
505,FOOT PROCEDURES W/O CC/MCC,#N/A
506,MAJOR THUMB OR JOINT PROCEDURES,#N/A
507,MAJOR SHOULDER OR ELBOW JOINT PROCEDURES W CC/MCC,#N/A
508,MAJOR SHOULDER OR ELBOW JOINT PROCEDURES W/O CC/MCC,#N/A
509,ARTHROSCOPY,#N/A
510,"SHOULDER,ELBOW OR FOREARM PROC,EXC MAJOR JOINT PROC W MCC",#N/A
511,"SHOULDER,ELBOW OR FOREARM PROC,EXC MAJOR JOINT PROC W CC",#N/A
512,"SHOULDER,ELBOW OR FOREARM PROC,EXC MAJOR JOINT PROC W/O CC/MCC",#N/A
513,"HAND OR WRIST PROC, EXCEPT MAJOR THUMB OR JOINT PROC W CC/MCC",#N/A
514,"HAND OR WRIST PROC, EXCEPT MAJOR THUMB OR JOINT PROC W/O CC/MCC",#N/A
515,OTHER MUSCULOSKELET SYS & CONN TISS O.R. PROC W MCC,#N/A
516,OTHER MUSCULOSKELET SYS & CONN TISS O.R. PROC W CC,"$23,935"
517,OTHER MUSCULOSKELET SYS & CONN TISS O.R. PROC W/O CC/MCC,"$17,553"
518,BACK & NECK PROC EXC SPINAL FUSION W MCC OR DISC DEVICE/NEUROSTIM,#N/A
519,BACK & NECK PROC EXC SPINAL FUSION W CC,#N/A
520,BACK & NECK PROC EXC SPINAL FUSION W/O CC/MCC,#N/A
533,FRACTURES OF FEMUR W MCC,#N/A
534,FRACTURES OF FEMUR W/O MCC,#N/A
535,FRACTURES OF HIP & PELVIS W MCC,"$27,490"
536,FRACTURES OF HIP & PELVIS W/O MCC,"$11,873"
537,"SPRAINS, STRAINS, & DISLOCATIONS OF HIP, PELVIS & THIGH W CC/MCC",#N/A
538,"SPRAINS, STRAINS, & DISLOCATIONS OF HIP, PELVIS & THIGH W/O CC/MCC",#N/A
539,OSTEOMYELITIS W MCC,"$14,486"
540,OSTEOMYELITIS W CC,"$22,800"
541,OSTEOMYELITIS W/O CC/MCC,#N/A
542,PATHOLOGICAL FRACTURES & MUSCULOSKELET & CONN TISS MALIG W MCC,"$30,881"
543,PATHOLOGICAL FRACTURES & MUSCULOSKELET & CONN TISS MALIG W CC,"$27,607"
544,PATHOLOGICAL FRACTURES & MUSCULOSKELET & CONN TISS MALIG W/O CC/MCC,#N/A
545,CONNECTIVE TISSUE DISORDERS W MCC,"$26,995"
546,CONNECTIVE TISSUE DISORDERS W CC,#N/A
547,CONNECTIVE TISSUE DISORDERS W/O CC/MCC,#N/A
548,SEPTIC ARTHRITIS W MCC,#N/A
549,SEPTIC ARTHRITIS W CC,#N/A
550,SEPTIC ARTHRITIS W/O CC/MCC,#N/A
551,MEDICAL BACK PROBLEMS W MCC,"$32,082"
552,MEDICAL BACK PROBLEMS W/O MCC,"$23,963"
553,BONE DISEASES & ARTHROPATHIES W MCC,"$21,085"
554,BONE DISEASES & ARTHROPATHIES W/O MCC,"$13,097"
555,SIGNS & SYMPTOMS OF MUSCULOSKELETAL SYSTEM & CONN TISSUE W MCC,#N/A
556,SIGNS & SYMPTOMS OF MUSCULOSKELETAL SYSTEM & CONN TISSUE W/O MCC,"$27,901"
557,"TENDONITIS, MYOSITIS & BURSITIS W MCC","$12,361"
558,"TENDONITIS, MYOSITIS & BURSITIS W/O MCC","$16,802"
559,"AFTERCARE, MUSCULOSKELETAL SYSTEM & CONNECTIVE TISSUE W MCC","$32,844"
560,"AFTERCARE, MUSCULOSKELETAL SYSTEM & CONNECTIVE TISSUE W CC","$35,341"
561,"AFTERCARE, MUSCULOSKELETAL SYSTEM & CONNECTIVE TISSUE W/O CC/MCC","$20,635"
562,"FX, SPRN, STRN & DISL EXCEPT FEMUR, HIP, PELVIS & THIGH W MCC","$25,581"
563,"FX, SPRN, STRN & DISL EXCEPT FEMUR, HIP, PELVIS & THIGH W/O MCC","$9,723"
564,OTHER MUSCULOSKELETAL SYS & CONNECTIVE TISSUE DIAGNOSES W MCC,"$26,290"
565,OTHER MUSCULOSKELETAL SYS & CONNECTIVE TISSUE DIAGNOSES W CC,#N/A
566,OTHER MUSCULOSKELETAL SYS & CONNECTIVE TISSUE DIAGNOSES W/O CC/MCC,"$23,542"
570,SKIN DEBRIDEMENT W MCC,"$25,301"
571,SKIN DEBRIDEMENT W CC,"$20,618"
572,SKIN DEBRIDEMENT W/O CC/MCC,"$19,145"
573,SKIN GRAFT FOR SKIN ULCER OR CELLULITIS W MCC,#N/A
574,SKIN GRAFT FOR SKIN ULCER OR CELLULITIS W CC,#N/A
575,SKIN GRAFT FOR SKIN ULCER OR CELLULITIS W/O CC/MCC,#N/A
576,SKIN GRAFT EXC FOR SKIN ULCER OR CELLULITIS W MCC,#N/A
577,SKIN GRAFT EXC FOR SKIN ULCER OR CELLULITIS W CC,#N/A
578,SKIN GRAFT EXC FOR SKIN ULCER OR CELLULITIS W/O CC/MCC,"$10,899"
579,"OTHER SKIN, SUBCUT TISS & BREAST PROC W MCC","$21,283"
580,"OTHER SKIN, SUBCUT TISS & BREAST PROC W CC","$25,484"
581,"OTHER SKIN, SUBCUT TISS & BREAST PROC W/O CC/MCC","$12,580"
582,MASTECTOMY FOR MALIGNANCY W CC/MCC,#N/A
583,MASTECTOMY FOR MALIGNANCY W/O CC/MCC,"$32,661"
584,"BREAST BIOPSY, LOCAL EXCISION & OTHER BREAST PROCEDURES W CC/MCC","$30,752"
585,"BREAST BIOPSY, LOCAL EXCISION & OTHER BREAST PROCEDURES W/O CC/MCC",#N/A
592,SKIN ULCERS W MCC,"$17,619"
593,SKIN ULCERS W CC,"$22,936"
594,SKIN ULCERS W/O CC/MCC,#N/A
595,MAJOR SKIN DISORDERS W MCC,#N/A
596,MAJOR SKIN DISORDERS W/O MCC,"$21,996"
597,MALIGNANT BREAST DISORDERS W MCC,#N/A
598,MALIGNANT BREAST DISORDERS W CC,#N/A
599,MALIGNANT BREAST DISORDERS W/O CC/MCC,#N/A
600,NON-MALIGNANT BREAST DISORDERS W CC/MCC,#N/A
601,NON-MALIGNANT BREAST DISORDERS W/O CC/MCC,#N/A
602,CELLULITIS W MCC,"$24,376"
603,CELLULITIS W/O MCC,"$13,190"
604,"TRAUMA TO THE SKIN, SUBCUT TISS & BREAST W MCC",#N/A
605,"TRAUMA TO THE SKIN, SUBCUT TISS & BREAST W/O MCC","$16,279"
606,MINOR SKIN DISORDERS W MCC,#N/A
607,MINOR SKIN DISORDERS W/O MCC,"$23,064"
614,ADRENAL & PITUITARY PROCEDURES W CC/MCC,#N/A
615,ADRENAL & PITUITARY PROCEDURES W/O CC/MCC,#N/A
616,"AMPUTAT OF LOWER LIMB FOR ENDOCRINE,NUTRIT,& METABOL DIS W MCC","$55,444"
617,"AMPUTAT OF LOWER LIMB FOR ENDOCRINE,NUTRIT,& METABOL DIS W CC","$28,349"
618,"AMPUTAT OF LOWER LIMB FOR ENDOCRINE,NUTRIT,& METABOL DIS W/O CC/MCC",#N/A
619,O.R. PROCEDURES FOR OBESITY W MCC,"$85,342"
620,O.R. PROCEDURES FOR OBESITY W CC,"$58,178"
621,O.R. PROCEDURES FOR OBESITY W/O CC/MCC,"$36,769"
622,"SKIN GRAFTS & WOUND DEBRID FOR ENDOC, NUTRIT & METAB DIS W MCC","$39,530"
623,"SKIN GRAFTS & WOUND DEBRID FOR ENDOC, NUTRIT & METAB DIS W CC","$13,173"
624,"SKIN GRAFTS & WOUND DEBRID FOR ENDOC, NUTRIT & METAB DIS W/O CC/MCC","$12,889"
625,"THYROID, PARATHYROID & THYROGLOSSAL PROCEDURES W MCC",#N/A
626,"THYROID, PARATHYROID & THYROGLOSSAL PROCEDURES W CC",#N/A
627,"THYROID, PARATHYROID & THYROGLOSSAL PROCEDURES W/O CC/MCC","$34,017"
628,"OTHER ENDOCRINE, NUTRIT & METAB O.R. PROC W MCC",#N/A
629,"OTHER ENDOCRINE, NUTRIT & METAB O.R. PROC W CC","$45,335"
630,"OTHER ENDOCRINE, NUTRIT & METAB O.R. PROC W/O CC/MCC",#N/A
637,DIABETES W MCC,"$20,546"
638,DIABETES W CC,"$13,852"
639,DIABETES W/O CC/MCC,"$9,199"
640,"MISC DISORDERS OF NUTRITION,METABOLISM,FLUIDS/ELECTROLYTES W MCC","$19,058"
641,"MISC DISORDERS OF NUTRITION,METABOLISM,FLUIDS/ELECTROLYTES W/O MCC","$15,284"
642,INBORN AND OTHER DISORDERS OF METABOLISM,"$16,955"
643,ENDOCRINE DISORDERS W MCC,"$16,661"
644,ENDOCRINE DISORDERS W CC,"$20,474"
645,ENDOCRINE DISORDERS W/O CC/MCC,#N/A
652,KIDNEY TRANSPLANT,#N/A
653,MAJOR BLADDER PROCEDURES W MCC,#N/A
654,MAJOR BLADDER PROCEDURES W CC,#N/A
655,MAJOR BLADDER PROCEDURES W/O CC/MCC,#N/A
656,KIDNEY & URETER PROCEDURES FOR NEOPLASM W MCC,#N/A
657,KIDNEY & URETER PROCEDURES FOR NEOPLASM W CC,#N/A
658,KIDNEY & URETER PROCEDURES FOR NEOPLASM W/O CC/MCC,#N/A
659,KIDNEY & URETER PROCEDURES FOR NON-NEOPLASM W MCC,#N/A
660,KIDNEY & URETER PROCEDURES FOR NON-NEOPLASM W CC,"$37,998"
661,KIDNEY & URETER PROCEDURES FOR NON-NEOPLASM W/O CC/MCC,"$37,582"
662,MINOR BLADDER PROCEDURES W MCC,#N/A
663,MINOR BLADDER PROCEDURES W CC,"$81,736"
664,MINOR BLADDER PROCEDURES W/O CC/MCC,#N/A
665,PROSTATECTOMY W MCC,"$49,572"
666,PROSTATECTOMY W CC,#N/A
667,PROSTATECTOMY W/O CC/MCC,#N/A
668,TRANSURETHRAL PROCEDURES W MCC,"$62,079"
669,TRANSURETHRAL PROCEDURES W CC,"$23,295"
670,TRANSURETHRAL PROCEDURES W/O CC/MCC,"$14,750"
671,URETHRAL PROCEDURES W CC/MCC,#N/A
672,URETHRAL PROCEDURES W/O CC/MCC,#N/A
673,OTHER KIDNEY & URINARY TRACT PROCEDURES W MCC,"$61,115"
674,OTHER KIDNEY & URINARY TRACT PROCEDURES W CC,#N/A
675,OTHER KIDNEY & URINARY TRACT PROCEDURES W/O CC/MCC,#N/A
682,RENAL FAILURE W MCC,"$26,377"
683,RENAL FAILURE W CC,"$16,699"
684,RENAL FAILURE W/O CC/MCC,"$12,979"
685,ADMIT FOR RENAL DIALYSIS,#N/A
686,KIDNEY & URINARY TRACT NEOPLASMS W MCC,"$26,895"
687,KIDNEY & URINARY TRACT NEOPLASMS W CC,"$22,924"
688,KIDNEY & URINARY TRACT NEOPLASMS W/O CC/MCC,"$13,197"
689,KIDNEY & URINARY TRACT INFECTIONS W MCC,"$21,127"
690,KIDNEY & URINARY TRACT INFECTIONS W/O MCC,"$16,786"
691,URINARY STONES W ESW LITHOTRIPSY W CC/MCC,#N/A
692,URINARY STONES W ESW LITHOTRIPSY W/O CC/MCC,#N/A
693,URINARY STONES W/O ESW LITHOTRIPSY W MCC,#N/A
694,URINARY STONES W/O ESW LITHOTRIPSY W/O MCC,"$17,969"
695,KIDNEY & URINARY TRACT SIGNS & SYMPTOMS W MCC,#N/A
696,KIDNEY & URINARY TRACT SIGNS & SYMPTOMS W/O MCC,"$14,662"
697,URETHRAL STRICTURE,"$44,637"
698,OTHER KIDNEY & URINARY TRACT DIAGNOSES W MCC,"$23,039"
699,OTHER KIDNEY & URINARY TRACT DIAGNOSES W CC,"$17,758"
700,OTHER KIDNEY & URINARY TRACT DIAGNOSES W/O CC/MCC,"$12,328"
707,MAJOR MALE PELVIC PROCEDURES W CC/MCC,#N/A
708,MAJOR MALE PELVIC PROCEDURES W/O CC/MCC,#N/A
709,PENIS PROCEDURES W CC/MCC,#N/A
710,PENIS PROCEDURES W/O CC/MCC,#N/A
711,TESTES PROCEDURES W CC/MCC,"$45,092"
712,TESTES PROCEDURES W/O CC/MCC,#N/A
713,TRANSURETHRAL PROSTATECTOMY W CC/MCC,"$25,270"
714,TRANSURETHRAL PROSTATECTOMY W/O CC/MCC,#N/A
715,OTHER MALE REPRODUCTIVE SYSTEM O.R. PROC FOR MALIGNANCY W CC/MCC,"$51,813"
716,OTHER MALE REPRODUCTIVE SYSTEM O.R. PROC FOR MALIGNANCY W/O CC/MCC,#N/A
717,OTHER MALE REPRODUCTIVE SYSTEM O.R. PROC EXC MALIGNANCY W CC/MCC,"$46,601"
718,OTHER MALE REPRODUCTIVE SYSTEM O.R. PROC EXC MALIGNANCY W/O CC/MCC,"$38,174"
722,"MALIGNANCY, MALE REPRODUCTIVE SYSTEM W MCC","$41,952"
723,"MALIGNANCY, MALE REPRODUCTIVE SYSTEM W CC",#N/A
724,"MALIGNANCY, MALE REPRODUCTIVE SYSTEM W/O CC/MCC",#N/A
725,BENIGN PROSTATIC HYPERTROPHY W MCC,#N/A
726,BENIGN PROSTATIC HYPERTROPHY W/O MCC,"$12,002"
727,INFLAMMATION OF THE MALE REPRODUCTIVE SYSTEM W MCC,#N/A
728,INFLAMMATION OF THE MALE REPRODUCTIVE SYSTEM W/O MCC,"$11,500"
729,OTHER MALE REPRODUCTIVE SYSTEM DIAGNOSES W CC/MCC,"$8,738"
730,OTHER MALE REPRODUCTIVE SYSTEM DIAGNOSES W/O CC/MCC,"$22,593"
734,"PELVIC EVISCERATION, RAD HYSTERECTOMY & RAD VULVECTOMY W CC/MCC",#N/A
735,"PELVIC EVISCERATION, RAD HYSTERECTOMY & RAD VULVECTOMY W/O CC/MCC",#N/A
736,UTERINE & ADNEXA PROC FOR OVARIAN OR ADNEXAL MALIGNANCY W MCC,#N/A
737,UTERINE & ADNEXA PROC FOR OVARIAN OR ADNEXAL MALIGNANCY W CC,#N/A
738,UTERINE & ADNEXA PROC FOR OVARIAN OR ADNEXAL MALIGNANCY W/O CC/MCC,#N/A
739,"UTERINE,ADNEXA PROC FOR NON-OVARIAN/ADNEXAL MALIG W MCC",#N/A
740,"UTERINE,ADNEXA PROC FOR NON-OVARIAN/ADNEXAL MALIG W CC",#N/A
741,"UTERINE,ADNEXA PROC FOR NON-OVARIAN/ADNEXAL MALIG W/O CC/MCC",#N/A
742,UTERINE & ADNEXA PROC FOR NON-MALIGNANCY W CC/MCC,"$39,680"
743,UTERINE & ADNEXA PROC FOR NON-MALIGNANCY W/O CC/MCC,"$35,686"
744,"D&C, CONIZATION, LAPAROSCOPY & TUBAL INTERRUPTION W CC/MCC",#N/A
745,"D&C, CONIZATION, LAPAROSCOPY & TUBAL INTERRUPTION W/O CC/MCC",#N/A
746,"VAGINA, CERVIX & VULVA PROCEDURES W CC/MCC","$33,372"
747,"VAGINA, CERVIX & VULVA PROCEDURES W/O CC/MCC","$42,216"
748,FEMALE REPRODUCTIVE SYSTEM RECONSTRUCTIVE PROCEDURES,#N/A
749,OTHER FEMALE REPRODUCTIVE SYSTEM O.R. PROCEDURES W CC/MCC,#N/A
750,OTHER FEMALE REPRODUCTIVE SYSTEM O.R. PROCEDURES W/O CC/MCC,#N/A
754,"MALIGNANCY, FEMALE REPRODUCTIVE SYSTEM W MCC","$18,461"
755,"MALIGNANCY, FEMALE REPRODUCTIVE SYSTEM W CC","$22,854"
756,"MALIGNANCY, FEMALE REPRODUCTIVE SYSTEM W/O CC/MCC",#N/A
757,"INFECTIONS, FEMALE REPRODUCTIVE SYSTEM W MCC",#N/A
758,"INFECTIONS, FEMALE REPRODUCTIVE SYSTEM W CC",#N/A
759,"INFECTIONS, FEMALE REPRODUCTIVE SYSTEM W/O CC/MCC","$9,979"
760,MENSTRUAL & OTHER FEMALE REPRODUCTIVE SYSTEM DISORDERS W CC/MCC,"$14,300"
761,MENSTRUAL & OTHER FEMALE REPRODUCTIVE SYSTEM DISORDERS W/O CC/MCC,"$8,137"
765,CESAREAN SECTION W CC/MCC,"$22,881"
766,CESAREAN SECTION W/O CC/MCC,"$20,748"
767,VAGINAL DELIVERY W STERILIZATION &/OR D&C,"$21,695"
768,VAGINAL DELIVERY W O.R. PROC EXCEPT STERIL &/OR D&C,"$11,378"
769,POSTPARTUM & POST ABORTION DIAGNOSES W O.R. PROCEDURE,"$23,021"
770,"ABORTION W D&C, ASPIRATION CURETTAGE OR HYSTEROTOMY",#N/A
774,VAGINAL DELIVERY W COMPLICATING DIAGNOSES,"$6,996"
775,VAGINAL DELIVERY W/O COMPLICATING DIAGNOSES,"$5,885"
776,POSTPARTUM & POST ABORTION DIAGNOSES W/O O.R. PROCEDURE,"$12,762"
777,ECTOPIC PREGNANCY,"$30,170"
778,THREATENED ABORTION,"$3,284"
779,ABORTION W/O D&C,"$6,061"
780,FALSE LABOR,#N/A
781,OTHER ANTEPARTUM DIAGNOSES W MEDICAL COMPLICATIONS,"$6,350"
782,OTHER ANTEPARTUM DIAGNOSES W/O MEDICAL COMPLICATIONS,"$2,735"
789,"NEONATES, DIED OR TRANSFERRED TO ANOTHER ACUTE CARE FACILITY","$3,305"
790,"EXTREME IMMATURITY OR RESPIRATORY DISTRESS SYNDROME, NEONATE","$9,353"
791,PREMATURITY W MAJOR PROBLEMS,#N/A
792,PREMATURITY W/O MAJOR PROBLEMS,"$5,025"
793,FULL TERM NEONATE W MAJOR PROBLEMS,"$9,818"
794,NEONATE W OTHER SIGNIFICANT PROBLEMS,"$2,381"
795,NORMAL NEWBORN,"$1,810"
799,SPLENECTOMY W MCC,#N/A
800,SPLENECTOMY W CC,"$33,815"
801,SPLENECTOMY W/O CC/MCC,"$26,697"
802,OTHER O.R. PROC OF THE BLOOD & BLOOD FORMING ORGANS W MCC,"$42,582"
803,OTHER O.R. PROC OF THE BLOOD & BLOOD FORMING ORGANS W CC,"$28,338"
804,OTHER O.R. PROC OF THE BLOOD & BLOOD FORMING ORGANS W/O CC/MCC,#N/A
808,MAJOR HEMATOL/IMMUN DIAG EXC SICKLE CELL CRISIS & COAGUL W MCC,"$42,831"
809,MAJOR HEMATOL/IMMUN DIAG EXC SICKLE CELL CRISIS & COAGUL W CC,"$12,125"
810,MAJOR HEMATOL/IMMUN DIAG EXC SICKLE CELL CRISIS & COAGUL W/O CC/MCC,"$14,260"
811,RED BLOOD CELL DISORDERS W MCC,"$27,504"
812,RED BLOOD CELL DISORDERS W/O MCC,"$14,012"
813,COAGULATION DISORDERS,"$33,356"
814,RETICULOENDOTHELIAL & IMMUNITY DISORDERS W MCC,#N/A
815,RETICULOENDOTHELIAL & IMMUNITY DISORDERS W CC,#N/A
816,RETICULOENDOTHELIAL & IMMUNITY DISORDERS W/O CC/MCC,#N/A
820,LYMPHOMA & LEUKEMIA W MAJOR O.R. PROCEDURE W MCC,#N/A
821,LYMPHOMA & LEUKEMIA W MAJOR O.R. PROCEDURE W CC,#N/A
822,LYMPHOMA & LEUKEMIA W MAJOR O.R. PROCEDURE W/O CC/MCC,#N/A
823,LYMPHOMA & NON-ACUTE LEUKEMIA W OTHER PROC W MCC,#N/A
824,LYMPHOMA & NON-ACUTE LEUKEMIA W OTHER PROC W CC,#N/A
825,LYMPHOMA & NON-ACUTE LEUKEMIA W OTHER PROC W/O CC/MCC,#N/A
826,MYELOPROLIF DISORD OR POORLY DIFF NEOPL W MAJ O.R. PROC W MCC,#N/A
827,MYELOPROLIF DISORD OR POORLY DIFF NEOPL W MAJ O.R. PROC W CC,#N/A
828,MYELOPROLIF DISORD OR POORLY DIFF NEOPL W MAJ O.R. PROC W/O CC/MCC,#N/A
829,MYELOPROLIFERATIVE DISORDERS OR POORLY DIFFERENTIATED NEOPLASMS W OTHER  PROCEDURE W CC/MCC,"$19,065"
830,MYELOPROLIFERATIVE DISORDERS OR POORLY DIFFERENTIATED NEOPLASMS W OTHER  PROCEDURE W/O CC/MCC,#N/A
834,ACUTE LEUKEMIA W/O MAJOR O.R. PROCEDURE W MCC,"$21,125"
835,ACUTE LEUKEMIA W/O MAJOR O.R. PROCEDURE W CC,#N/A
836,ACUTE LEUKEMIA W/O MAJOR O.R. PROCEDURE W/O CC/MCC,#N/A
837,CHEMO W ACUTE LEUKEMIA AS SDX OR W HIGH DOSE CHEMO AGENT W MCC,#N/A
838,CHEMO W ACUTE LEUKEMIA AS SDX W CC OR HIGH DOSE CHEMO AGENT,#N/A
839,CHEMO W ACUTE LEUKEMIA AS SDX W/O CC/MCC,#N/A
840,LYMPHOMA & NON-ACUTE LEUKEMIA W MCC,"$54,666"
841,LYMPHOMA & NON-ACUTE LEUKEMIA W CC,"$12,023"
842,LYMPHOMA & NON-ACUTE LEUKEMIA W/O CC/MCC,#N/A
843,OTHER MYELOPROLIF DIS OR POORLY DIFF NEOPL DIAG W MCC,"$24,962"
844,OTHER MYELOPROLIF DIS OR POORLY DIFF NEOPL DIAG W CC,"$39,188"
845,OTHER MYELOPROLIF DIS OR POORLY DIFF NEOPL DIAG W/O CC/MCC,#N/A
846,CHEMOTHERAPY W/O ACUTE LEUKEMIA AS SECONDARY DIAGNOSIS W MCC,"$22,799"
847,CHEMOTHERAPY W/O ACUTE LEUKEMIA AS SECONDARY DIAGNOSIS W CC,"$12,740"
848,CHEMOTHERAPY W/O ACUTE LEUKEMIA AS SECONDARY DIAGNOSIS W/O CC/MCC,#N/A
849,RADIOTHERAPY,#N/A
853,INFECTIOUS & PARASITIC DISEASES W O.R. PROCEDURE W MCC,"$75,097"
854,INFECTIOUS & PARASITIC DISEASES W O.R. PROCEDURE W CC,"$40,012"
855,INFECTIOUS & PARASITIC DISEASES W O.R. PROCEDURE W/O CC/MCC,#N/A
856,POSTOPERATIVE OR POST-TRAUMATIC INFECTIONS W O.R. PROC W MCC,"$106,569"
857,POSTOPERATIVE OR POST-TRAUMATIC INFECTIONS W O.R. PROC W CC,"$13,152"
858,POSTOPERATIVE OR POST-TRAUMATIC INFECTIONS W O.R. PROC W/O CC/MCC,#N/A
862,POSTOPERATIVE & POST-TRAUMATIC INFECTIONS W MCC,"$12,519"
863,POSTOPERATIVE & POST-TRAUMATIC INFECTIONS W/O MCC,"$12,523"
864,FEVER,"$13,188"
865,VIRAL ILLNESS W MCC,"$28,066"
866,VIRAL ILLNESS W/O MCC,"$18,881"
867,OTHER INFECTIOUS & PARASITIC DISEASES DIAGNOSES W MCC,#N/A
868,OTHER INFECTIOUS & PARASITIC DISEASES DIAGNOSES W CC,#N/A
869,OTHER INFECTIOUS & PARASITIC DISEASES DIAGNOSES W/O CC/MCC,#N/A
870,SEPTICEMIA OR SEVERE SEPSIS W MV >96 HOURS,"$72,552"
871,SEPTICEMIA OR SEVERE SEPSIS W/O MV >96 HOURS W MCC,"$28,683"
872,SEPTICEMIA OR SEVERE SEPSIS W/O MV >96 HOURS W/O MCC,"$18,022"
876,O.R. PROCEDURE W PRINCIPAL DIAGNOSES OF MENTAL ILLNESS,#N/A
880,ACUTE ADJUSTMENT REACTION & PSYCHOSOCIAL DYSFUNCTION,"$12,660"
881,DEPRESSIVE NEUROSES,#N/A
882,NEUROSES EXCEPT DEPRESSIVE,#N/A
883,DISORDERS OF PERSONALITY & IMPULSE CONTROL,#N/A
884,ORGANIC DISTURBANCES & INTELLECTUAL DISABILITY,"$15,166"
885,PSYCHOSES,#N/A
886,BEHAVIORAL & DEVELOPMENTAL DISORDERS,#N/A
887,OTHER MENTAL DISORDER DIAGNOSES,#N/A
894,"ALCOHOL/DRUG ABUSE OR DEPENDENCE, LEFT AMA","$8,292"
895,ALCOHOL/DRUG ABUSE OR DEPENDENCE W REHABILITATION THERAPY,#N/A
896,ALCOHOL/DRUG ABUSE OR DEPENDENCE W/O REHABILITATION THERAPY W MCC,"$28,958"
897,ALCOHOL/DRUG ABUSE OR DEPENDENCE W/O REHABILITATION THERAPY W/O MCC,"$15,763"
901,WOUND DEBRIDEMENTS FOR INJURIES W MCC,#N/A
902,WOUND DEBRIDEMENTS FOR INJURIES W CC,#N/A
903,WOUND DEBRIDEMENTS FOR INJURIES W/O CC/MCC,#N/A
904,SKIN GRAFTS FOR INJURIES W CC/MCC,#N/A
905,SKIN GRAFTS FOR INJURIES W/O CC/MCC,#N/A
906,HAND PROCEDURES FOR INJURIES,#N/A
907,OTHER O.R. PROCEDURES FOR INJURIES W MCC,"$112,246"
908,OTHER O.R. PROCEDURES FOR INJURIES W CC,"$45,660"
909,OTHER O.R. PROCEDURES FOR INJURIES W/O CC/MCC,"$29,031"
913,TRAUMATIC INJURY W MCC,#N/A
914,TRAUMATIC INJURY W/O MCC,#N/A
915,ALLERGIC REACTIONS W MCC,"$13,670"
916,ALLERGIC REACTIONS W/O MCC,"$9,852"
917,POISONING & TOXIC EFFECTS OF DRUGS W MCC,"$21,666"
918,POISONING & TOXIC EFFECTS OF DRUGS W/O MCC,"$16,659"
919,COMPLICATIONS OF TREATMENT W MCC,"$26,833"
920,COMPLICATIONS OF TREATMENT W CC,"$23,415"
921,COMPLICATIONS OF TREATMENT W/O CC/MCC,#N/A
922,"OTHER INJURY, POISONING & TOXIC EFFECT DIAG W MCC","$22,573"
923,"OTHER INJURY, POISONING & TOXIC EFFECT DIAG W/O MCC","$20,030"
927,EXTENSIVE BURNS OR FULL THICKNESS BURNS W MV >96 HRS W SKIN GRAFT,#N/A
928,FULL THICKNESS BURN W SKIN GRAFT OR INHAL INJ W CC/MCC,#N/A
929,FULL THICKNESS BURN W SKIN GRAFT OR INHAL INJ W/O CC/MCC,#N/A
933,EXTENSIVE BURNS OR FULL THICKNESS BURNS W MV >96 HRS W/O SKIN GRAFT,#N/A
934,FULL THICKNESS BURN W/O SKIN GRFT OR INHAL INJ,#N/A
935,NON-EXTENSIVE BURNS,#N/A
939,O.R. PROC W DIAGNOSES OF OTHER CONTACT W HEALTH SERVICES W MCC,#N/A
940,O.R. PROC W DIAGNOSES OF OTHER CONTACT W HEALTH SERVICES W CC,#N/A
941,O.R. PROC W DIAGNOSES OF OTHER CONTACT W HEALTH SERVICES W/O CC/MCC,#N/A
945,REHABILITATION W CC/MCC,"$26,100"
946,REHABILITATION W/O CC/MCC,#N/A
947,SIGNS & SYMPTOMS W MCC,"$15,651"
948,SIGNS & SYMPTOMS W/O MCC,"$16,328"
949,AFTERCARE W CC/MCC,"$78,139"
950,AFTERCARE W/O CC/MCC,"$26,547"
951,OTHER FACTORS INFLUENCING HEALTH STATUS,"$5,930"
955,CRANIOTOMY FOR MULTIPLE SIGNIFICANT TRAUMA,#N/A
956,"LIMB REATTACHMENT, HIP & FEMUR PROC FOR MULTIPLE SIGNIFICANT TRAUMA",#N/A
957,OTHER O.R. PROCEDURES FOR MULTIPLE SIGNIFICANT TRAUMA W MCC,#N/A
958,OTHER O.R. PROCEDURES FOR MULTIPLE SIGNIFICANT TRAUMA W CC,#N/A
959,OTHER O.R. PROCEDURES FOR MULTIPLE SIGNIFICANT TRAUMA W/O CC/MCC,#N/A
963,OTHER MULTIPLE SIGNIFICANT TRAUMA W MCC,#N/A
964,OTHER MULTIPLE SIGNIFICANT TRAUMA W CC,#N/A
965,OTHER MULTIPLE SIGNIFICANT TRAUMA W/O CC/MCC,"$28,583"
969,HIV W EXTENSIVE O.R. PROCEDURE W MCC,#N/A
970,HIV W EXTENSIVE O.R. PROCEDURE W/O MCC,#N/A
974,HIV W MAJOR RELATED CONDITION W MCC,"$22,642"
975,HIV W MAJOR RELATED CONDITION W CC,"$18,357"
976,HIV W MAJOR RELATED CONDITION W/O CC/MCC,#N/A
977,HIV W OR W/O OTHER RELATED CONDITION,#N/A
981,EXTENSIVE O.R. PROCEDURE UNRELATED TO PRINCIPAL DIAGNOSIS W MCC,"$85,556"
982,EXTENSIVE O.R. PROCEDURE UNRELATED TO PRINCIPAL DIAGNOSIS W CC,"$18,367"
983,EXTENSIVE O.R. PROCEDURE UNRELATED TO PRINCIPAL DIAGNOSIS W/O CC/MCC,#N/A
987,NON-EXTENSIVE O.R. PROC UNRELATED TO PRINCIPAL DIAGNOSIS W MCC,"$31,302"
988,NON-EXTENSIVE O.R. PROC UNRELATED TO PRINCIPAL DIAGNOSIS W CC,"$26,434"
989,NON-EXTENSIVE O.R. PROC UNRELATED TO PRINCIPAL DIAGNOSIS W/O CC/MCC,"$27,064"
998,PRINCIPAL DIAGNOSIS INVALID AS DISCHARGE DIAGNOSIS,#N/A
999,UNGROUPABLE,#N/A
