Pardee,,,
10/1/2017 to 9/30/2018 Average Charge by DRG,,,
Source: Strata,,,
By: M Hoffman 12-21-2018,,,
,,,
Location,MS DRG - Code,MS DRG - Description, Average Charge 
1051999 - PARDEE HOSPITAL,003,ECMO OR TRACH W MV GREATER THAN 96 HRS OR PDX EXC FACE MOUTH AND NECK W MAJ O.R.," 251,624 "
1051999 - PARDEE HOSPITAL,004,TRACH W MV GREATER THAN 96 HRS OR PDX EXC FACE MOUTH AND NECK W-O MAJ O.R.," 305,206 "
1051999 - PARDEE HOSPITAL,028,SPINAL PROCEDURES W MCC," 154,393 "
1051999 - PARDEE HOSPITAL,029,SPINAL PROCEDURES W CC OR SPINAL NEUROSTIMULATORS," 64,170 "
1051999 - PARDEE HOSPITAL,037,EXTRACRANIAL PROCEDURES W MCC," 46,811 "
1051999 - PARDEE HOSPITAL,038,EXTRACRANIAL PROCEDURES W CC," 32,990 "
1051999 - PARDEE HOSPITAL,039,EXTRACRANIAL PROCEDURES W-O CC-MCC," 31,474 "
1051999 - PARDEE HOSPITAL,041,PERIPH-CRANIAL NERVE AND OTHER NERV SYST PROC W CC OR PERIPH NEUROSTIM," 62,665 "
1051999 - PARDEE HOSPITAL,042,PERIPH-CRANIAL NERVE AND OTHER NERV SYST PROC W-O CC-MCC," 83,607 "
1051999 - PARDEE HOSPITAL,054,NERVOUS SYSTEM NEOPLASMS W MCC," 9,192 "
1051999 - PARDEE HOSPITAL,056,DEGENERATIVE NERVOUS SYSTEM DISORDERS W MCC," 24,631 "
1051999 - PARDEE HOSPITAL,057,DEGENERATIVE NERVOUS SYSTEM DISORDERS W-O MCC," 19,071 "
1051999 - PARDEE HOSPITAL,058,MULTIPLE SCLEROSIS AND CEREBELLAR ATAXIA W MCC," 19,954 "
1051999 - PARDEE HOSPITAL,059,MULTIPLE SCLEROSIS AND CEREBELLAR ATAXIA W CC," 24,808 "
1051999 - PARDEE HOSPITAL,061,ISCHEMIC STROKE PRECEREBRAL OCCLUSION OR TRANSIENT ISCHEMIA W THROMBOLYTIC AGENT W MCC," 45,471 "
1051999 - PARDEE HOSPITAL,062,ISCHEMIC STROKE PRECEREBRAL OCCLUSION OR TRANSIENT ISCHEMIA W THROMBOLYTIC AGENT W CC," 44,492 "
1051999 - PARDEE HOSPITAL,063,ISCHEMIC STROKE PRECEREBRAL OCCLUSION OR TRANSIENT ISCHEMIA W THROMBOLYTIC AGENT W-O CC-MCC," 32,556 "
1051999 - PARDEE HOSPITAL,064,INTRACRANIAL HEMORRHAGE OR CEREBRAL INFARCTION W MCC," 26,830 "
1051999 - PARDEE HOSPITAL,065,INTRACRANIAL HEMORRHAGE OR CEREBRAL INFARCTION W CC OR TPA IN 24 HRS," 18,588 "
1051999 - PARDEE HOSPITAL,066,INTRACRANIAL HEMORRHAGE OR CEREBRAL INFARCTION W-O CC-MCC," 15,274 "
1051999 - PARDEE HOSPITAL,068,NONSPECIFIC CVA AND PRECEREBRAL OCCLUSION W-O INFARCT W-O MCC," 10,853 "
1051999 - PARDEE HOSPITAL,069,TRANSIENT ISCHEMIA W-O THROMBOLYTIC," 11,670 "
1051999 - PARDEE HOSPITAL,070,NONSPECIFIC CEREBROVASCULAR DISORDERS W MCC," 23,821 "
1051999 - PARDEE HOSPITAL,071,NONSPECIFIC CEREBROVASCULAR DISORDERS W CC," 15,714 "
1051999 - PARDEE HOSPITAL,072,NONSPECIFIC CEREBROVASCULAR DISORDERS W-O CC-MCC," 13,294 "
1051999 - PARDEE HOSPITAL,074,CRANIAL AND PERIPHERAL NERVE DISORDERS W-O MCC," 18,454 "
1051999 - PARDEE HOSPITAL,075,VIRAL MENINGITIS W CC-MCC," 12,896 "
1051999 - PARDEE HOSPITAL,076,VIRAL MENINGITIS W-O CC-MCC," 13,177 "
1051999 - PARDEE HOSPITAL,078,HYPERTENSIVE ENCEPHALOPATHY W CC," 37,856 "
1051999 - PARDEE HOSPITAL,080,NONTRAUMATIC STUPOR AND COMA W MCC," 13,111 "
1051999 - PARDEE HOSPITAL,081,NONTRAUMATIC STUPOR AND COMA W-O MCC," 11,376 "
1051999 - PARDEE HOSPITAL,082,TRAUMATIC STUPOR AND COMA COMA GREATER THAN 1 HR W MCC," 10,163 "
1051999 - PARDEE HOSPITAL,085,TRAUMATIC STUPOR AND COMA COMA LESS THAN 1 HR W MCC," 26,478 "
1051999 - PARDEE HOSPITAL,087,TRAUMATIC STUPOR AND COMA COMA LESS THAN 1 HR W-O CC-MCC," 13,680 "
1051999 - PARDEE HOSPITAL,089,CONCUSSION W CC," 17,615 "
1051999 - PARDEE HOSPITAL,091,OTHER DISORDERS OF NERVOUS SYSTEM W MCC," 22,730 "
1051999 - PARDEE HOSPITAL,092,OTHER DISORDERS OF NERVOUS SYSTEM W CC," 16,487 "
1051999 - PARDEE HOSPITAL,093,OTHER DISORDERS OF NERVOUS SYSTEM W-O CC-MCC," 18,023 "
1051999 - PARDEE HOSPITAL,095,BACTERIAL AND TUBERCULOUS INFECTIONS OF NERVOUS SYSTEM W CC," 60,144 "
1051999 - PARDEE HOSPITAL,097,NON-BACTERIAL INFECT OF NERVOUS SYS EXC VIRAL MENINGITIS W MCC," 23,791 "
1051999 - PARDEE HOSPITAL,098,NON-BACTERIAL INFECT OF NERVOUS SYS EXC VIRAL MENINGITIS W CC," 2,025 "
1051999 - PARDEE HOSPITAL,099,NON-BACTERIAL INFECT OF NERVOUS SYS EXC VIRAL MENINGITIS W-O CC-MCC," 13,204 "
1051999 - PARDEE HOSPITAL,100,SEIZURES W MCC," 21,389 "
1051999 - PARDEE HOSPITAL,101,SEIZURES W-O MCC," 16,144 "
1051999 - PARDEE HOSPITAL,102,HEADACHES W MCC," 33,957 "
1051999 - PARDEE HOSPITAL,103,HEADACHES W-O MCC," 17,661 "
1051999 - PARDEE HOSPITAL,123,NEUROLOGICAL EYE DISORDERS," 9,026 "
1051999 - PARDEE HOSPITAL,125,OTHER DISORDERS OF THE EYE W-O MCC," 9,075 "
1051999 - PARDEE HOSPITAL,149,DYSEQUILIBRIUM," 13,585 "
1051999 - PARDEE HOSPITAL,151,EPISTAXIS W-O MCC," 4,964 "
1051999 - PARDEE HOSPITAL,152,OTITIS MEDIA AND URI W MCC," 10,304 "
1051999 - PARDEE HOSPITAL,153,OTITIS MEDIA AND URI W-O MCC," 10,655 "
1051999 - PARDEE HOSPITAL,155,OTHER EAR NOSE MOUTH AND THROAT DIAGNOSES W CC," 12,291 "
1051999 - PARDEE HOSPITAL,158,DENTAL AND ORAL DISEASES W CC," 7,250 "
1051999 - PARDEE HOSPITAL,163,MAJOR CHEST PROCEDURES W MCC," 103,287 "
1051999 - PARDEE HOSPITAL,164,MAJOR CHEST PROCEDURES W CC," 59,725 "
1051999 - PARDEE HOSPITAL,165,MAJOR CHEST PROCEDURES W-O CC-MCC," 48,173 "
1051999 - PARDEE HOSPITAL,166,OTHER RESP SYSTEM O.R. PROCEDURES W MCC," 87,999 "
1051999 - PARDEE HOSPITAL,167,OTHER RESP SYSTEM O.R. PROCEDURES W CC," 39,677 "
1051999 - PARDEE HOSPITAL,168,OTHER RESP SYSTEM O.R. PROCEDURES W-O CC-MCC," 34,909 "
1051999 - PARDEE HOSPITAL,175,PULMONARY EMBOLISM W MCC," 28,245 "
1051999 - PARDEE HOSPITAL,176,PULMONARY EMBOLISM W-O MCC," 15,210 "
1051999 - PARDEE HOSPITAL,177,RESPIRATORY INFECTIONS AND INFLAMMATIONS W MCC," 23,401 "
1051999 - PARDEE HOSPITAL,178,RESPIRATORY INFECTIONS AND INFLAMMATIONS W CC," 15,226 "
1051999 - PARDEE HOSPITAL,179,RESPIRATORY INFECTIONS AND INFLAMMATIONS W-O CC-MCC," 13,396 "
1051999 - PARDEE HOSPITAL,180,RESPIRATORY NEOPLASMS W MCC," 34,326 "
1051999 - PARDEE HOSPITAL,181,RESPIRATORY NEOPLASMS W CC," 29,022 "
1051999 - PARDEE HOSPITAL,182,RESPIRATORY NEOPLASMS W-O CC-MCC," 13,818 "
1051999 - PARDEE HOSPITAL,183,MAJOR CHEST TRAUMA W MCC," 29,474 "
1051999 - PARDEE HOSPITAL,184,MAJOR CHEST TRAUMA W CC," 17,987 "
1051999 - PARDEE HOSPITAL,186,PLEURAL EFFUSION W MCC," 17,993 "
1051999 - PARDEE HOSPITAL,187,PLEURAL EFFUSION W CC," 20,124 "
1051999 - PARDEE HOSPITAL,188,PLEURAL EFFUSION W-O CC-MCC," 9,566 "
1051999 - PARDEE HOSPITAL,189,PULMONARY EDEMA AND RESPIRATORY FAILURE," 21,076 "
1051999 - PARDEE HOSPITAL,190,CHRONIC OBSTRUCTIVE PULMONARY DISEASE W MCC," 18,816 "
1051999 - PARDEE HOSPITAL,191,CHRONIC OBSTRUCTIVE PULMONARY DISEASE W CC," 15,752 "
1051999 - PARDEE HOSPITAL,192,CHRONIC OBSTRUCTIVE PULMONARY DISEASE W-O CC-MCC," 11,512 "
1051999 - PARDEE HOSPITAL,193,SIMPLE PNEUMONIA AND PLEURISY W MCC," 21,178 "
1051999 - PARDEE HOSPITAL,194,SIMPLE PNEUMONIA AND PLEURISY W CC," 14,267 "
1051999 - PARDEE HOSPITAL,195,SIMPLE PNEUMONIA AND PLEURISY W-O CC-MCC," 7,920 "
1051999 - PARDEE HOSPITAL,196,INTERSTITIAL LUNG DISEASE W MCC," 21,053 "
1051999 - PARDEE HOSPITAL,199,PNEUMOTHORAX W MCC," 33,078 "
1051999 - PARDEE HOSPITAL,200,PNEUMOTHORAX W CC," 13,343 "
1051999 - PARDEE HOSPITAL,202,BRONCHITIS AND ASTHMA W CC-MCC," 13,476 "
1051999 - PARDEE HOSPITAL,203,BRONCHITIS AND ASTHMA W-O CC-MCC," 6,985 "
1051999 - PARDEE HOSPITAL,204,RESPIRATORY SIGNS AND SYMPTOMS," 15,130 "
1051999 - PARDEE HOSPITAL,205,OTHER RESPIRATORY SYSTEM DIAGNOSES W MCC," 19,729 "
1051999 - PARDEE HOSPITAL,206,OTHER RESPIRATORY SYSTEM DIAGNOSES W-O MCC," 6,007 "
1051999 - PARDEE HOSPITAL,207,RESPIRATORY SYSTEM DIAGNOSIS W VENTILATOR SUPPORT GREATER THAN 96 HOURS," 100,234 "
1051999 - PARDEE HOSPITAL,208,RESPIRATORY SYSTEM DIAGNOSIS W VENTILATOR SUPPORT LESS THAN =96 HOURS," 58,512 "
1051999 - PARDEE HOSPITAL,239,AMPUTATION FOR CIRC SYS DISORDERS EXC UPPER LIMB AND TOE W MCC," 60,944 "
1051999 - PARDEE HOSPITAL,240,AMPUTATION FOR CIRC SYS DISORDERS EXC UPPER LIMB AND TOE W CC," 49,140 "
1051999 - PARDEE HOSPITAL,242,PERMANENT CARDIAC PACEMAKER IMPLANT W MCC," 43,919 "
1051999 - PARDEE HOSPITAL,243,PERMANENT CARDIAC PACEMAKER IMPLANT W CC," 41,505 "
1051999 - PARDEE HOSPITAL,244,PERMANENT CARDIAC PACEMAKER IMPLANT W-O CC-MCC," 38,691 "
1051999 - PARDEE HOSPITAL,246,PERCUTANEOUS CARDIOVASCULAR PROCEDURES W DRUG-ELUTING STENT W MCC OR 4+ ARTERIES OR STENTS," 64,015 "
1051999 - PARDEE HOSPITAL,247,PERC CARDIOVASC PROC W DRUG-ELUTING STENT W-O MCC," 51,482 "
1051999 - PARDEE HOSPITAL,249,PERC CARDIOVASC PROC W NON-DRUG-ELUTING STENT W-O MCC," 45,131 "
1051999 - PARDEE HOSPITAL,251,PERC CARDIOVASC PROC W-O CORONARY ARTERY STENT W-O MCC," 36,564 "
1051999 - PARDEE HOSPITAL,252,OTHER VASCULAR PROCEDURES W MCC," 63,771 "
1051999 - PARDEE HOSPITAL,253,OTHER VASCULAR PROCEDURES W CC," 53,588 "
1051999 - PARDEE HOSPITAL,254,OTHER VASCULAR PROCEDURES W-O CC-MCC," 48,309 "
1051999 - PARDEE HOSPITAL,255,UPPER LIMB AND TOE AMPUTATION FOR CIRC SYSTEM DISORDERS W MCC," 49,937 "
1051999 - PARDEE HOSPITAL,260,CARDIAC PACEMAKER REVISION EXCEPT DEVICE REPLACEMENT W MCC," 84,466 "
1051999 - PARDEE HOSPITAL,261,CARDIAC PACEMAKER REVISION EXCEPT DEVICE REPLACEMENT W CC," 37,123 "
1051999 - PARDEE HOSPITAL,264,OTHER CIRCULATORY SYSTEM O.R. PROCEDURES," 52,149 "
1051999 - PARDEE HOSPITAL,268,AORTIC AND HEART ASSIST PROCEDURES EXCEPT PULSATION BALLOON W MCC," 100,509 "
1051999 - PARDEE HOSPITAL,269,AORTIC AND HEART ASSIST PROCEDURES EXCEPT PULSATION BALLOON W-O MCC," 97,153 "
1051999 - PARDEE HOSPITAL,270,OTHER MAJOR CARDIOVASCULAR PROCEDURES W MCC," 76,075 "
1051999 - PARDEE HOSPITAL,271,OTHER MAJOR CARDIOVASCULAR PROCEDURES W CC," 48,376 "
1051999 - PARDEE HOSPITAL,272,OTHER MAJOR CARDIOVASCULAR PROCEDURES W-O CC-MCC," 44,214 "
1051999 - PARDEE HOSPITAL,280,ACUTE MYOCARDIAL INFARCTION DISCHARGED ALIVE W MCC," 21,186 "
1051999 - PARDEE HOSPITAL,281,ACUTE MYOCARDIAL INFARCTION DISCHARGED ALIVE W CC," 16,974 "
1051999 - PARDEE HOSPITAL,282,ACUTE MYOCARDIAL INFARCTION DISCHARGED ALIVE W-O CC-MCC," 14,933 "
1051999 - PARDEE HOSPITAL,283,ACUTE MYOCARDIAL INFARCTION EXPIRED W MCC," 28,364 "
1051999 - PARDEE HOSPITAL,286,CIRCULATORY DISORDERS EXCEPT AMI W CARD CATH W MCC," 29,200 "
1051999 - PARDEE HOSPITAL,287,CIRCULATORY DISORDERS EXCEPT AMI W CARD CATH W-O MCC," 25,565 "
1051999 - PARDEE HOSPITAL,289,ACUTE AND SUBACUTE ENDOCARDITIS W CC," 50,970 "
1051999 - PARDEE HOSPITAL,291,HEART FAILURE AND SHOCK W MCC," 17,961 "
1051999 - PARDEE HOSPITAL,292,HEART FAILURE AND SHOCK W CC," 12,412 "
1051999 - PARDEE HOSPITAL,293,HEART FAILURE AND SHOCK W-O CC-MCC," 9,565 "
1051999 - PARDEE HOSPITAL,296,CARDIAC ARREST UNEXPLAINED W MCC," 61,461 "
1051999 - PARDEE HOSPITAL,299,PERIPHERAL VASCULAR DISORDERS W MCC," 14,554 "
1051999 - PARDEE HOSPITAL,300,PERIPHERAL VASCULAR DISORDERS W CC," 13,712 "
1051999 - PARDEE HOSPITAL,301,PERIPHERAL VASCULAR DISORDERS W-O CC-MCC," 9,967 "
1051999 - PARDEE HOSPITAL,302,ATHEROSCLEROSIS W MCC," 4,359 "
1051999 - PARDEE HOSPITAL,303,ATHEROSCLEROSIS W-O MCC," 12,497 "
1051999 - PARDEE HOSPITAL,305,HYPERTENSION W-O MCC," 13,087 "
1051999 - PARDEE HOSPITAL,306,CARDIAC CONGENITAL AND VALVULAR DISORDERS W MCC," 21,698 "
1051999 - PARDEE HOSPITAL,308,CARDIAC ARRHYTHMIA AND CONDUCTION DISORDERS W MCC," 17,653 "
1051999 - PARDEE HOSPITAL,309,CARDIAC ARRHYTHMIA AND CONDUCTION DISORDERS W CC," 12,662 "
1051999 - PARDEE HOSPITAL,310,CARDIAC ARRHYTHMIA AND CONDUCTION DISORDERS W-O CC-MCC," 9,881 "
1051999 - PARDEE HOSPITAL,311,ANGINA PECTORIS," 11,330 "
1051999 - PARDEE HOSPITAL,312,SYNCOPE AND COLLAPSE," 13,238 "
1051999 - PARDEE HOSPITAL,313,CHEST PAIN," 12,181 "
1051999 - PARDEE HOSPITAL,314,OTHER CIRCULATORY SYSTEM DIAGNOSES W MCC," 16,799 "
1051999 - PARDEE HOSPITAL,315,OTHER CIRCULATORY SYSTEM DIAGNOSES W CC," 16,650 "
1051999 - PARDEE HOSPITAL,316,OTHER CIRCULATORY SYSTEM DIAGNOSES W-O CC-MCC," 12,205 "
1051999 - PARDEE HOSPITAL,326,STOMACH ESOPHAGEAL AND DUODENAL PROC W MCC," 65,440 "
1051999 - PARDEE HOSPITAL,327,STOMACH ESOPHAGEAL AND DUODENAL PROC W CC," 40,914 "
1051999 - PARDEE HOSPITAL,328,STOMACH ESOPHAGEAL AND DUODENAL PROC W-O CC-MCC," 40,276 "
1051999 - PARDEE HOSPITAL,329,MAJOR SMALL AND LARGE BOWEL PROCEDURES W MCC," 92,209 "
1051999 - PARDEE HOSPITAL,330,MAJOR SMALL AND LARGE BOWEL PROCEDURES W CC," 51,156 "
1051999 - PARDEE HOSPITAL,331,MAJOR SMALL AND LARGE BOWEL PROCEDURES W-O CC-MCC," 37,606 "
1051999 - PARDEE HOSPITAL,335,PERITONEAL ADHESIOLYSIS W MCC," 66,802 "
1051999 - PARDEE HOSPITAL,336,PERITONEAL ADHESIOLYSIS W CC," 40,564 "
1051999 - PARDEE HOSPITAL,337,PERITONEAL ADHESIOLYSIS W-O CC-MCC," 39,575 "
1051999 - PARDEE HOSPITAL,339,APPENDECTOMY W COMPLICATED PRINCIPAL DIAG W CC," 39,392 "
1051999 - PARDEE HOSPITAL,340,APPENDECTOMY W COMPLICATED PRINCIPAL DIAG W-O CC-MCC," 29,852 "
1051999 - PARDEE HOSPITAL,342,APPENDECTOMY W-O COMPLICATED PRINCIPAL DIAG W CC," 33,471 "
1051999 - PARDEE HOSPITAL,343,APPENDECTOMY W-O COMPLICATED PRINCIPAL DIAG W-O CC-MCC," 25,462 "
1051999 - PARDEE HOSPITAL,344,MINOR SMALL AND LARGE BOWEL PROCEDURES W MCC," 47,190 "
1051999 - PARDEE HOSPITAL,345,MINOR SMALL AND LARGE BOWEL PROCEDURES W CC," 31,053 "
1051999 - PARDEE HOSPITAL,346,MINOR SMALL AND LARGE BOWEL PROCEDURES W-O CC-MCC," 40,481 "
1051999 - PARDEE HOSPITAL,348,ANAL AND STOMAL PROCEDURES W CC," 24,177 "
1051999 - PARDEE HOSPITAL,349,ANAL AND STOMAL PROCEDURES W-O CC-MCC," 30,133 "
1051999 - PARDEE HOSPITAL,351,INGUINAL AND FEMORAL HERNIA PROCEDURES W CC," 38,183 "
1051999 - PARDEE HOSPITAL,352,INGUINAL AND FEMORAL HERNIA PROCEDURES W-O CC-MCC," 32,357 "
1051999 - PARDEE HOSPITAL,353,HERNIA PROCEDURES EXCEPT INGUINAL AND FEMORAL W MCC," 30,866 "
1051999 - PARDEE HOSPITAL,354,HERNIA PROCEDURES EXCEPT INGUINAL AND FEMORAL W CC," 29,411 "
1051999 - PARDEE HOSPITAL,355,HERNIA PROCEDURES EXCEPT INGUINAL AND FEMORAL W-O CC-MCC," 25,197 "
1051999 - PARDEE HOSPITAL,356,OTHER DIGESTIVE SYSTEM O.R. PROCEDURES W MCC," 55,771 "
1051999 - PARDEE HOSPITAL,357,OTHER DIGESTIVE SYSTEM O.R. PROCEDURES W CC," 27,610 "
1051999 - PARDEE HOSPITAL,358,OTHER DIGESTIVE SYSTEM O.R. PROCEDURES W-O CC-MCC," 30,953 "
1051999 - PARDEE HOSPITAL,368,MAJOR ESOPHAGEAL DISORDERS W MCC," 26,697 "
1051999 - PARDEE HOSPITAL,369,MAJOR ESOPHAGEAL DISORDERS W CC," 19,923 "
1051999 - PARDEE HOSPITAL,371,MAJOR GASTROINTESTINAL DISORDERS AND PERITONEAL INFECTIONS W MCC," 32,481 "
1051999 - PARDEE HOSPITAL,372,MAJOR GASTROINTESTINAL DISORDERS AND PERITONEAL INFECTIONS W CC," 28,352 "
1051999 - PARDEE HOSPITAL,373,MAJOR GASTROINTESTINAL DISORDERS AND PERITONEAL INFECTIONS W-O CC-MCC," 17,106 "
1051999 - PARDEE HOSPITAL,374,DIGESTIVE MALIGNANCY W MCC," 24,147 "
1051999 - PARDEE HOSPITAL,375,DIGESTIVE MALIGNANCY W CC," 22,536 "
1051999 - PARDEE HOSPITAL,377,G.I. HEMORRHAGE W MCC," 32,538 "
1051999 - PARDEE HOSPITAL,378,G.I. HEMORRHAGE W CC," 16,486 "
1051999 - PARDEE HOSPITAL,379,G.I. HEMORRHAGE W-O CC-MCC," 8,992 "
1051999 - PARDEE HOSPITAL,381,COMPLICATED PEPTIC ULCER W CC," 16,682 "
1051999 - PARDEE HOSPITAL,383,UNCOMPLICATED PEPTIC ULCER W MCC," 37,623 "
1051999 - PARDEE HOSPITAL,384,UNCOMPLICATED PEPTIC ULCER W-O MCC," 12,898 "
1051999 - PARDEE HOSPITAL,385,INFLAMMATORY BOWEL DISEASE W MCC," 23,879 "
1051999 - PARDEE HOSPITAL,386,INFLAMMATORY BOWEL DISEASE W CC," 15,825 "
1051999 - PARDEE HOSPITAL,387,INFLAMMATORY BOWEL DISEASE W-O CC-MCC," 20,308 "
1051999 - PARDEE HOSPITAL,388,G.I. OBSTRUCTION W MCC," 16,650 "
1051999 - PARDEE HOSPITAL,389,G.I. OBSTRUCTION W CC," 13,356 "
1051999 - PARDEE HOSPITAL,390,G.I. OBSTRUCTION W-O CC-MCC," 10,077 "
1051999 - PARDEE HOSPITAL,391,ESOPHAGITIS GASTROENT AND MISC DIGEST DISORDERS W MCC," 17,379 "
1051999 - PARDEE HOSPITAL,392,ESOPHAGITIS GASTROENT AND MISC DIGEST DISORDERS W-O MCC," 15,225 "
1051999 - PARDEE HOSPITAL,393,OTHER DIGESTIVE SYSTEM DIAGNOSES W MCC," 23,877 "
1051999 - PARDEE HOSPITAL,394,OTHER DIGESTIVE SYSTEM DIAGNOSES W CC," 17,473 "
1051999 - PARDEE HOSPITAL,395,OTHER DIGESTIVE SYSTEM DIAGNOSES W-O CC-MCC," 13,488 "
1051999 - PARDEE HOSPITAL,405,PANCREAS LIVER AND SHUNT PROCEDURES W MCC," 41,764 "
1051999 - PARDEE HOSPITAL,406,PANCREAS LIVER AND SHUNT PROCEDURES W CC," 55,956 "
1051999 - PARDEE HOSPITAL,411,CHOLECYSTECTOMY W C.D.E. W MCC," 86,507 "
1051999 - PARDEE HOSPITAL,415,CHOLECYSTECTOMY EXCEPT BY LAPAROSCOPE W-O C.D.E. W CC," 76,908 "
1051999 - PARDEE HOSPITAL,416,CHOLECYSTECTOMY EXCEPT BY LAPAROSCOPE W-O C.D.E. W-O CC-MCC," 48,378 "
1051999 - PARDEE HOSPITAL,417,LAPAROSCOPIC CHOLECYSTECTOMY W-O C.D.E. W MCC," 45,780 "
1051999 - PARDEE HOSPITAL,418,LAPAROSCOPIC CHOLECYSTECTOMY W-O C.D.E. W CC," 37,118 "
1051999 - PARDEE HOSPITAL,419,LAPAROSCOPIC CHOLECYSTECTOMY W-O C.D.E. W-O CC-MCC," 34,965 "
1051999 - PARDEE HOSPITAL,420,HEPATOBILIARY DIAGNOSTIC PROCEDURES W MCC," 31,049 "
1051999 - PARDEE HOSPITAL,421,HEPATOBILIARY DIAGNOSTIC PROCEDURES W CC," 63,463 "
1051999 - PARDEE HOSPITAL,432,CIRRHOSIS AND ALCOHOLIC HEPATITIS W MCC," 19,627 "
1051999 - PARDEE HOSPITAL,433,CIRRHOSIS AND ALCOHOLIC HEPATITIS W CC," 21,369 "
1051999 - PARDEE HOSPITAL,434,CIRRHOSIS AND ALCOHOLIC HEPATITIS W-O CC-MCC," 14,520 "
1051999 - PARDEE HOSPITAL,435,MALIGNANCY OF HEPATOBILIARY SYSTEM OR PANCREAS W MCC," 23,773 "
1051999 - PARDEE HOSPITAL,436,MALIGNANCY OF HEPATOBILIARY SYSTEM OR PANCREAS W CC," 20,975 "
1051999 - PARDEE HOSPITAL,438,DISORDERS OF PANCREAS EXCEPT MALIGNANCY W MCC," 27,432 "
1051999 - PARDEE HOSPITAL,439,DISORDERS OF PANCREAS EXCEPT MALIGNANCY W CC," 18,258 "
1051999 - PARDEE HOSPITAL,440,DISORDERS OF PANCREAS EXCEPT MALIGNANCY W-O CC-MCC," 11,092 "
1051999 - PARDEE HOSPITAL,441,DISORDERS OF LIVER EXCEPT MALIGCIRRALC HEPA W MCC," 36,309 "
1051999 - PARDEE HOSPITAL,442,DISORDERS OF LIVER EXCEPT MALIGCIRRALC HEPA W CC," 12,693 "
1051999 - PARDEE HOSPITAL,444,DISORDERS OF THE BILIARY TRACT W MCC," 29,811 "
1051999 - PARDEE HOSPITAL,445,DISORDERS OF THE BILIARY TRACT W CC," 17,904 "
1051999 - PARDEE HOSPITAL,446,DISORDERS OF THE BILIARY TRACT W-O CC-MCC," 19,369 "
1051999 - PARDEE HOSPITAL,453,COMBINED ANTERIOR-POSTERIOR SPINAL FUSION W MCC," 209,534 "
1051999 - PARDEE HOSPITAL,454,COMBINED ANTERIOR-POSTERIOR SPINAL FUSION W CC," 101,308 "
1051999 - PARDEE HOSPITAL,455,COMBINED ANTERIOR-POSTERIOR SPINAL FUSION W-O CC-MCC," 77,978 "
1051999 - PARDEE HOSPITAL,457,SPINAL FUS EXC CERV W SPINAL CURV-MALIG-INFEC OR EXT FUS W CC," 87,680 "
1051999 - PARDEE HOSPITAL,458,SPINAL FUS EXC CERV W SPINAL CURV-MALIG-INFEC OR EXT FUS W-O CC-MCC," 115,037 "
1051999 - PARDEE HOSPITAL,460,SPINAL FUSION EXCEPT CERVICAL W-O MCC," 74,237 "
1051999 - PARDEE HOSPITAL,461,BILATERAL OR MULTIPLE MAJOR JOINT PROCS OF LOWER EXTREMITY W MCC," 95,458 "
1051999 - PARDEE HOSPITAL,462,BILATERAL OR MULTIPLE MAJOR JOINT PROCS OF LOWER EXTREMITY W-O MCC," 77,639 "
1051999 - PARDEE HOSPITAL,463,WND DEBRID AND SKN GRFT EXC HAND FOR MUSCULO-CONN TISS DIS W MCC," 82,127 "
1051999 - PARDEE HOSPITAL,464,WND DEBRID AND SKN GRFT EXC HAND FOR MUSCULO-CONN TISS DIS W CC," 63,747 "
1051999 - PARDEE HOSPITAL,465,WND DEBRID AND SKN GRFT EXC HAND FOR MUSCULO-CONN TISS DIS W-O CC-MCC," 38,959 "
1051999 - PARDEE HOSPITAL,466,REVISION OF HIP OR KNEE REPLACEMENT W MCC," 61,752 "
1051999 - PARDEE HOSPITAL,467,REVISION OF HIP OR KNEE REPLACEMENT W CC," 96,532 "
1051999 - PARDEE HOSPITAL,468,REVISION OF HIP OR KNEE REPLACEMENT W-O CC-MCC," 84,174 "
1051999 - PARDEE HOSPITAL,469,MAJOR HIP AND KNEE JOINT REPLACEMENT OR REATTACHMENT OF LOWER EXTREMITY W MCC OR TOTAL ANKLE REPLACEMENT," 69,040 "
1051999 - PARDEE HOSPITAL,470,MAJOR HIP AND KNEE JOINT REPLACEMENT OR REATTACHMENT OF LOWER EXTREMITY W-O MCC," 45,782 "
1051999 - PARDEE HOSPITAL,471,CERVICAL SPINAL FUSION W MCC," 136,054 "
1051999 - PARDEE HOSPITAL,472,CERVICAL SPINAL FUSION W CC," 53,097 "
1051999 - PARDEE HOSPITAL,473,CERVICAL SPINAL FUSION W-O CC-MCC," 44,194 "
1051999 - PARDEE HOSPITAL,475,AMPUTATION FOR MUSCULOSKELETAL SYS AND CONN TISSUE DIS W CC," 59,903 "
1051999 - PARDEE HOSPITAL,477,BIOPSIES OF MUSCULOSKELETAL SYSTEM AND CONNECTIVE TISSUE W MCC," 38,275 "
1051999 - PARDEE HOSPITAL,478,BIOPSIES OF MUSCULOSKELETAL SYSTEM AND CONNECTIVE TISSUE W CC," 119,558 "
1051999 - PARDEE HOSPITAL,480,HIP AND FEMUR PROCEDURES EXCEPT MAJOR JOINT W MCC," 57,595 "
1051999 - PARDEE HOSPITAL,481,HIP AND FEMUR PROCEDURES EXCEPT MAJOR JOINT W CC," 41,203 "
1051999 - PARDEE HOSPITAL,482,HIP AND FEMUR PROCEDURES EXCEPT MAJOR JOINT W-O CC-MCC," 32,192 "
1051999 - PARDEE HOSPITAL,483,MAJOR JOINT-LIMB REATTACHMENT PROCEDURE OF UPPER EXTREMITIES," 62,756 "
1051999 - PARDEE HOSPITAL,485,KNEE PROCEDURES W PDX OF INFECTION W MCC," 47,559 "
1051999 - PARDEE HOSPITAL,486,KNEE PROCEDURES W PDX OF INFECTION W CC," 58,847 "
1051999 - PARDEE HOSPITAL,488,KNEE PROCEDURES W-O PDX OF INFECTION W CC-MCC," 31,596 "
1051999 - PARDEE HOSPITAL,489,KNEE PROCEDURES W-O PDX OF INFECTION W-O CC-MCC," 27,237 "
1051999 - PARDEE HOSPITAL,492,LOWER EXTREM AND HUMER PROC EXCEPT HIPFOOTFEMUR W MCC," 62,001 "
1051999 - PARDEE HOSPITAL,493,LOWER EXTREM AND HUMER PROC EXCEPT HIPFOOTFEMUR W CC," 44,307 "
1051999 - PARDEE HOSPITAL,494,LOWER EXTREM AND HUMER PROC EXCEPT HIPFOOTFEMUR W-O CC-MCC," 39,842 "
1051999 - PARDEE HOSPITAL,496,LOCAL EXCISION AND REMOVAL INT FIX DEVICES EXC HIP AND FEMUR W CC," 45,742 "
1051999 - PARDEE HOSPITAL,497,LOCAL EXCISION AND REMOVAL INT FIX DEVICES EXC HIP AND FEMUR W-O CC-MCC," 49,893 "
1051999 - PARDEE HOSPITAL,498,LOCAL EXCISION AND REMOVAL INT FIX DEVICES OF HIP AND FEMUR W CC-MCC," 39,148 "
1051999 - PARDEE HOSPITAL,500,SOFT TISSUE PROCEDURES W MCC," 61,425 "
1051999 - PARDEE HOSPITAL,501,SOFT TISSUE PROCEDURES W CC," 37,812 "
1051999 - PARDEE HOSPITAL,502,SOFT TISSUE PROCEDURES W-O CC-MCC," 15,063 "
1051999 - PARDEE HOSPITAL,509,ARTHROSCOPY," 22,501 "
1051999 - PARDEE HOSPITAL,510,SHOULDERELBOW OR FOREARM PROCEXC MAJOR JOINT PROC W MCC," 34,509 "
1051999 - PARDEE HOSPITAL,511,SHOULDERELBOW OR FOREARM PROCEXC MAJOR JOINT PROC W CC," 46,002 "
1051999 - PARDEE HOSPITAL,512,SHOULDERELBOW OR FOREARM PROCEXC MAJOR JOINT PROC W-O CC-MCC," 51,332 "
1051999 - PARDEE HOSPITAL,515,OTHER MUSCULOSKELET SYS AND CONN TISS O.R. PROC W MCC," 32,779 "
1051999 - PARDEE HOSPITAL,516,OTHER MUSCULOSKELET SYS AND CONN TISS O.R. PROC W CC," 39,730 "
1051999 - PARDEE HOSPITAL,517,OTHER MUSCULOSKELET SYS AND CONN TISS O.R. PROC W-O CC-MCC," 32,295 "
1051999 - PARDEE HOSPITAL,518,BACK AND NECK PROC EXC SPINAL FUSION W MCC OR DISC DEVICE-NEUROSTIM," 46,033 "
1051999 - PARDEE HOSPITAL,519,BACK AND NECK PROC EXC SPINAL FUSION W CC," 42,723 "
1051999 - PARDEE HOSPITAL,520,BACK AND NECK PROC EXC SPINAL FUSION W-O CC-MCC," 27,975 "
1051999 - PARDEE HOSPITAL,535,FRACTURES OF HIP AND PELVIS W MCC," 9,981 "
1051999 - PARDEE HOSPITAL,536,FRACTURES OF HIP AND PELVIS W-O MCC," 10,628 "
1051999 - PARDEE HOSPITAL,539,OSTEOMYELITIS W MCC," 5,501 "
1051999 - PARDEE HOSPITAL,542,PATHOLOGICAL FRACTURES AND MUSCULOSKELET AND CONN TISS MALIG W MCC," 16,786 "
1051999 - PARDEE HOSPITAL,543,PATHOLOGICAL FRACTURES AND MUSCULOSKELET AND CONN TISS MALIG W CC," 22,439 "
1051999 - PARDEE HOSPITAL,544,PATHOLOGICAL FRACTURES AND MUSCULOSKELET AND CONN TISS MALIG W-O CC-MCC," 9,568 "
1051999 - PARDEE HOSPITAL,545,CONNECTIVE TISSUE DISORDERS W MCC," 15,268 "
1051999 - PARDEE HOSPITAL,546,CONNECTIVE TISSUE DISORDERS W CC," 20,148 "
1051999 - PARDEE HOSPITAL,547,CONNECTIVE TISSUE DISORDERS W-O CC-MCC," 20,008 "
1051999 - PARDEE HOSPITAL,549,SEPTIC ARTHRITIS W CC," 22,702 "
1051999 - PARDEE HOSPITAL,551,MEDICAL BACK PROBLEMS W MCC," 22,516 "
1051999 - PARDEE HOSPITAL,552,MEDICAL BACK PROBLEMS W-O MCC," 16,187 "
1051999 - PARDEE HOSPITAL,554,BONE DISEASES AND ARTHROPATHIES W-O MCC," 7,160 "
1051999 - PARDEE HOSPITAL,556,SIGNS AND SYMPTOMS OF MUSCULOSKELETAL SYSTEM AND CONN TISSUE W-O MCC," 9,750 "
1051999 - PARDEE HOSPITAL,557,TENDONITIS MYOSITIS AND BURSITIS W MCC," 22,487 "
1051999 - PARDEE HOSPITAL,558,TENDONITIS MYOSITIS AND BURSITIS W-O MCC," 20,122 "
1051999 - PARDEE HOSPITAL,559,AFTERCARE MUSCULOSKELETAL SYSTEM AND CONNECTIVE TISSUE W MCC," 13,635 "
1051999 - PARDEE HOSPITAL,560,AFTERCARE MUSCULOSKELETAL SYSTEM AND CONNECTIVE TISSUE W CC," 8,930 "
1051999 - PARDEE HOSPITAL,562,FX SPRN STRN AND DISL EXCEPT FEMUR HIP PELVIS AND THIGH W MCC," 17,749 "
1051999 - PARDEE HOSPITAL,563,FX SPRN STRN AND DISL EXCEPT FEMUR HIP PELVIS AND THIGH W-O MCC," 13,305 "
1051999 - PARDEE HOSPITAL,564,OTHER MUSCULOSKELETAL SYS AND CONNECTIVE TISSUE DIAGNOSES W MCC," 19,009 "
1051999 - PARDEE HOSPITAL,565,OTHER MUSCULOSKELETAL SYS AND CONNECTIVE TISSUE DIAGNOSES W CC," 16,764 "
1051999 - PARDEE HOSPITAL,566,OTHER MUSCULOSKELETAL SYS AND CONNECTIVE TISSUE DIAGNOSES W-O CC-MCC," 18,580 "
1051999 - PARDEE HOSPITAL,571,SKIN DEBRIDEMENT W CC," 15,227 "
1051999 - PARDEE HOSPITAL,572,SKIN DEBRIDEMENT W-O CC-MCC," 18,492 "
1051999 - PARDEE HOSPITAL,574,SKIN GRAFT FOR SKIN ULCER OR CELLULITIS W CC," 56,852 "
1051999 - PARDEE HOSPITAL,579,OTHER SKIN SUBCUT TISS AND BREAST PROC W MCC," 45,434 "
1051999 - PARDEE HOSPITAL,580,OTHER SKIN SUBCUT TISS AND BREAST PROC W CC," 29,705 "
1051999 - PARDEE HOSPITAL,581,OTHER SKIN SUBCUT TISS AND BREAST PROC W-O CC-MCC," 26,775 "
1051999 - PARDEE HOSPITAL,592,SKIN ULCERS W MCC," 22,653 "
1051999 - PARDEE HOSPITAL,596,MAJOR SKIN DISORDERS W-O MCC," 14,106 "
1051999 - PARDEE HOSPITAL,601,NON-MALIGNANT BREAST DISORDERS W-O CC-MCC," 13,096 "
1051999 - PARDEE HOSPITAL,602,CELLULITIS W MCC," 19,951 "
1051999 - PARDEE HOSPITAL,603,CELLULITIS W-O MCC," 10,687 "
1051999 - PARDEE HOSPITAL,604,TRAUMA TO THE SKIN SUBCUT TISS AND BREAST W MCC," 8,843 "
1051999 - PARDEE HOSPITAL,605,TRAUMA TO THE SKIN SUBCUT TISS AND BREAST W-O MCC," 34,485 "
1051999 - PARDEE HOSPITAL,607,MINOR SKIN DISORDERS W-O MCC," 10,713 "
1051999 - PARDEE HOSPITAL,614,ADRENAL AND PITUITARY PROCEDURES W CC-MCC," 43,868 "
1051999 - PARDEE HOSPITAL,615,ADRENAL AND PITUITARY PROCEDURES W-O CC-MCC," 26,951 "
1051999 - PARDEE HOSPITAL,616,AMPUTAT OF LOWER LIMB FOR ENDOCRINENUTRITAND METABOL DIS W MCC," 41,985 "
1051999 - PARDEE HOSPITAL,617,AMPUTAT OF LOWER LIMB FOR ENDOCRINENUTRITAND METABOL DIS W CC," 25,300 "
1051999 - PARDEE HOSPITAL,619,O.R. PROCEDURES FOR OBESITY W MCC," 115,597 "
1051999 - PARDEE HOSPITAL,620,O.R. PROCEDURES FOR OBESITY W CC," 44,484 "
1051999 - PARDEE HOSPITAL,621,O.R. PROCEDURES FOR OBESITY W-O CC-MCC," 36,768 "
1051999 - PARDEE HOSPITAL,623,SKIN GRAFTS AND WOUND DEBRID FOR ENDOC NUTRIT AND METAB DIS W CC," 31,690 "
1051999 - PARDEE HOSPITAL,628,OTHER ENDOCRINE NUTRIT AND METAB O.R. PROC W MCC," 75,002 "
1051999 - PARDEE HOSPITAL,629,OTHER ENDOCRINE NUTRIT AND METAB O.R. PROC W CC," 25,885 "
1051999 - PARDEE HOSPITAL,637,DIABETES W MCC," 26,180 "
1051999 - PARDEE HOSPITAL,638,DIABETES W CC," 13,261 "
1051999 - PARDEE HOSPITAL,639,DIABETES W-O CC-MCC," 11,757 "
1051999 - PARDEE HOSPITAL,640,MISC DISORDERS OF NUTRITIONMETABOLISMFLUIDS-ELECTROLYTES W MCC," 14,706 "
1051999 - PARDEE HOSPITAL,641,MISC DISORDERS OF NUTRITIONMETABOLISMFLUIDS-ELECTROLYTES W-O MCC," 11,011 "
1051999 - PARDEE HOSPITAL,642,INBORN AND OTHER DISORDERS OF METABOLISM," 15,096 "
1051999 - PARDEE HOSPITAL,643,ENDOCRINE DISORDERS W MCC," 16,241 "
1051999 - PARDEE HOSPITAL,644,ENDOCRINE DISORDERS W CC," 14,988 "
1051999 - PARDEE HOSPITAL,645,ENDOCRINE DISORDERS W-O CC-MCC," 5,514 "
1051999 - PARDEE HOSPITAL,654,MAJOR BLADDER PROCEDURES W CC," 64,413 "
1051999 - PARDEE HOSPITAL,656,KIDNEY AND URETER PROCEDURES FOR NEOPLASM W MCC," 70,319 "
1051999 - PARDEE HOSPITAL,657,KIDNEY AND URETER PROCEDURES FOR NEOPLASM W CC," 42,796 "
1051999 - PARDEE HOSPITAL,658,KIDNEY AND URETER PROCEDURES FOR NEOPLASM W-O CC-MCC," 33,077 "
1051999 - PARDEE HOSPITAL,660,KIDNEY AND URETER PROCEDURES FOR NON-NEOPLASM W CC," 39,919 "
1051999 - PARDEE HOSPITAL,661,KIDNEY AND URETER PROCEDURES FOR NON-NEOPLASM W-O CC-MCC," 39,583 "
1051999 - PARDEE HOSPITAL,662,MINOR BLADDER PROCEDURES W MCC," 60,120 "
1051999 - PARDEE HOSPITAL,663,MINOR BLADDER PROCEDURES W CC," 36,391 "
1051999 - PARDEE HOSPITAL,664,MINOR BLADDER PROCEDURES W-O CC-MCC," 39,777 "
1051999 - PARDEE HOSPITAL,668,TRANSURETHRAL PROCEDURES W MCC," 25,619 "
1051999 - PARDEE HOSPITAL,669,TRANSURETHRAL PROCEDURES W CC," 30,484 "
1051999 - PARDEE HOSPITAL,670,TRANSURETHRAL PROCEDURES W-O CC-MCC," 24,980 "
1051999 - PARDEE HOSPITAL,674,OTHER KIDNEY AND URINARY TRACT PROCEDURES W CC," 20,686 "
1051999 - PARDEE HOSPITAL,682,RENAL FAILURE W MCC," 21,150 "
1051999 - PARDEE HOSPITAL,683,RENAL FAILURE W CC," 14,055 "
1051999 - PARDEE HOSPITAL,684,RENAL FAILURE W-O CC-MCC," 11,059 "
1051999 - PARDEE HOSPITAL,689,KIDNEY AND URINARY TRACT INFECTIONS W MCC," 15,709 "
1051999 - PARDEE HOSPITAL,690,KIDNEY AND URINARY TRACT INFECTIONS W-O MCC," 10,666 "
1051999 - PARDEE HOSPITAL,693,URINARY STONES W-O ESW LITHOTRIPSY W MCC," 31,461 "
1051999 - PARDEE HOSPITAL,694,URINARY STONES W-O ESW LITHOTRIPSY W-O MCC," 29,726 "
1051999 - PARDEE HOSPITAL,695,KIDNEY AND URINARY TRACT SIGNS AND SYMPTOMS W MCC," 18,551 "
1051999 - PARDEE HOSPITAL,698,OTHER KIDNEY AND URINARY TRACT DIAGNOSES W MCC," 19,430 "
1051999 - PARDEE HOSPITAL,699,OTHER KIDNEY AND URINARY TRACT DIAGNOSES W CC," 19,702 "
1051999 - PARDEE HOSPITAL,700,OTHER KIDNEY AND URINARY TRACT DIAGNOSES W-O CC-MCC," 9,465 "
1051999 - PARDEE HOSPITAL,707,MAJOR MALE PELVIC PROCEDURES W CC-MCC," 53,653 "
1051999 - PARDEE HOSPITAL,708,MAJOR MALE PELVIC PROCEDURES W-O CC-MCC," 30,097 "
1051999 - PARDEE HOSPITAL,712,TESTES PROCEDURES W-O CC-MCC," 24,410 "
1051999 - PARDEE HOSPITAL,713,TRANSURETHRAL PROSTATECTOMY W CC-MCC," 29,207 "
1051999 - PARDEE HOSPITAL,715,OTHER MALE REPRODUCTIVE SYSTEM O.R. PROC FOR MALIGNANCY W CC-MCC," 59,271 "
1051999 - PARDEE HOSPITAL,717,OTHER MALE REPRODUCTIVE SYSTEM O.R. PROC EXC MALIGNANCY W CC-MCC," 31,205 "
1051999 - PARDEE HOSPITAL,722,MALIGNANCY MALE REPRODUCTIVE SYSTEM W MCC," 38,103 "
1051999 - PARDEE HOSPITAL,723,MALIGNANCY MALE REPRODUCTIVE SYSTEM W CC," 28,932 "
1051999 - PARDEE HOSPITAL,726,BENIGN PROSTATIC HYPERTROPHY W-O MCC," 11,863 "
1051999 - PARDEE HOSPITAL,728,INFLAMMATION OF THE MALE REPRODUCTIVE SYSTEM W-O MCC," 28,261 "
1051999 - PARDEE HOSPITAL,737,UTERINE AND ADNEXA PROC FOR OVARIAN OR ADNEXAL MALIGNANCY W CC," 77,216 "
1051999 - PARDEE HOSPITAL,742,UTERINE AND ADNEXA PROC FOR NON-MALIGNANCY W CC-MCC," 41,514 "
1051999 - PARDEE HOSPITAL,743,UTERINE AND ADNEXA PROC FOR NON-MALIGNANCY W-O CC-MCC," 33,333 "
1051999 - PARDEE HOSPITAL,746,VAGINA CERVIX AND VULVA PROCEDURES W CC-MCC," 48,286 "
1051999 - PARDEE HOSPITAL,748,FEMALE REPRODUCTIVE SYSTEM RECONSTRUCTIVE PROCEDURES," 25,208 "
1051999 - PARDEE HOSPITAL,749,OTHER FEMALE REPRODUCTIVE SYSTEM O.R. PROCEDURES W CC-MCC," 69,239 "
1051999 - PARDEE HOSPITAL,754,MALIGNANCY FEMALE REPRODUCTIVE SYSTEM W MCC," 55,111 "
1051999 - PARDEE HOSPITAL,755,MALIGNANCY FEMALE REPRODUCTIVE SYSTEM W CC," 4,864 "
1051999 - PARDEE HOSPITAL,758,INFECTIONS FEMALE REPRODUCTIVE SYSTEM W CC," 35,663 "
1051999 - PARDEE HOSPITAL,759,INFECTIONS FEMALE REPRODUCTIVE SYSTEM W-O CC-MCC," 15,111 "
1051999 - PARDEE HOSPITAL,765,CESAREAN SECTION W CC-MCC," 23,660 "
1051999 - PARDEE HOSPITAL,766,CESAREAN SECTION W-O CC-MCC," 20,520 "
1051999 - PARDEE HOSPITAL,767,VAGINAL DELIVERY W STERILIZATION AND-OR DANDC," 17,644 "
1051999 - PARDEE HOSPITAL,768,VAGINAL DELIVERY W O.R. PROC EXCEPT STERIL AND-OR DANDC," 16,435 "
1051999 - PARDEE HOSPITAL,769,POSTPARTUM AND POST ABORTION DIAGNOSES W O.R. PROCEDURE," 14,621 "
1051999 - PARDEE HOSPITAL,774,VAGINAL DELIVERY W COMPLICATING DIAGNOSES," 7,766 "
1051999 - PARDEE HOSPITAL,775,VAGINAL DELIVERY W-O COMPLICATING DIAGNOSES," 7,035 "
1051999 - PARDEE HOSPITAL,776,POSTPARTUM AND POST ABORTION DIAGNOSES W-O O.R. PROCEDURE," 13,654 "
1051999 - PARDEE HOSPITAL,781,OTHER ANTEPARTUM DIAGNOSES W MEDICAL COMPLICATIONS," 7,313 "
1051999 - PARDEE HOSPITAL,789,NEONATES DIED OR TRANSFERRED TO ANOTHER ACUTE CARE FACILITY," 3,508 "
1051999 - PARDEE HOSPITAL,791,PREMATURITY W MAJOR PROBLEMS," 5,570 "
1051999 - PARDEE HOSPITAL,792,PREMATURITY W-O MAJOR PROBLEMS," 2,809 "
1051999 - PARDEE HOSPITAL,793,FULL TERM NEONATE W MAJOR PROBLEMS," 3,800 "
1051999 - PARDEE HOSPITAL,794,NEONATE W OTHER SIGNIFICANT PROBLEMS," 2,675 "
1051999 - PARDEE HOSPITAL,795,NORMAL NEWBORN," 1,993 "
1051999 - PARDEE HOSPITAL,802,OTHER O.R. PROC OF THE BLOOD AND BLOOD FORMING ORGANS W MCC," 32,498 "
1051999 - PARDEE HOSPITAL,808,MAJOR HEMATOL-IMMUN DIAG EXC SICKLE CELL CRISIS AND COAGUL W MCC," 206,861 "
1051999 - PARDEE HOSPITAL,809,MAJOR HEMATOL-IMMUN DIAG EXC SICKLE CELL CRISIS AND COAGUL W CC," 23,833 "
1051999 - PARDEE HOSPITAL,811,RED BLOOD CELL DISORDERS W MCC," 15,689 "
1051999 - PARDEE HOSPITAL,812,RED BLOOD CELL DISORDERS W-O MCC," 17,687 "
1051999 - PARDEE HOSPITAL,813,COAGULATION DISORDERS," 31,221 "
1051999 - PARDEE HOSPITAL,823,LYMPHOMA AND NON-ACUTE LEUKEMIA W OTHER PROC W MCC," 30,241 "
1051999 - PARDEE HOSPITAL,824,LYMPHOMA AND NON-ACUTE LEUKEMIA W OTHER PROC W CC," 37,097 "
1051999 - PARDEE HOSPITAL,825,LYMPHOMA AND NON-ACUTE LEUKEMIA W OTHER PROC W-O CC-MCC," 21,350 "
1051999 - PARDEE HOSPITAL,834,ACUTE LEUKEMIA W-O MAJOR O.R. PROCEDURE W MCC," 18,766 "
1051999 - PARDEE HOSPITAL,835,ACUTE LEUKEMIA W-O MAJOR O.R. PROCEDURE W CC," 38,393 "
1051999 - PARDEE HOSPITAL,840,LYMPHOMA AND NON-ACUTE LEUKEMIA W MCC," 61,151 "
1051999 - PARDEE HOSPITAL,841,LYMPHOMA AND NON-ACUTE LEUKEMIA W CC," 26,515 "
1051999 - PARDEE HOSPITAL,846,CHEMOTHERAPY W-O ACUTE LEUKEMIA AS SECONDARY DIAGNOSIS W MCC," 34,221 "
1051999 - PARDEE HOSPITAL,853,INFECTIOUS AND PARASITIC DISEASES W O.R. PROCEDURE W MCC," 80,460 "
1051999 - PARDEE HOSPITAL,854,INFECTIOUS AND PARASITIC DISEASES W O.R. PROCEDURE W CC," 45,900 "
1051999 - PARDEE HOSPITAL,855,INFECTIOUS AND PARASITIC DISEASES W O.R. PROCEDURE W-O CC-MCC," 24,814 "
1051999 - PARDEE HOSPITAL,856,POSTOPERATIVE OR POST-TRAUMATIC INFECTIONS W O.R. PROC W MCC," 65,424 "
1051999 - PARDEE HOSPITAL,857,POSTOPERATIVE OR POST-TRAUMATIC INFECTIONS W O.R. PROC W CC," 32,824 "
1051999 - PARDEE HOSPITAL,862,POSTOPERATIVE AND POST-TRAUMATIC INFECTIONS W MCC," 23,882 "
1051999 - PARDEE HOSPITAL,863,POSTOPERATIVE AND POST-TRAUMATIC INFECTIONS W-O MCC," 13,141 "
1051999 - PARDEE HOSPITAL,864,FEVER," 16,424 "
1051999 - PARDEE HOSPITAL,865,VIRAL ILLNESS W MCC," 15,553 "
1051999 - PARDEE HOSPITAL,866,VIRAL ILLNESS W-O MCC," 11,112 "
1051999 - PARDEE HOSPITAL,868,OTHER INFECTIOUS AND PARASITIC DISEASES DIAGNOSES W CC," 11,277 "
1051999 - PARDEE HOSPITAL,870,SEPTICEMIA OR SEVERE SEPSIS W MV GREATER THAN 96 HOURS," 108,787 "
1051999 - PARDEE HOSPITAL,871,SEPTICEMIA OR SEVERE SEPSIS W-O MV GREATER THAN 96 HOURS W MCC," 24,834 "
1051999 - PARDEE HOSPITAL,872,SEPTICEMIA OR SEVERE SEPSIS W-O MV GREATER THAN 96 HOURS W-O MCC," 15,418 "
1051999 - PARDEE HOSPITAL,876,O.R. PROCEDURE W PRINCIPAL DIAGNOSES OF MENTAL ILLNESS," 24,539 "
1051999 - PARDEE HOSPITAL,880,ACUTE ADJUSTMENT REACTION AND PSYCHOSOCIAL DYSFUNCTION," 9,921 "
1051999 - PARDEE HOSPITAL,881,DEPRESSIVE NEUROSES," 6,024 "
1051999 - PARDEE HOSPITAL,882,NEUROSES EXCEPT DEPRESSIVE," 8,786 "
1051999 - PARDEE HOSPITAL,883,DISORDERS OF PERSONALITY AND IMPULSE CONTROL," 7,267 "
1051999 - PARDEE HOSPITAL,884,ORGANIC DISTURBANCES AND INTELLECTUAL DISABILITY," 12,183 "
1051999 - PARDEE HOSPITAL,885,PSYCHOSES," 12,611 "
1051999 - PARDEE HOSPITAL,894,ALCOHOL-DRUG ABUSE OR DEPENDENCE LEFT AMA," 7,061 "
1051999 - PARDEE HOSPITAL,896,ALCOHOL-DRUG ABUSE OR DEPENDENCE W-O REHABILITATION THERAPY W MCC," 39,231 "
1051999 - PARDEE HOSPITAL,897,ALCOHOL-DRUG ABUSE OR DEPENDENCE W-O REHABILITATION THERAPY W-O MCC," 9,621 "
1051999 - PARDEE HOSPITAL,901,WOUND DEBRIDEMENTS FOR INJURIES W MCC," 64,890 "
1051999 - PARDEE HOSPITAL,902,WOUND DEBRIDEMENTS FOR INJURIES W CC," 23,951 "
1051999 - PARDEE HOSPITAL,903,WOUND DEBRIDEMENTS FOR INJURIES W-O CC-MCC," 26,401 "
1051999 - PARDEE HOSPITAL,907,OTHER O.R. PROCEDURES FOR INJURIES W MCC," 64,326 "
1051999 - PARDEE HOSPITAL,908,OTHER O.R. PROCEDURES FOR INJURIES W CC," 40,539 "
1051999 - PARDEE HOSPITAL,909,OTHER O.R. PROCEDURES FOR INJURIES W-O CC-MCC," 39,183 "
1051999 - PARDEE HOSPITAL,914,TRAUMATIC INJURY W-O MCC," 9,022 "
1051999 - PARDEE HOSPITAL,915,ALLERGIC REACTIONS W MCC," 31,558 "
1051999 - PARDEE HOSPITAL,916,ALLERGIC REACTIONS W-O MCC," 21,220 "
1051999 - PARDEE HOSPITAL,917,POISONING AND TOXIC EFFECTS OF DRUGS W MCC," 24,479 "
1051999 - PARDEE HOSPITAL,918,POISONING AND TOXIC EFFECTS OF DRUGS W-O MCC," 21,211 "
1051999 - PARDEE HOSPITAL,919,COMPLICATIONS OF TREATMENT W MCC," 29,976 "
1051999 - PARDEE HOSPITAL,920,COMPLICATIONS OF TREATMENT W CC," 16,645 "
1051999 - PARDEE HOSPITAL,922,OTHER INJURY POISONING AND TOXIC EFFECT DIAG W MCC," 21,984 "
1051999 - PARDEE HOSPITAL,923,OTHER INJURY POISONING AND TOXIC EFFECT DIAG W-O MCC," 13,578 "
1051999 - PARDEE HOSPITAL,939,O.R. PROC W DIAGNOSES OF OTHER CONTACT W HEALTH SERVICES W MCC," 55,073 "
1051999 - PARDEE HOSPITAL,947,SIGNS AND SYMPTOMS W MCC," 36,372 "
1051999 - PARDEE HOSPITAL,948,SIGNS AND SYMPTOMS W-O MCC," 13,667 "
1051999 - PARDEE HOSPITAL,951,OTHER FACTORS INFLUENCING HEALTH STATUS," 3,482 "
1051999 - PARDEE HOSPITAL,956,LIMB REATTACHMENT HIP AND FEMUR PROC FOR MULTIPLE SIGNIFICANT TRAUMA," 42,504 "
1051999 - PARDEE HOSPITAL,964,OTHER MULTIPLE SIGNIFICANT TRAUMA W CC," 12,567 "
1051999 - PARDEE HOSPITAL,981,EXTENSIVE O.R. PROCEDURE UNRELATED TO PRINCIPAL DIAGNOSIS W MCC," 65,055 "
1051999 - PARDEE HOSPITAL,982,EXTENSIVE O.R. PROCEDURE UNRELATED TO PRINCIPAL DIAGNOSIS W CC," 49,336 "
1051999 - PARDEE HOSPITAL,987,NON-EXTENSIVE O.R. PROC UNRELATED TO PRINCIPAL DIAGNOSIS W MCC," 71,408 "
1051999 - PARDEE HOSPITAL,988,NON-EXTENSIVE O.R. PROC UNRELATED TO PRINCIPAL DIAGNOSIS W CC," 22,834 "
1051999 - PARDEE HOSPITAL,989,NON-EXTENSIVE O.R. PROC UNRELATED TO PRINCIPAL DIAGNOSIS W-O CC-MCC," 22,271 "
