Rex,,,
10/1/2017 to 9/30/2018 Average Charge by DRG,,,
Source: Strata,,,
By: M Hoffman 12-21-2018,,,
,,,
Location,MS DRG - Code,MS DRG - Description, Average Charge 
1060999 - REX HOSPITAL,001,HEART TRANSPLANT OR IMPLANT OF HEART ASSIST SYSTEM W MCC," 381,551 "
1060999 - REX HOSPITAL,003,ECMO OR TRACH W MV GREATER THAN 96 HRS OR PDX EXC FACE MOUTH AND NECK W MAJ O.R.," 247,392 "
1060999 - REX HOSPITAL,004,TRACH W MV GREATER THAN 96 HRS OR PDX EXC FACE MOUTH AND NECK W-O MAJ O.R.," 184,247 "
1060999 - REX HOSPITAL,011,TRACHEOSTOMY FOR FACEMOUTH AND NECK DIAGNOSES W MCC," 64,124 "
1060999 - REX HOSPITAL,020,INTRACRANIAL VASCULAR PROCEDURES W PDX HEMORRHAGE W MCC," 183,624 "
1060999 - REX HOSPITAL,021,INTRACRANIAL VASCULAR PROCEDURES W PDX HEMORRHAGE W CC," 193,289 "
1060999 - REX HOSPITAL,023,CRANIOTOMY W MAJOR DEVICE IMPLANT OR ACUTE CNS PDX W MCC OR CHEMOTHERAPY IMPLANT OR EPILEPSY W NEUROSTIMULATOR," 103,922 "
1060999 - REX HOSPITAL,024,CRANIO W MAJOR DEV IMPL-ACUTE COMPLEX CNS PDX W-O MCC," 93,335 "
1060999 - REX HOSPITAL,025,CRANIOTOMY AND ENDOVASCULAR INTRACRANIAL PROCEDURES W MCC," 68,522 "
1060999 - REX HOSPITAL,026,CRANIOTOMY AND ENDOVASCULAR INTRACRANIAL PROCEDURES W CC," 48,880 "
1060999 - REX HOSPITAL,027,CRANIOTOMY AND ENDOVASCULAR INTRACRANIAL PROCEDURES W-O CC-MCC," 50,319 "
1060999 - REX HOSPITAL,028,SPINAL PROCEDURES W MCC," 102,404 "
1060999 - REX HOSPITAL,029,SPINAL PROCEDURES W CC OR SPINAL NEUROSTIMULATORS," 72,051 "
1060999 - REX HOSPITAL,030,SPINAL PROCEDURES W-O CC-MCC," 46,437 "
1060999 - REX HOSPITAL,034,CAROTID ARTERY STENT PROCEDURE W MCC," 36,753 "
1060999 - REX HOSPITAL,035,CAROTID ARTERY STENT PROCEDURE W CC," 35,319 "
1060999 - REX HOSPITAL,036,CAROTID ARTERY STENT PROCEDURE W-O CC-MCC," 32,293 "
1060999 - REX HOSPITAL,037,EXTRACRANIAL PROCEDURES W MCC," 64,960 "
1060999 - REX HOSPITAL,038,EXTRACRANIAL PROCEDURES W CC," 33,588 "
1060999 - REX HOSPITAL,039,EXTRACRANIAL PROCEDURES W-O CC-MCC," 26,291 "
1060999 - REX HOSPITAL,040,PERIPH-CRANIAL NERVE AND OTHER NERV SYST PROC W MCC," 55,532 "
1060999 - REX HOSPITAL,041,PERIPH-CRANIAL NERVE AND OTHER NERV SYST PROC W CC OR PERIPH NEUROSTIM," 28,775 "
1060999 - REX HOSPITAL,042,PERIPH-CRANIAL NERVE AND OTHER NERV SYST PROC W-O CC-MCC," 31,864 "
1060999 - REX HOSPITAL,052,SPINAL DISORDERS AND INJURIES W CC-MCC," 30,828 "
1060999 - REX HOSPITAL,054,NERVOUS SYSTEM NEOPLASMS W MCC," 23,328 "
1060999 - REX HOSPITAL,055,NERVOUS SYSTEM NEOPLASMS W-O MCC," 16,347 "
1060999 - REX HOSPITAL,056,DEGENERATIVE NERVOUS SYSTEM DISORDERS W MCC," 36,886 "
1060999 - REX HOSPITAL,057,DEGENERATIVE NERVOUS SYSTEM DISORDERS W-O MCC," 26,289 "
1060999 - REX HOSPITAL,058,MULTIPLE SCLEROSIS AND CEREBELLAR ATAXIA W MCC," 18,136 "
1060999 - REX HOSPITAL,059,MULTIPLE SCLEROSIS AND CEREBELLAR ATAXIA W CC," 19,465 "
1060999 - REX HOSPITAL,060,MULTIPLE SCLEROSIS AND CEREBELLAR ATAXIA W-O CC-MCC," 13,823 "
1060999 - REX HOSPITAL,061,ISCHEMIC STROKE PRECEREBRAL OCCLUSION OR TRANSIENT ISCHEMIA W THROMBOLYTIC AGENT W MCC," 71,491 "
1060999 - REX HOSPITAL,062,ISCHEMIC STROKE PRECEREBRAL OCCLUSION OR TRANSIENT ISCHEMIA W THROMBOLYTIC AGENT W CC," 57,808 "
1060999 - REX HOSPITAL,063,ISCHEMIC STROKE PRECEREBRAL OCCLUSION OR TRANSIENT ISCHEMIA W THROMBOLYTIC AGENT W-O CC-MCC," 64,181 "
1060999 - REX HOSPITAL,064,INTRACRANIAL HEMORRHAGE OR CEREBRAL INFARCTION W MCC," 32,564 "
1060999 - REX HOSPITAL,065,INTRACRANIAL HEMORRHAGE OR CEREBRAL INFARCTION W CC OR TPA IN 24 HRS," 21,204 "
1060999 - REX HOSPITAL,066,INTRACRANIAL HEMORRHAGE OR CEREBRAL INFARCTION W-O CC-MCC," 16,756 "
1060999 - REX HOSPITAL,067,NONSPECIFIC CVA AND PRECEREBRAL OCCLUSION W-O INFARCT W MCC," 53,882 "
1060999 - REX HOSPITAL,068,NONSPECIFIC CVA AND PRECEREBRAL OCCLUSION W-O INFARCT W-O MCC," 11,430 "
1060999 - REX HOSPITAL,069,TRANSIENT ISCHEMIA W-O THROMBOLYTIC," 16,647 "
1060999 - REX HOSPITAL,070,NONSPECIFIC CEREBROVASCULAR DISORDERS W MCC," 22,299 "
1060999 - REX HOSPITAL,071,NONSPECIFIC CEREBROVASCULAR DISORDERS W CC," 15,686 "
1060999 - REX HOSPITAL,072,NONSPECIFIC CEREBROVASCULAR DISORDERS W-O CC-MCC," 13,385 "
1060999 - REX HOSPITAL,073,CRANIAL AND PERIPHERAL NERVE DISORDERS W MCC," 20,184 "
1060999 - REX HOSPITAL,074,CRANIAL AND PERIPHERAL NERVE DISORDERS W-O MCC," 17,753 "
1060999 - REX HOSPITAL,075,VIRAL MENINGITIS W CC-MCC," 33,031 "
1060999 - REX HOSPITAL,076,VIRAL MENINGITIS W-O CC-MCC," 17,865 "
1060999 - REX HOSPITAL,077,HYPERTENSIVE ENCEPHALOPATHY W MCC," 77,430 "
1060999 - REX HOSPITAL,078,HYPERTENSIVE ENCEPHALOPATHY W CC," 16,995 "
1060999 - REX HOSPITAL,079,HYPERTENSIVE ENCEPHALOPATHY W-O CC-MCC," 18,302 "
1060999 - REX HOSPITAL,080,NONTRAUMATIC STUPOR AND COMA W MCC," 15,117 "
1060999 - REX HOSPITAL,082,TRAUMATIC STUPOR AND COMA COMA GREATER THAN 1 HR W MCC," 14,889 "
1060999 - REX HOSPITAL,083,TRAUMATIC STUPOR AND COMA COMA GREATER THAN 1 HR W CC," 14,998 "
1060999 - REX HOSPITAL,084,TRAUMATIC STUPOR AND COMA COMA GREATER THAN 1 HR W-O CC-MCC," 19,022 "
1060999 - REX HOSPITAL,085,TRAUMATIC STUPOR AND COMA COMA LESS THAN 1 HR W MCC," 29,656 "
1060999 - REX HOSPITAL,086,TRAUMATIC STUPOR AND COMA COMA LESS THAN 1 HR W CC," 19,492 "
1060999 - REX HOSPITAL,087,TRAUMATIC STUPOR AND COMA COMA LESS THAN 1 HR W-O CC-MCC," 14,386 "
1060999 - REX HOSPITAL,089,CONCUSSION W CC," 9,089 "
1060999 - REX HOSPITAL,091,OTHER DISORDERS OF NERVOUS SYSTEM W MCC," 24,626 "
1060999 - REX HOSPITAL,092,OTHER DISORDERS OF NERVOUS SYSTEM W CC," 18,821 "
1060999 - REX HOSPITAL,093,OTHER DISORDERS OF NERVOUS SYSTEM W-O CC-MCC," 14,914 "
1060999 - REX HOSPITAL,094,BACTERIAL AND TUBERCULOUS INFECTIONS OF NERVOUS SYSTEM W MCC," 91,867 "
1060999 - REX HOSPITAL,095,BACTERIAL AND TUBERCULOUS INFECTIONS OF NERVOUS SYSTEM W CC," 46,776 "
1060999 - REX HOSPITAL,096,BACTERIAL AND TUBERCULOUS INFECTIONS OF NERVOUS SYSTEM W-O CC-MCC," 85,344 "
1060999 - REX HOSPITAL,097,NON-BACTERIAL INFECT OF NERVOUS SYS EXC VIRAL MENINGITIS W MCC," 69,538 "
1060999 - REX HOSPITAL,098,NON-BACTERIAL INFECT OF NERVOUS SYS EXC VIRAL MENINGITIS W CC," 42,568 "
1060999 - REX HOSPITAL,099,NON-BACTERIAL INFECT OF NERVOUS SYS EXC VIRAL MENINGITIS W-O CC-MCC," 18,117 "
1060999 - REX HOSPITAL,100,SEIZURES W MCC," 30,012 "
1060999 - REX HOSPITAL,101,SEIZURES W-O MCC," 13,094 "
1060999 - REX HOSPITAL,102,HEADACHES W MCC," 50,936 "
1060999 - REX HOSPITAL,103,HEADACHES W-O MCC," 18,413 "
1060999 - REX HOSPITAL,115,EXTRAOCULAR PROCEDURES EXCEPT ORBIT," 35,196 "
1060999 - REX HOSPITAL,121,ACUTE MAJOR EYE INFECTIONS W CC-MCC," 6,760 "
1060999 - REX HOSPITAL,123,NEUROLOGICAL EYE DISORDERS," 23,896 "
1060999 - REX HOSPITAL,124,OTHER DISORDERS OF THE EYE W MCC," 38,330 "
1060999 - REX HOSPITAL,125,OTHER DISORDERS OF THE EYE W-O MCC," 15,683 "
1060999 - REX HOSPITAL,133,OTHER EAR NOSE MOUTH AND THROAT O.R. PROCEDURES W CC-MCC," 21,376 "
1060999 - REX HOSPITAL,134,OTHER EAR NOSE MOUTH AND THROAT O.R. PROCEDURES W-O CC-MCC," 16,727 "
1060999 - REX HOSPITAL,135,SINUS AND MASTOID PROCEDURES W CC-MCC," 18,483 "
1060999 - REX HOSPITAL,137,MOUTH PROCEDURES W CC-MCC," 19,887 "
1060999 - REX HOSPITAL,138,MOUTH PROCEDURES W-O CC-MCC," 34,039 "
1060999 - REX HOSPITAL,146,EAR NOSE MOUTH AND THROAT MALIGNANCY W MCC," 15,953 "
1060999 - REX HOSPITAL,147,EAR NOSE MOUTH AND THROAT MALIGNANCY W CC," 58,844 "
1060999 - REX HOSPITAL,149,DYSEQUILIBRIUM," 13,309 "
1060999 - REX HOSPITAL,150,EPISTAXIS W MCC," 35,353 "
1060999 - REX HOSPITAL,152,OTITIS MEDIA AND URI W MCC," 22,510 "
1060999 - REX HOSPITAL,153,OTITIS MEDIA AND URI W-O MCC," 12,970 "
1060999 - REX HOSPITAL,154,OTHER EAR NOSE MOUTH AND THROAT DIAGNOSES W MCC," 13,030 "
1060999 - REX HOSPITAL,155,OTHER EAR NOSE MOUTH AND THROAT DIAGNOSES W CC," 8,658 "
1060999 - REX HOSPITAL,156,OTHER EAR NOSE MOUTH AND THROAT DIAGNOSES W-O CC-MCC," 11,995 "
1060999 - REX HOSPITAL,157,DENTAL AND ORAL DISEASES W MCC," 43,795 "
1060999 - REX HOSPITAL,158,DENTAL AND ORAL DISEASES W CC," 14,896 "
1060999 - REX HOSPITAL,159,DENTAL AND ORAL DISEASES W-O CC-MCC," 7,601 "
1060999 - REX HOSPITAL,163,MAJOR CHEST PROCEDURES W MCC," 83,913 "
1060999 - REX HOSPITAL,164,MAJOR CHEST PROCEDURES W CC," 53,009 "
1060999 - REX HOSPITAL,165,MAJOR CHEST PROCEDURES W-O CC-MCC," 47,544 "
1060999 - REX HOSPITAL,166,OTHER RESP SYSTEM O.R. PROCEDURES W MCC," 56,027 "
1060999 - REX HOSPITAL,167,OTHER RESP SYSTEM O.R. PROCEDURES W CC," 33,571 "
1060999 - REX HOSPITAL,168,OTHER RESP SYSTEM O.R. PROCEDURES W-O CC-MCC," 40,515 "
1060999 - REX HOSPITAL,175,PULMONARY EMBOLISM W MCC," 26,087 "
1060999 - REX HOSPITAL,176,PULMONARY EMBOLISM W-O MCC," 14,805 "
1060999 - REX HOSPITAL,177,RESPIRATORY INFECTIONS AND INFLAMMATIONS W MCC," 28,450 "
1060999 - REX HOSPITAL,178,RESPIRATORY INFECTIONS AND INFLAMMATIONS W CC," 19,283 "
1060999 - REX HOSPITAL,179,RESPIRATORY INFECTIONS AND INFLAMMATIONS W-O CC-MCC," 12,308 "
1060999 - REX HOSPITAL,180,RESPIRATORY NEOPLASMS W MCC," 37,986 "
1060999 - REX HOSPITAL,181,RESPIRATORY NEOPLASMS W CC," 25,643 "
1060999 - REX HOSPITAL,182,RESPIRATORY NEOPLASMS W-O CC-MCC," 9,084 "
1060999 - REX HOSPITAL,183,MAJOR CHEST TRAUMA W MCC," 19,321 "
1060999 - REX HOSPITAL,184,MAJOR CHEST TRAUMA W CC," 13,886 "
1060999 - REX HOSPITAL,185,MAJOR CHEST TRAUMA W-O CC-MCC," 13,611 "
1060999 - REX HOSPITAL,186,PLEURAL EFFUSION W MCC," 25,569 "
1060999 - REX HOSPITAL,187,PLEURAL EFFUSION W CC," 19,553 "
1060999 - REX HOSPITAL,188,PLEURAL EFFUSION W-O CC-MCC," 12,676 "
1060999 - REX HOSPITAL,189,PULMONARY EDEMA AND RESPIRATORY FAILURE," 27,567 "
1060999 - REX HOSPITAL,190,CHRONIC OBSTRUCTIVE PULMONARY DISEASE W MCC," 20,698 "
1060999 - REX HOSPITAL,191,CHRONIC OBSTRUCTIVE PULMONARY DISEASE W CC," 15,081 "
1060999 - REX HOSPITAL,192,CHRONIC OBSTRUCTIVE PULMONARY DISEASE W-O CC-MCC," 12,859 "
1060999 - REX HOSPITAL,193,SIMPLE PNEUMONIA AND PLEURISY W MCC," 21,797 "
1060999 - REX HOSPITAL,194,SIMPLE PNEUMONIA AND PLEURISY W CC," 13,704 "
1060999 - REX HOSPITAL,195,SIMPLE PNEUMONIA AND PLEURISY W-O CC-MCC," 11,215 "
1060999 - REX HOSPITAL,196,INTERSTITIAL LUNG DISEASE W MCC," 34,831 "
1060999 - REX HOSPITAL,197,INTERSTITIAL LUNG DISEASE W CC," 25,382 "
1060999 - REX HOSPITAL,199,PNEUMOTHORAX W MCC," 36,184 "
1060999 - REX HOSPITAL,200,PNEUMOTHORAX W CC," 16,187 "
1060999 - REX HOSPITAL,201,PNEUMOTHORAX W-O CC-MCC," 14,703 "
1060999 - REX HOSPITAL,202,BRONCHITIS AND ASTHMA W CC-MCC," 15,093 "
1060999 - REX HOSPITAL,203,BRONCHITIS AND ASTHMA W-O CC-MCC," 11,074 "
1060999 - REX HOSPITAL,204,RESPIRATORY SIGNS AND SYMPTOMS," 10,803 "
1060999 - REX HOSPITAL,205,OTHER RESPIRATORY SYSTEM DIAGNOSES W MCC," 22,047 "
1060999 - REX HOSPITAL,206,OTHER RESPIRATORY SYSTEM DIAGNOSES W-O MCC," 13,113 "
1060999 - REX HOSPITAL,207,RESPIRATORY SYSTEM DIAGNOSIS W VENTILATOR SUPPORT GREATER THAN 96 HOURS," 113,619 "
1060999 - REX HOSPITAL,208,RESPIRATORY SYSTEM DIAGNOSIS W VENTILATOR SUPPORT LESS THAN =96 HOURS," 47,898 "
1060999 - REX HOSPITAL,215,OTHER HEART ASSIST SYSTEM IMPLANT," 178,534 "
1060999 - REX HOSPITAL,216,CARDIAC VALVE AND OTH MAJ CARDIOTHORACIC PROC W CARD CATH W MCC," 177,879 "
1060999 - REX HOSPITAL,217,CARDIAC VALVE AND OTH MAJ CARDIOTHORACIC PROC W CARD CATH W CC," 171,758 "
1060999 - REX HOSPITAL,219,CARDIAC VALVE AND OTH MAJ CARDIOTHORACIC PROC W-O CARD CATH W MCC," 153,551 "
1060999 - REX HOSPITAL,220,CARDIAC VALVE AND OTH MAJ CARDIOTHORACIC PROC W-O CARD CATH W CC," 110,744 "
1060999 - REX HOSPITAL,221,CARDIAC VALVE AND OTH MAJ CARDIOTHORACIC PROC W-O CARD CATH W-O CC-MCC," 104,656 "
1060999 - REX HOSPITAL,222,CARDIAC DEFIB IMPLANT W CARDIAC CATH W AMI-HF-SHOCK W MCC," 205,193 "
1060999 - REX HOSPITAL,223,CARDIAC DEFIB IMPLANT W CARDIAC CATH W AMI-HF-SHOCK W-O MCC," 146,049 "
1060999 - REX HOSPITAL,224,CARDIAC DEFIB IMPLANT W CARDIAC CATH W-O AMI-HF-SHOCK W MCC," 183,109 "
1060999 - REX HOSPITAL,225,CARDIAC DEFIB IMPLANT W CARDIAC CATH W-O AMI-HF-SHOCK W-O MCC," 163,726 "
1060999 - REX HOSPITAL,226,CARDIAC DEFIBRILLATOR IMPLANT W-O CARDIAC CATH W MCC," 171,586 "
1060999 - REX HOSPITAL,227,CARDIAC DEFIBRILLATOR IMPLANT W-O CARDIAC CATH W-O MCC," 144,890 "
1060999 - REX HOSPITAL,228,OTHER CARDIOTHORACIC PROCEDURES W MCC," 147,015 "
1060999 - REX HOSPITAL,229,OTHER CARDIOTHORACIC PROCEDURES W-O MCC," 103,986 "
1060999 - REX HOSPITAL,231,CORONARY BYPASS W PTCA W MCC," 184,368 "
1060999 - REX HOSPITAL,232,CORONARY BYPASS W PTCA W-O MCC," 156,492 "
1060999 - REX HOSPITAL,233,CORONARY BYPASS W CARDIAC CATH W MCC," 137,807 "
1060999 - REX HOSPITAL,234,CORONARY BYPASS W CARDIAC CATH W-O MCC," 99,592 "
1060999 - REX HOSPITAL,235,CORONARY BYPASS W-O CARDIAC CATH W MCC," 102,896 "
1060999 - REX HOSPITAL,236,CORONARY BYPASS W-O CARDIAC CATH W-O MCC," 80,508 "
1060999 - REX HOSPITAL,239,AMPUTATION FOR CIRC SYS DISORDERS EXC UPPER LIMB AND TOE W MCC," 66,608 "
1060999 - REX HOSPITAL,240,AMPUTATION FOR CIRC SYS DISORDERS EXC UPPER LIMB AND TOE W CC," 49,371 "
1060999 - REX HOSPITAL,241,AMPUTATION FOR CIRC SYS DISORDERS EXC UPPER LIMB AND TOE W-O CC-MCC," 21,610 "
1060999 - REX HOSPITAL,242,PERMANENT CARDIAC PACEMAKER IMPLANT W MCC," 93,069 "
1060999 - REX HOSPITAL,243,PERMANENT CARDIAC PACEMAKER IMPLANT W CC," 72,963 "
1060999 - REX HOSPITAL,244,PERMANENT CARDIAC PACEMAKER IMPLANT W-O CC-MCC," 58,927 "
1060999 - REX HOSPITAL,245,AICD GENERATOR PROCEDURES," 123,250 "
1060999 - REX HOSPITAL,246,PERCUTANEOUS CARDIOVASCULAR PROCEDURES W DRUG-ELUTING STENT W MCC OR 4+ ARTERIES OR STENTS," 75,361 "
1060999 - REX HOSPITAL,247,PERC CARDIOVASC PROC W DRUG-ELUTING STENT W-O MCC," 57,275 "
1060999 - REX HOSPITAL,248,PERCUTANEOUS CARDIOVASCULAR PROCEDURES W NON-DRUG-ELUTING STENT W MCC OR 4+ ARTERIES OR STENTS," 61,315 "
1060999 - REX HOSPITAL,249,PERC CARDIOVASC PROC W NON-DRUG-ELUTING STENT W-O MCC," 51,505 "
1060999 - REX HOSPITAL,250,PERC CARDIOVASC PROC W-O CORONARY ARTERY STENT W MCC," 57,105 "
1060999 - REX HOSPITAL,251,PERC CARDIOVASC PROC W-O CORONARY ARTERY STENT W-O MCC," 44,341 "
1060999 - REX HOSPITAL,252,OTHER VASCULAR PROCEDURES W MCC," 65,318 "
1060999 - REX HOSPITAL,253,OTHER VASCULAR PROCEDURES W CC," 47,333 "
1060999 - REX HOSPITAL,254,OTHER VASCULAR PROCEDURES W-O CC-MCC," 37,779 "
1060999 - REX HOSPITAL,255,UPPER LIMB AND TOE AMPUTATION FOR CIRC SYSTEM DISORDERS W MCC," 74,161 "
1060999 - REX HOSPITAL,256,UPPER LIMB AND TOE AMPUTATION FOR CIRC SYSTEM DISORDERS W CC," 17,050 "
1060999 - REX HOSPITAL,258,CARDIAC PACEMAKER DEVICE REPLACEMENT W MCC," 72,456 "
1060999 - REX HOSPITAL,259,CARDIAC PACEMAKER DEVICE REPLACEMENT W-O MCC," 45,844 "
1060999 - REX HOSPITAL,260,CARDIAC PACEMAKER REVISION EXCEPT DEVICE REPLACEMENT W MCC," 93,761 "
1060999 - REX HOSPITAL,261,CARDIAC PACEMAKER REVISION EXCEPT DEVICE REPLACEMENT W CC," 54,856 "
1060999 - REX HOSPITAL,262,CARDIAC PACEMAKER REVISION EXCEPT DEVICE REPLACEMENT W-O CC-MCC," 42,081 "
1060999 - REX HOSPITAL,263,VEIN LIGATION AND STRIPPING," 38,652 "
1060999 - REX HOSPITAL,264,OTHER CIRCULATORY SYSTEM O.R. PROCEDURES," 88,822 "
1060999 - REX HOSPITAL,265,AICD LEAD PROCEDURES," 68,214 "
1060999 - REX HOSPITAL,266,ENDOVASCULAR CARDIAC VALVE REPLACEMENT W MCC," 200,469 "
1060999 - REX HOSPITAL,267,ENDOVASCULAR CARDIAC VALVE REPLACEMENT W-O MCC," 163,488 "
1060999 - REX HOSPITAL,268,AORTIC AND HEART ASSIST PROCEDURES EXCEPT PULSATION BALLOON W MCC," 138,969 "
1060999 - REX HOSPITAL,269,AORTIC AND HEART ASSIST PROCEDURES EXCEPT PULSATION BALLOON W-O MCC," 104,759 "
1060999 - REX HOSPITAL,270,OTHER MAJOR CARDIOVASCULAR PROCEDURES W MCC," 109,837 "
1060999 - REX HOSPITAL,271,OTHER MAJOR CARDIOVASCULAR PROCEDURES W CC," 81,541 "
1060999 - REX HOSPITAL,272,OTHER MAJOR CARDIOVASCULAR PROCEDURES W-O CC-MCC," 77,458 "
1060999 - REX HOSPITAL,273,PERCUTANEOUS INTRACARDIAC PROCEDURES W MCC," 83,819 "
1060999 - REX HOSPITAL,274,PERCUTANEOUS INTRACARDIAC PROCEDURES W-O MCC," 76,056 "
1060999 - REX HOSPITAL,280,ACUTE MYOCARDIAL INFARCTION DISCHARGED ALIVE W MCC," 30,289 "
1060999 - REX HOSPITAL,281,ACUTE MYOCARDIAL INFARCTION DISCHARGED ALIVE W CC," 20,729 "
1060999 - REX HOSPITAL,282,ACUTE MYOCARDIAL INFARCTION DISCHARGED ALIVE W-O CC-MCC," 17,457 "
1060999 - REX HOSPITAL,283,ACUTE MYOCARDIAL INFARCTION EXPIRED W MCC," 36,341 "
1060999 - REX HOSPITAL,284,ACUTE MYOCARDIAL INFARCTION EXPIRED W CC," 14,304 "
1060999 - REX HOSPITAL,285,ACUTE MYOCARDIAL INFARCTION EXPIRED W-O CC-MCC," 8,153 "
1060999 - REX HOSPITAL,286,CIRCULATORY DISORDERS EXCEPT AMI W CARD CATH W MCC," 36,774 "
1060999 - REX HOSPITAL,287,CIRCULATORY DISORDERS EXCEPT AMI W CARD CATH W-O MCC," 22,693 "
1060999 - REX HOSPITAL,288,ACUTE AND SUBACUTE ENDOCARDITIS W MCC," 43,844 "
1060999 - REX HOSPITAL,289,ACUTE AND SUBACUTE ENDOCARDITIS W CC," 13,965 "
1060999 - REX HOSPITAL,291,HEART FAILURE AND SHOCK W MCC," 23,774 "
1060999 - REX HOSPITAL,292,HEART FAILURE AND SHOCK W CC," 16,207 "
1060999 - REX HOSPITAL,293,HEART FAILURE AND SHOCK W-O CC-MCC," 11,342 "
1060999 - REX HOSPITAL,294,DEEP VEIN THROMBOPHLEBITIS W CC-MCC," 13,616 "
1060999 - REX HOSPITAL,296,CARDIAC ARREST UNEXPLAINED W MCC," 41,123 "
1060999 - REX HOSPITAL,297,CARDIAC ARREST UNEXPLAINED W CC," 9,369 "
1060999 - REX HOSPITAL,299,PERIPHERAL VASCULAR DISORDERS W MCC," 27,107 "
1060999 - REX HOSPITAL,300,PERIPHERAL VASCULAR DISORDERS W CC," 20,614 "
1060999 - REX HOSPITAL,301,PERIPHERAL VASCULAR DISORDERS W-O CC-MCC," 14,803 "
1060999 - REX HOSPITAL,302,ATHEROSCLEROSIS W MCC," 16,668 "
1060999 - REX HOSPITAL,303,ATHEROSCLEROSIS W-O MCC," 13,611 "
1060999 - REX HOSPITAL,304,HYPERTENSION W MCC," 21,810 "
1060999 - REX HOSPITAL,305,HYPERTENSION W-O MCC," 15,707 "
1060999 - REX HOSPITAL,306,CARDIAC CONGENITAL AND VALVULAR DISORDERS W MCC," 22,905 "
1060999 - REX HOSPITAL,307,CARDIAC CONGENITAL AND VALVULAR DISORDERS W-O MCC," 11,119 "
1060999 - REX HOSPITAL,308,CARDIAC ARRHYTHMIA AND CONDUCTION DISORDERS W MCC," 21,635 "
1060999 - REX HOSPITAL,309,CARDIAC ARRHYTHMIA AND CONDUCTION DISORDERS W CC," 14,630 "
1060999 - REX HOSPITAL,310,CARDIAC ARRHYTHMIA AND CONDUCTION DISORDERS W-O CC-MCC," 11,514 "
1060999 - REX HOSPITAL,311,ANGINA PECTORIS," 8,707 "
1060999 - REX HOSPITAL,312,SYNCOPE AND COLLAPSE," 14,874 "
1060999 - REX HOSPITAL,313,CHEST PAIN," 15,370 "
1060999 - REX HOSPITAL,314,OTHER CIRCULATORY SYSTEM DIAGNOSES W MCC," 36,930 "
1060999 - REX HOSPITAL,315,OTHER CIRCULATORY SYSTEM DIAGNOSES W CC," 15,425 "
1060999 - REX HOSPITAL,316,OTHER CIRCULATORY SYSTEM DIAGNOSES W-O CC-MCC," 11,216 "
1060999 - REX HOSPITAL,326,STOMACH ESOPHAGEAL AND DUODENAL PROC W MCC," 99,869 "
1060999 - REX HOSPITAL,327,STOMACH ESOPHAGEAL AND DUODENAL PROC W CC," 44,496 "
1060999 - REX HOSPITAL,328,STOMACH ESOPHAGEAL AND DUODENAL PROC W-O CC-MCC," 38,237 "
1060999 - REX HOSPITAL,329,MAJOR SMALL AND LARGE BOWEL PROCEDURES W MCC," 88,025 "
1060999 - REX HOSPITAL,330,MAJOR SMALL AND LARGE BOWEL PROCEDURES W CC," 49,175 "
1060999 - REX HOSPITAL,331,MAJOR SMALL AND LARGE BOWEL PROCEDURES W-O CC-MCC," 35,278 "
1060999 - REX HOSPITAL,333,RECTAL RESECTION W CC," 64,733 "
1060999 - REX HOSPITAL,334,RECTAL RESECTION W-O CC-MCC," 33,787 "
1060999 - REX HOSPITAL,335,PERITONEAL ADHESIOLYSIS W MCC," 63,235 "
1060999 - REX HOSPITAL,336,PERITONEAL ADHESIOLYSIS W CC," 44,607 "
1060999 - REX HOSPITAL,337,PERITONEAL ADHESIOLYSIS W-O CC-MCC," 35,406 "
1060999 - REX HOSPITAL,338,APPENDECTOMY W COMPLICATED PRINCIPAL DIAG W MCC," 44,746 "
1060999 - REX HOSPITAL,339,APPENDECTOMY W COMPLICATED PRINCIPAL DIAG W CC," 38,979 "
1060999 - REX HOSPITAL,340,APPENDECTOMY W COMPLICATED PRINCIPAL DIAG W-O CC-MCC," 27,655 "
1060999 - REX HOSPITAL,341,APPENDECTOMY W-O COMPLICATED PRINCIPAL DIAG W MCC," 37,541 "
1060999 - REX HOSPITAL,342,APPENDECTOMY W-O COMPLICATED PRINCIPAL DIAG W CC," 29,355 "
1060999 - REX HOSPITAL,343,APPENDECTOMY W-O COMPLICATED PRINCIPAL DIAG W-O CC-MCC," 28,564 "
1060999 - REX HOSPITAL,344,MINOR SMALL AND LARGE BOWEL PROCEDURES W MCC," 40,002 "
1060999 - REX HOSPITAL,345,MINOR SMALL AND LARGE BOWEL PROCEDURES W CC," 27,472 "
1060999 - REX HOSPITAL,346,MINOR SMALL AND LARGE BOWEL PROCEDURES W-O CC-MCC," 30,947 "
1060999 - REX HOSPITAL,347,ANAL AND STOMAL PROCEDURES W MCC," 59,523 "
1060999 - REX HOSPITAL,348,ANAL AND STOMAL PROCEDURES W CC," 24,968 "
1060999 - REX HOSPITAL,349,ANAL AND STOMAL PROCEDURES W-O CC-MCC," 27,948 "
1060999 - REX HOSPITAL,350,INGUINAL AND FEMORAL HERNIA PROCEDURES W MCC," 81,665 "
1060999 - REX HOSPITAL,351,INGUINAL AND FEMORAL HERNIA PROCEDURES W CC," 28,819 "
1060999 - REX HOSPITAL,352,INGUINAL AND FEMORAL HERNIA PROCEDURES W-O CC-MCC," 23,896 "
1060999 - REX HOSPITAL,353,HERNIA PROCEDURES EXCEPT INGUINAL AND FEMORAL W MCC," 53,498 "
1060999 - REX HOSPITAL,354,HERNIA PROCEDURES EXCEPT INGUINAL AND FEMORAL W CC," 35,915 "
1060999 - REX HOSPITAL,355,HERNIA PROCEDURES EXCEPT INGUINAL AND FEMORAL W-O CC-MCC," 29,370 "
1060999 - REX HOSPITAL,356,OTHER DIGESTIVE SYSTEM O.R. PROCEDURES W MCC," 88,473 "
1060999 - REX HOSPITAL,357,OTHER DIGESTIVE SYSTEM O.R. PROCEDURES W CC," 43,492 "
1060999 - REX HOSPITAL,358,OTHER DIGESTIVE SYSTEM O.R. PROCEDURES W-O CC-MCC," 31,697 "
1060999 - REX HOSPITAL,368,MAJOR ESOPHAGEAL DISORDERS W MCC," 35,793 "
1060999 - REX HOSPITAL,369,MAJOR ESOPHAGEAL DISORDERS W CC," 14,153 "
1060999 - REX HOSPITAL,370,MAJOR ESOPHAGEAL DISORDERS W-O CC-MCC," 13,562 "
1060999 - REX HOSPITAL,371,MAJOR GASTROINTESTINAL DISORDERS AND PERITONEAL INFECTIONS W MCC," 25,258 "
1060999 - REX HOSPITAL,372,MAJOR GASTROINTESTINAL DISORDERS AND PERITONEAL INFECTIONS W CC," 16,900 "
1060999 - REX HOSPITAL,373,MAJOR GASTROINTESTINAL DISORDERS AND PERITONEAL INFECTIONS W-O CC-MCC," 14,431 "
1060999 - REX HOSPITAL,374,DIGESTIVE MALIGNANCY W MCC," 37,797 "
1060999 - REX HOSPITAL,375,DIGESTIVE MALIGNANCY W CC," 20,632 "
1060999 - REX HOSPITAL,376,DIGESTIVE MALIGNANCY W-O CC-MCC," 24,654 "
1060999 - REX HOSPITAL,377,G.I. HEMORRHAGE W MCC," 25,750 "
1060999 - REX HOSPITAL,378,G.I. HEMORRHAGE W CC," 18,458 "
1060999 - REX HOSPITAL,379,G.I. HEMORRHAGE W-O CC-MCC," 10,311 "
1060999 - REX HOSPITAL,380,COMPLICATED PEPTIC ULCER W MCC," 60,301 "
1060999 - REX HOSPITAL,381,COMPLICATED PEPTIC ULCER W CC," 26,431 "
1060999 - REX HOSPITAL,382,COMPLICATED PEPTIC ULCER W-O CC-MCC," 14,898 "
1060999 - REX HOSPITAL,383,UNCOMPLICATED PEPTIC ULCER W MCC," 23,201 "
1060999 - REX HOSPITAL,384,UNCOMPLICATED PEPTIC ULCER W-O MCC," 18,638 "
1060999 - REX HOSPITAL,385,INFLAMMATORY BOWEL DISEASE W MCC," 25,029 "
1060999 - REX HOSPITAL,386,INFLAMMATORY BOWEL DISEASE W CC," 15,232 "
1060999 - REX HOSPITAL,387,INFLAMMATORY BOWEL DISEASE W-O CC-MCC," 13,946 "
1060999 - REX HOSPITAL,388,G.I. OBSTRUCTION W MCC," 22,210 "
1060999 - REX HOSPITAL,389,G.I. OBSTRUCTION W CC," 15,378 "
1060999 - REX HOSPITAL,390,G.I. OBSTRUCTION W-O CC-MCC," 12,231 "
1060999 - REX HOSPITAL,391,ESOPHAGITIS GASTROENT AND MISC DIGEST DISORDERS W MCC," 19,013 "
1060999 - REX HOSPITAL,392,ESOPHAGITIS GASTROENT AND MISC DIGEST DISORDERS W-O MCC," 15,142 "
1060999 - REX HOSPITAL,393,OTHER DIGESTIVE SYSTEM DIAGNOSES W MCC," 27,937 "
1060999 - REX HOSPITAL,394,OTHER DIGESTIVE SYSTEM DIAGNOSES W CC," 17,853 "
1060999 - REX HOSPITAL,395,OTHER DIGESTIVE SYSTEM DIAGNOSES W-O CC-MCC," 13,358 "
1060999 - REX HOSPITAL,405,PANCREAS LIVER AND SHUNT PROCEDURES W MCC," 56,873 "
1060999 - REX HOSPITAL,406,PANCREAS LIVER AND SHUNT PROCEDURES W CC," 46,002 "
1060999 - REX HOSPITAL,407,PANCREAS LIVER AND SHUNT PROCEDURES W-O CC-MCC," 61,960 "
1060999 - REX HOSPITAL,408,BILIARY TRACT PROC EXCEPT ONLY CHOLECYST W OR W-O C.D.E. W MCC," 90,209 "
1060999 - REX HOSPITAL,409,BILIARY TRACT PROC EXCEPT ONLY CHOLECYST W OR W-O C.D.E. W CC," 39,798 "
1060999 - REX HOSPITAL,414,CHOLECYSTECTOMY EXCEPT BY LAPAROSCOPE W-O C.D.E. W MCC," 72,436 "
1060999 - REX HOSPITAL,415,CHOLECYSTECTOMY EXCEPT BY LAPAROSCOPE W-O C.D.E. W CC," 34,577 "
1060999 - REX HOSPITAL,416,CHOLECYSTECTOMY EXCEPT BY LAPAROSCOPE W-O C.D.E. W-O CC-MCC," 24,645 "
1060999 - REX HOSPITAL,417,LAPAROSCOPIC CHOLECYSTECTOMY W-O C.D.E. W MCC," 47,954 "
1060999 - REX HOSPITAL,418,LAPAROSCOPIC CHOLECYSTECTOMY W-O C.D.E. W CC," 37,583 "
1060999 - REX HOSPITAL,419,LAPAROSCOPIC CHOLECYSTECTOMY W-O C.D.E. W-O CC-MCC," 31,863 "
1060999 - REX HOSPITAL,420,HEPATOBILIARY DIAGNOSTIC PROCEDURES W MCC," 62,118 "
1060999 - REX HOSPITAL,421,HEPATOBILIARY DIAGNOSTIC PROCEDURES W CC," 51,052 "
1060999 - REX HOSPITAL,423,OTHER HEPATOBILIARY OR PANCREAS O.R. PROCEDURES W MCC," 62,021 "
1060999 - REX HOSPITAL,424,OTHER HEPATOBILIARY OR PANCREAS O.R. PROCEDURES W CC," 34,831 "
1060999 - REX HOSPITAL,432,CIRRHOSIS AND ALCOHOLIC HEPATITIS W MCC," 34,046 "
1060999 - REX HOSPITAL,433,CIRRHOSIS AND ALCOHOLIC HEPATITIS W CC," 14,389 "
1060999 - REX HOSPITAL,434,CIRRHOSIS AND ALCOHOLIC HEPATITIS W-O CC-MCC," 11,401 "
1060999 - REX HOSPITAL,435,MALIGNANCY OF HEPATOBILIARY SYSTEM OR PANCREAS W MCC," 31,674 "
1060999 - REX HOSPITAL,436,MALIGNANCY OF HEPATOBILIARY SYSTEM OR PANCREAS W CC," 26,023 "
1060999 - REX HOSPITAL,437,MALIGNANCY OF HEPATOBILIARY SYSTEM OR PANCREAS W-O CC-MCC," 34,287 "
1060999 - REX HOSPITAL,438,DISORDERS OF PANCREAS EXCEPT MALIGNANCY W MCC," 32,561 "
1060999 - REX HOSPITAL,439,DISORDERS OF PANCREAS EXCEPT MALIGNANCY W CC," 17,173 "
1060999 - REX HOSPITAL,440,DISORDERS OF PANCREAS EXCEPT MALIGNANCY W-O CC-MCC," 12,838 "
1060999 - REX HOSPITAL,441,DISORDERS OF LIVER EXCEPT MALIGCIRRALC HEPA W MCC," 34,325 "
1060999 - REX HOSPITAL,442,DISORDERS OF LIVER EXCEPT MALIGCIRRALC HEPA W CC," 16,561 "
1060999 - REX HOSPITAL,443,DISORDERS OF LIVER EXCEPT MALIGCIRRALC HEPA W-O CC-MCC," 17,485 "
1060999 - REX HOSPITAL,444,DISORDERS OF THE BILIARY TRACT W MCC," 31,242 "
1060999 - REX HOSPITAL,445,DISORDERS OF THE BILIARY TRACT W CC," 24,754 "
1060999 - REX HOSPITAL,446,DISORDERS OF THE BILIARY TRACT W-O CC-MCC," 22,336 "
1060999 - REX HOSPITAL,453,COMBINED ANTERIOR-POSTERIOR SPINAL FUSION W MCC," 193,847 "
1060999 - REX HOSPITAL,454,COMBINED ANTERIOR-POSTERIOR SPINAL FUSION W CC," 167,522 "
1060999 - REX HOSPITAL,455,COMBINED ANTERIOR-POSTERIOR SPINAL FUSION W-O CC-MCC," 131,914 "
1060999 - REX HOSPITAL,456,SPINAL FUS EXC CERV W SPINAL CURV-MALIG-INFEC OR EXT FUS W MCC," 221,901 "
1060999 - REX HOSPITAL,457,SPINAL FUS EXC CERV W SPINAL CURV-MALIG-INFEC OR EXT FUS W CC," 196,842 "
1060999 - REX HOSPITAL,458,SPINAL FUS EXC CERV W SPINAL CURV-MALIG-INFEC OR EXT FUS W-O CC-MCC," 386,701 "
1060999 - REX HOSPITAL,459,SPINAL FUSION EXCEPT CERVICAL W MCC," 151,689 "
1060999 - REX HOSPITAL,460,SPINAL FUSION EXCEPT CERVICAL W-O MCC," 95,579 "
1060999 - REX HOSPITAL,462,BILATERAL OR MULTIPLE MAJOR JOINT PROCS OF LOWER EXTREMITY W-O MCC," 110,340 "
1060999 - REX HOSPITAL,463,WND DEBRID AND SKN GRFT EXC HAND FOR MUSCULO-CONN TISS DIS W MCC," 94,512 "
1060999 - REX HOSPITAL,464,WND DEBRID AND SKN GRFT EXC HAND FOR MUSCULO-CONN TISS DIS W CC," 49,466 "
1060999 - REX HOSPITAL,465,WND DEBRID AND SKN GRFT EXC HAND FOR MUSCULO-CONN TISS DIS W-O CC-MCC," 43,578 "
1060999 - REX HOSPITAL,466,REVISION OF HIP OR KNEE REPLACEMENT W MCC," 138,362 "
1060999 - REX HOSPITAL,467,REVISION OF HIP OR KNEE REPLACEMENT W CC," 117,462 "
1060999 - REX HOSPITAL,468,REVISION OF HIP OR KNEE REPLACEMENT W-O CC-MCC," 118,416 "
1060999 - REX HOSPITAL,469,MAJOR HIP AND KNEE JOINT REPLACEMENT OR REATTACHMENT OF LOWER EXTREMITY W MCC OR TOTAL ANKLE REPLACEMENT," 69,063 "
1060999 - REX HOSPITAL,470,MAJOR HIP AND KNEE JOINT REPLACEMENT OR REATTACHMENT OF LOWER EXTREMITY W-O MCC," 61,014 "
1060999 - REX HOSPITAL,471,CERVICAL SPINAL FUSION W MCC," 105,828 "
1060999 - REX HOSPITAL,472,CERVICAL SPINAL FUSION W CC," 75,505 "
1060999 - REX HOSPITAL,473,CERVICAL SPINAL FUSION W-O CC-MCC," 58,764 "
1060999 - REX HOSPITAL,474,AMPUTATION FOR MUSCULOSKELETAL SYS AND CONN TISSUE DIS W MCC," 62,214 "
1060999 - REX HOSPITAL,475,AMPUTATION FOR MUSCULOSKELETAL SYS AND CONN TISSUE DIS W CC," 53,927 "
1060999 - REX HOSPITAL,476,AMPUTATION FOR MUSCULOSKELETAL SYS AND CONN TISSUE DIS W-O CC-MCC," 26,486 "
1060999 - REX HOSPITAL,477,BIOPSIES OF MUSCULOSKELETAL SYSTEM AND CONNECTIVE TISSUE W MCC," 51,280 "
1060999 - REX HOSPITAL,478,BIOPSIES OF MUSCULOSKELETAL SYSTEM AND CONNECTIVE TISSUE W CC," 55,750 "
1060999 - REX HOSPITAL,479,BIOPSIES OF MUSCULOSKELETAL SYSTEM AND CONNECTIVE TISSUE W-O CC-MCC," 29,090 "
1060999 - REX HOSPITAL,480,HIP AND FEMUR PROCEDURES EXCEPT MAJOR JOINT W MCC," 43,802 "
1060999 - REX HOSPITAL,481,HIP AND FEMUR PROCEDURES EXCEPT MAJOR JOINT W CC," 38,620 "
1060999 - REX HOSPITAL,482,HIP AND FEMUR PROCEDURES EXCEPT MAJOR JOINT W-O CC-MCC," 31,750 "
1060999 - REX HOSPITAL,483,MAJOR JOINT-LIMB REATTACHMENT PROCEDURE OF UPPER EXTREMITIES," 91,536 "
1060999 - REX HOSPITAL,485,KNEE PROCEDURES W PDX OF INFECTION W MCC," 53,079 "
1060999 - REX HOSPITAL,486,KNEE PROCEDURES W PDX OF INFECTION W CC," 43,464 "
1060999 - REX HOSPITAL,487,KNEE PROCEDURES W PDX OF INFECTION W-O CC-MCC," 15,773 "
1060999 - REX HOSPITAL,488,KNEE PROCEDURES W-O PDX OF INFECTION W CC-MCC," 39,620 "
1060999 - REX HOSPITAL,489,KNEE PROCEDURES W-O PDX OF INFECTION W-O CC-MCC," 29,435 "
1060999 - REX HOSPITAL,492,LOWER EXTREM AND HUMER PROC EXCEPT HIPFOOTFEMUR W MCC," 76,109 "
1060999 - REX HOSPITAL,493,LOWER EXTREM AND HUMER PROC EXCEPT HIPFOOTFEMUR W CC," 45,917 "
1060999 - REX HOSPITAL,494,LOWER EXTREM AND HUMER PROC EXCEPT HIPFOOTFEMUR W-O CC-MCC," 38,419 "
1060999 - REX HOSPITAL,495,LOCAL EXCISION AND REMOVAL INT FIX DEVICES EXC HIP AND FEMUR W MCC," 96,504 "
1060999 - REX HOSPITAL,496,LOCAL EXCISION AND REMOVAL INT FIX DEVICES EXC HIP AND FEMUR W CC," 97,109 "
1060999 - REX HOSPITAL,497,LOCAL EXCISION AND REMOVAL INT FIX DEVICES EXC HIP AND FEMUR W-O CC-MCC," 67,251 "
1060999 - REX HOSPITAL,498,LOCAL EXCISION AND REMOVAL INT FIX DEVICES OF HIP AND FEMUR W CC-MCC," 65,923 "
1060999 - REX HOSPITAL,499,LOCAL EXCISION AND REMOVAL INT FIX DEVICES OF HIP AND FEMUR W-O CC-MCC," 16,860 "
1060999 - REX HOSPITAL,500,SOFT TISSUE PROCEDURES W MCC," 49,617 "
1060999 - REX HOSPITAL,501,SOFT TISSUE PROCEDURES W CC," 31,427 "
1060999 - REX HOSPITAL,502,SOFT TISSUE PROCEDURES W-O CC-MCC," 23,571 "
1060999 - REX HOSPITAL,504,FOOT PROCEDURES W CC," 48,394 "
1060999 - REX HOSPITAL,505,FOOT PROCEDURES W-O CC-MCC," 59,167 "
1060999 - REX HOSPITAL,506,MAJOR THUMB OR JOINT PROCEDURES," 26,313 "
1060999 - REX HOSPITAL,507,MAJOR SHOULDER OR ELBOW JOINT PROCEDURES W CC-MCC," 58,065 "
1060999 - REX HOSPITAL,510,SHOULDERELBOW OR FOREARM PROCEXC MAJOR JOINT PROC W MCC," 42,764 "
1060999 - REX HOSPITAL,511,SHOULDERELBOW OR FOREARM PROCEXC MAJOR JOINT PROC W CC," 41,663 "
1060999 - REX HOSPITAL,512,SHOULDERELBOW OR FOREARM PROCEXC MAJOR JOINT PROC W-O CC-MCC," 39,385 "
1060999 - REX HOSPITAL,513,HAND OR WRIST PROC EXCEPT MAJOR THUMB OR JOINT PROC W CC-MCC," 14,306 "
1060999 - REX HOSPITAL,514,HAND OR WRIST PROC EXCEPT MAJOR THUMB OR JOINT PROC W-O CC-MCC," 19,269 "
1060999 - REX HOSPITAL,515,OTHER MUSCULOSKELET SYS AND CONN TISS O.R. PROC W MCC," 64,098 "
1060999 - REX HOSPITAL,516,OTHER MUSCULOSKELET SYS AND CONN TISS O.R. PROC W CC," 32,447 "
1060999 - REX HOSPITAL,517,OTHER MUSCULOSKELET SYS AND CONN TISS O.R. PROC W-O CC-MCC," 27,158 "
1060999 - REX HOSPITAL,518,BACK AND NECK PROC EXC SPINAL FUSION W MCC OR DISC DEVICE-NEUROSTIM," 73,483 "
1060999 - REX HOSPITAL,519,BACK AND NECK PROC EXC SPINAL FUSION W CC," 34,885 "
1060999 - REX HOSPITAL,520,BACK AND NECK PROC EXC SPINAL FUSION W-O CC-MCC," 25,091 "
1060999 - REX HOSPITAL,533,FRACTURES OF FEMUR W MCC," 15,951 "
1060999 - REX HOSPITAL,534,FRACTURES OF FEMUR W-O MCC," 11,030 "
1060999 - REX HOSPITAL,535,FRACTURES OF HIP AND PELVIS W MCC," 16,989 "
1060999 - REX HOSPITAL,536,FRACTURES OF HIP AND PELVIS W-O MCC," 10,299 "
1060999 - REX HOSPITAL,538,SPRAINS STRAINS AND DISLOCATIONS OF HIP PELVIS AND THIGH W-O CC-MCC," 13,381 "
1060999 - REX HOSPITAL,539,OSTEOMYELITIS W MCC," 26,184 "
1060999 - REX HOSPITAL,540,OSTEOMYELITIS W CC," 25,365 "
1060999 - REX HOSPITAL,541,OSTEOMYELITIS W-O CC-MCC," 12,133 "
1060999 - REX HOSPITAL,542,PATHOLOGICAL FRACTURES AND MUSCULOSKELET AND CONN TISS MALIG W MCC," 29,286 "
1060999 - REX HOSPITAL,543,PATHOLOGICAL FRACTURES AND MUSCULOSKELET AND CONN TISS MALIG W CC," 23,143 "
1060999 - REX HOSPITAL,544,PATHOLOGICAL FRACTURES AND MUSCULOSKELET AND CONN TISS MALIG W-O CC-MCC," 15,433 "
1060999 - REX HOSPITAL,545,CONNECTIVE TISSUE DISORDERS W MCC," 29,484 "
1060999 - REX HOSPITAL,546,CONNECTIVE TISSUE DISORDERS W CC," 52,450 "
1060999 - REX HOSPITAL,547,CONNECTIVE TISSUE DISORDERS W-O CC-MCC," 9,399 "
1060999 - REX HOSPITAL,548,SEPTIC ARTHRITIS W MCC," 66,559 "
1060999 - REX HOSPITAL,549,SEPTIC ARTHRITIS W CC," 24,573 "
1060999 - REX HOSPITAL,550,SEPTIC ARTHRITIS W-O CC-MCC," 42,121 "
1060999 - REX HOSPITAL,551,MEDICAL BACK PROBLEMS W MCC," 27,248 "
1060999 - REX HOSPITAL,552,MEDICAL BACK PROBLEMS W-O MCC," 14,577 "
1060999 - REX HOSPITAL,553,BONE DISEASES AND ARTHROPATHIES W MCC," 53,779 "
1060999 - REX HOSPITAL,554,BONE DISEASES AND ARTHROPATHIES W-O MCC," 10,534 "
1060999 - REX HOSPITAL,555,SIGNS AND SYMPTOMS OF MUSCULOSKELETAL SYSTEM AND CONN TISSUE W MCC," 16,409 "
1060999 - REX HOSPITAL,556,SIGNS AND SYMPTOMS OF MUSCULOSKELETAL SYSTEM AND CONN TISSUE W-O MCC," 12,651 "
1060999 - REX HOSPITAL,557,TENDONITIS MYOSITIS AND BURSITIS W MCC," 22,637 "
1060999 - REX HOSPITAL,558,TENDONITIS MYOSITIS AND BURSITIS W-O MCC," 15,508 "
1060999 - REX HOSPITAL,559,AFTERCARE MUSCULOSKELETAL SYSTEM AND CONNECTIVE TISSUE W MCC," 22,379 "
1060999 - REX HOSPITAL,560,AFTERCARE MUSCULOSKELETAL SYSTEM AND CONNECTIVE TISSUE W CC," 21,562 "
1060999 - REX HOSPITAL,561,AFTERCARE MUSCULOSKELETAL SYSTEM AND CONNECTIVE TISSUE W-O CC-MCC," 13,287 "
1060999 - REX HOSPITAL,562,FX SPRN STRN AND DISL EXCEPT FEMUR HIP PELVIS AND THIGH W MCC," 22,522 "
1060999 - REX HOSPITAL,563,FX SPRN STRN AND DISL EXCEPT FEMUR HIP PELVIS AND THIGH W-O MCC," 12,644 "
1060999 - REX HOSPITAL,564,OTHER MUSCULOSKELETAL SYS AND CONNECTIVE TISSUE DIAGNOSES W MCC," 12,684 "
1060999 - REX HOSPITAL,565,OTHER MUSCULOSKELETAL SYS AND CONNECTIVE TISSUE DIAGNOSES W CC," 13,264 "
1060999 - REX HOSPITAL,566,OTHER MUSCULOSKELETAL SYS AND CONNECTIVE TISSUE DIAGNOSES W-O CC-MCC," 8,103 "
1060999 - REX HOSPITAL,570,SKIN DEBRIDEMENT W MCC," 43,611 "
1060999 - REX HOSPITAL,571,SKIN DEBRIDEMENT W CC," 22,981 "
1060999 - REX HOSPITAL,572,SKIN DEBRIDEMENT W-O CC-MCC," 18,063 "
1060999 - REX HOSPITAL,578,SKIN GRAFT EXC FOR SKIN ULCER OR CELLULITIS W-O CC-MCC," 20,568 "
1060999 - REX HOSPITAL,579,OTHER SKIN SUBCUT TISS AND BREAST PROC W MCC," 38,273 "
1060999 - REX HOSPITAL,580,OTHER SKIN SUBCUT TISS AND BREAST PROC W CC," 31,702 "
1060999 - REX HOSPITAL,581,OTHER SKIN SUBCUT TISS AND BREAST PROC W-O CC-MCC," 18,218 "
1060999 - REX HOSPITAL,582,MASTECTOMY FOR MALIGNANCY W CC-MCC," 26,624 "
1060999 - REX HOSPITAL,584,BREAST BIOPSY LOCAL EXCISION AND OTHER BREAST PROCEDURES W CC-MCC," 54,181 "
1060999 - REX HOSPITAL,585,BREAST BIOPSY LOCAL EXCISION AND OTHER BREAST PROCEDURES W-O CC-MCC," 29,578 "
1060999 - REX HOSPITAL,592,SKIN ULCERS W MCC," 13,670 "
1060999 - REX HOSPITAL,596,MAJOR SKIN DISORDERS W-O MCC," 6,304 "
1060999 - REX HOSPITAL,597,MALIGNANT BREAST DISORDERS W MCC," 23,180 "
1060999 - REX HOSPITAL,598,MALIGNANT BREAST DISORDERS W CC," 23,261 "
1060999 - REX HOSPITAL,600,NON-MALIGNANT BREAST DISORDERS W CC-MCC," 22,911 "
1060999 - REX HOSPITAL,601,NON-MALIGNANT BREAST DISORDERS W-O CC-MCC," 9,028 "
1060999 - REX HOSPITAL,602,CELLULITIS W MCC," 24,627 "
1060999 - REX HOSPITAL,603,CELLULITIS W-O MCC," 13,395 "
1060999 - REX HOSPITAL,605,TRAUMA TO THE SKIN SUBCUT TISS AND BREAST W-O MCC," 10,981 "
1060999 - REX HOSPITAL,606,MINOR SKIN DISORDERS W MCC," 15,430 "
1060999 - REX HOSPITAL,607,MINOR SKIN DISORDERS W-O MCC," 11,328 "
1060999 - REX HOSPITAL,614,ADRENAL AND PITUITARY PROCEDURES W CC-MCC," 32,473 "
1060999 - REX HOSPITAL,615,ADRENAL AND PITUITARY PROCEDURES W-O CC-MCC," 31,118 "
1060999 - REX HOSPITAL,616,AMPUTAT OF LOWER LIMB FOR ENDOCRINENUTRITAND METABOL DIS W MCC," 41,493 "
1060999 - REX HOSPITAL,617,AMPUTAT OF LOWER LIMB FOR ENDOCRINENUTRITAND METABOL DIS W CC," 41,707 "
1060999 - REX HOSPITAL,619,O.R. PROCEDURES FOR OBESITY W MCC," 98,940 "
1060999 - REX HOSPITAL,620,O.R. PROCEDURES FOR OBESITY W CC," 46,797 "
1060999 - REX HOSPITAL,621,O.R. PROCEDURES FOR OBESITY W-O CC-MCC," 40,998 "
1060999 - REX HOSPITAL,622,SKIN GRAFTS AND WOUND DEBRID FOR ENDOC NUTRIT AND METAB DIS W MCC," 58,795 "
1060999 - REX HOSPITAL,623,SKIN GRAFTS AND WOUND DEBRID FOR ENDOC NUTRIT AND METAB DIS W CC," 29,474 "
1060999 - REX HOSPITAL,624,SKIN GRAFTS AND WOUND DEBRID FOR ENDOC NUTRIT AND METAB DIS W-O CC-MCC," 33,716 "
1060999 - REX HOSPITAL,625,THYROID PARATHYROID AND THYROGLOSSAL PROCEDURES W MCC," 48,262 "
1060999 - REX HOSPITAL,626,THYROID PARATHYROID AND THYROGLOSSAL PROCEDURES W CC," 36,127 "
1060999 - REX HOSPITAL,627,THYROID PARATHYROID AND THYROGLOSSAL PROCEDURES W-O CC-MCC," 41,837 "
1060999 - REX HOSPITAL,628,OTHER ENDOCRINE NUTRIT AND METAB O.R. PROC W MCC," 72,952 "
1060999 - REX HOSPITAL,629,OTHER ENDOCRINE NUTRIT AND METAB O.R. PROC W CC," 42,021 "
1060999 - REX HOSPITAL,630,OTHER ENDOCRINE NUTRIT AND METAB O.R. PROC W-O CC-MCC," 43,078 "
1060999 - REX HOSPITAL,637,DIABETES W MCC," 26,397 "
1060999 - REX HOSPITAL,638,DIABETES W CC," 15,598 "
1060999 - REX HOSPITAL,639,DIABETES W-O CC-MCC," 11,814 "
1060999 - REX HOSPITAL,640,MISC DISORDERS OF NUTRITIONMETABOLISMFLUIDS-ELECTROLYTES W MCC," 17,551 "
1060999 - REX HOSPITAL,641,MISC DISORDERS OF NUTRITIONMETABOLISMFLUIDS-ELECTROLYTES W-O MCC," 13,095 "
1060999 - REX HOSPITAL,642,INBORN AND OTHER DISORDERS OF METABOLISM," 28,893 "
1060999 - REX HOSPITAL,643,ENDOCRINE DISORDERS W MCC," 33,976 "
1060999 - REX HOSPITAL,644,ENDOCRINE DISORDERS W CC," 21,969 "
1060999 - REX HOSPITAL,645,ENDOCRINE DISORDERS W-O CC-MCC," 13,376 "
1060999 - REX HOSPITAL,654,MAJOR BLADDER PROCEDURES W CC," 55,274 "
1060999 - REX HOSPITAL,655,MAJOR BLADDER PROCEDURES W-O CC-MCC," 24,237 "
1060999 - REX HOSPITAL,656,KIDNEY AND URETER PROCEDURES FOR NEOPLASM W MCC," 37,574 "
1060999 - REX HOSPITAL,657,KIDNEY AND URETER PROCEDURES FOR NEOPLASM W CC," 38,786 "
1060999 - REX HOSPITAL,658,KIDNEY AND URETER PROCEDURES FOR NEOPLASM W-O CC-MCC," 35,229 "
1060999 - REX HOSPITAL,659,KIDNEY AND URETER PROCEDURES FOR NON-NEOPLASM W MCC," 35,696 "
1060999 - REX HOSPITAL,660,KIDNEY AND URETER PROCEDURES FOR NON-NEOPLASM W CC," 35,490 "
1060999 - REX HOSPITAL,661,KIDNEY AND URETER PROCEDURES FOR NON-NEOPLASM W-O CC-MCC," 34,810 "
1060999 - REX HOSPITAL,663,MINOR BLADDER PROCEDURES W CC," 37,205 "
1060999 - REX HOSPITAL,664,MINOR BLADDER PROCEDURES W-O CC-MCC," 21,078 "
1060999 - REX HOSPITAL,666,PROSTATECTOMY W CC," 36,497 "
1060999 - REX HOSPITAL,668,TRANSURETHRAL PROCEDURES W MCC," 48,807 "
1060999 - REX HOSPITAL,669,TRANSURETHRAL PROCEDURES W CC," 33,854 "
1060999 - REX HOSPITAL,670,TRANSURETHRAL PROCEDURES W-O CC-MCC," 30,396 "
1060999 - REX HOSPITAL,673,OTHER KIDNEY AND URINARY TRACT PROCEDURES W MCC," 63,654 "
1060999 - REX HOSPITAL,674,OTHER KIDNEY AND URINARY TRACT PROCEDURES W CC," 39,243 "
1060999 - REX HOSPITAL,682,RENAL FAILURE W MCC," 21,878 "
1060999 - REX HOSPITAL,683,RENAL FAILURE W CC," 14,989 "
1060999 - REX HOSPITAL,684,RENAL FAILURE W-O CC-MCC," 10,997 "
1060999 - REX HOSPITAL,686,KIDNEY AND URINARY TRACT NEOPLASMS W MCC," 28,594 "
1060999 - REX HOSPITAL,687,KIDNEY AND URINARY TRACT NEOPLASMS W CC," 15,036 "
1060999 - REX HOSPITAL,688,KIDNEY AND URINARY TRACT NEOPLASMS W-O CC-MCC," 9,548 "
1060999 - REX HOSPITAL,689,KIDNEY AND URINARY TRACT INFECTIONS W MCC," 15,835 "
1060999 - REX HOSPITAL,690,KIDNEY AND URINARY TRACT INFECTIONS W-O MCC," 13,236 "
1060999 - REX HOSPITAL,693,URINARY STONES W-O ESW LITHOTRIPSY W MCC," 19,687 "
1060999 - REX HOSPITAL,694,URINARY STONES W-O ESW LITHOTRIPSY W-O MCC," 22,004 "
1060999 - REX HOSPITAL,695,KIDNEY AND URINARY TRACT SIGNS AND SYMPTOMS W MCC," 14,753 "
1060999 - REX HOSPITAL,696,KIDNEY AND URINARY TRACT SIGNS AND SYMPTOMS W-O MCC," 15,363 "
1060999 - REX HOSPITAL,698,OTHER KIDNEY AND URINARY TRACT DIAGNOSES W MCC," 26,281 "
1060999 - REX HOSPITAL,699,OTHER KIDNEY AND URINARY TRACT DIAGNOSES W CC," 15,107 "
1060999 - REX HOSPITAL,700,OTHER KIDNEY AND URINARY TRACT DIAGNOSES W-O CC-MCC," 10,893 "
1060999 - REX HOSPITAL,707,MAJOR MALE PELVIC PROCEDURES W CC-MCC," 40,265 "
1060999 - REX HOSPITAL,708,MAJOR MALE PELVIC PROCEDURES W-O CC-MCC," 31,726 "
1060999 - REX HOSPITAL,713,TRANSURETHRAL PROSTATECTOMY W CC-MCC," 29,856 "
1060999 - REX HOSPITAL,714,TRANSURETHRAL PROSTATECTOMY W-O CC-MCC," 23,546 "
1060999 - REX HOSPITAL,717,OTHER MALE REPRODUCTIVE SYSTEM O.R. PROC EXC MALIGNANCY W CC-MCC," 21,201 "
1060999 - REX HOSPITAL,718,OTHER MALE REPRODUCTIVE SYSTEM O.R. PROC EXC MALIGNANCY W-O CC-MCC," 34,497 "
1060999 - REX HOSPITAL,722,MALIGNANCY MALE REPRODUCTIVE SYSTEM W MCC," 21,879 "
1060999 - REX HOSPITAL,725,BENIGN PROSTATIC HYPERTROPHY W MCC," 11,922 "
1060999 - REX HOSPITAL,726,BENIGN PROSTATIC HYPERTROPHY W-O MCC," 31,727 "
1060999 - REX HOSPITAL,727,INFLAMMATION OF THE MALE REPRODUCTIVE SYSTEM W MCC," 31,982 "
1060999 - REX HOSPITAL,728,INFLAMMATION OF THE MALE REPRODUCTIVE SYSTEM W-O MCC," 21,304 "
1060999 - REX HOSPITAL,729,OTHER MALE REPRODUCTIVE SYSTEM DIAGNOSES W CC-MCC," 20,658 "
1060999 - REX HOSPITAL,734,PELVIC EVISCERATION RAD HYSTERECTOMY AND RAD VULVECTOMY W CC-MCC," 31,725 "
1060999 - REX HOSPITAL,737,UTERINE AND ADNEXA PROC FOR OVARIAN OR ADNEXAL MALIGNANCY W CC," 31,060 "
1060999 - REX HOSPITAL,738,UTERINE AND ADNEXA PROC FOR OVARIAN OR ADNEXAL MALIGNANCY W-O CC-MCC," 16,935 "
1060999 - REX HOSPITAL,740,UTERINEADNEXA PROC FOR NON-OVARIAN-ADNEXAL MALIG W CC," 28,736 "
1060999 - REX HOSPITAL,742,UTERINE AND ADNEXA PROC FOR NON-MALIGNANCY W CC-MCC," 27,443 "
1060999 - REX HOSPITAL,743,UTERINE AND ADNEXA PROC FOR NON-MALIGNANCY W-O CC-MCC," 20,490 "
1060999 - REX HOSPITAL,744,DANDC CONIZATION LAPAROSCOPY AND TUBAL INTERRUPTION W CC-MCC," 23,761 "
1060999 - REX HOSPITAL,747,VAGINA CERVIX AND VULVA PROCEDURES W-O CC-MCC," 20,288 "
1060999 - REX HOSPITAL,748,FEMALE REPRODUCTIVE SYSTEM RECONSTRUCTIVE PROCEDURES," 15,904 "
1060999 - REX HOSPITAL,749,OTHER FEMALE REPRODUCTIVE SYSTEM O.R. PROCEDURES W CC-MCC," 31,864 "
1060999 - REX HOSPITAL,754,MALIGNANCY FEMALE REPRODUCTIVE SYSTEM W MCC," 31,419 "
1060999 - REX HOSPITAL,755,MALIGNANCY FEMALE REPRODUCTIVE SYSTEM W CC," 21,232 "
1060999 - REX HOSPITAL,757,INFECTIONS FEMALE REPRODUCTIVE SYSTEM W MCC," 15,184 "
1060999 - REX HOSPITAL,758,INFECTIONS FEMALE REPRODUCTIVE SYSTEM W CC," 15,071 "
1060999 - REX HOSPITAL,759,INFECTIONS FEMALE REPRODUCTIVE SYSTEM W-O CC-MCC," 12,866 "
1060999 - REX HOSPITAL,760,MENSTRUAL AND OTHER FEMALE REPRODUCTIVE SYSTEM DISORDERS W CC-MCC," 12,903 "
1060999 - REX HOSPITAL,761,MENSTRUAL AND OTHER FEMALE REPRODUCTIVE SYSTEM DISORDERS W-O CC-MCC," 11,666 "
1060999 - REX HOSPITAL,765,CESAREAN SECTION W CC-MCC," 21,088 "
1060999 - REX HOSPITAL,766,CESAREAN SECTION W-O CC-MCC," 17,374 "
1060999 - REX HOSPITAL,767,VAGINAL DELIVERY W STERILIZATION AND-OR DANDC," 19,371 "
1060999 - REX HOSPITAL,768,VAGINAL DELIVERY W O.R. PROC EXCEPT STERIL AND-OR DANDC," 28,297 "
1060999 - REX HOSPITAL,769,POSTPARTUM AND POST ABORTION DIAGNOSES W O.R. PROCEDURE," 26,520 "
1060999 - REX HOSPITAL,770,ABORTION W DANDC ASPIRATION CURETTAGE OR HYSTEROTOMY," 16,780 "
1060999 - REX HOSPITAL,774,VAGINAL DELIVERY W COMPLICATING DIAGNOSES," 10,661 "
1060999 - REX HOSPITAL,775,VAGINAL DELIVERY W-O COMPLICATING DIAGNOSES," 9,206 "
1060999 - REX HOSPITAL,776,POSTPARTUM AND POST ABORTION DIAGNOSES W-O O.R. PROCEDURE," 9,859 "
1060999 - REX HOSPITAL,777,ECTOPIC PREGNANCY," 25,001 "
1060999 - REX HOSPITAL,778,THREATENED ABORTION," 14,325 "
1060999 - REX HOSPITAL,779,ABORTION W-O DANDC," 9,516 "
1060999 - REX HOSPITAL,780,FALSE LABOR," 13,536 "
1060999 - REX HOSPITAL,781,OTHER ANTEPARTUM DIAGNOSES W MEDICAL COMPLICATIONS," 11,177 "
1060999 - REX HOSPITAL,782,OTHER ANTEPARTUM DIAGNOSES W-O MEDICAL COMPLICATIONS," 8,300 "
1060999 - REX HOSPITAL,789,NEONATES DIED OR TRANSFERRED TO ANOTHER ACUTE CARE FACILITY," 48,110 "
1060999 - REX HOSPITAL,790,EXTREME IMMATURITY OR RESPIRATORY DISTRESS SYNDROME NEONATE," 94,243 "
1060999 - REX HOSPITAL,791,PREMATURITY W MAJOR PROBLEMS," 37,025 "
1060999 - REX HOSPITAL,792,PREMATURITY W-O MAJOR PROBLEMS," 13,085 "
1060999 - REX HOSPITAL,793,FULL TERM NEONATE W MAJOR PROBLEMS," 11,205 "
1060999 - REX HOSPITAL,794,NEONATE W OTHER SIGNIFICANT PROBLEMS," 3,346 "
1060999 - REX HOSPITAL,795,NORMAL NEWBORN," 2,605 "
1060999 - REX HOSPITAL,799,SPLENECTOMY W MCC," 34,522 "
1060999 - REX HOSPITAL,800,SPLENECTOMY W CC," 126,119 "
1060999 - REX HOSPITAL,801,SPLENECTOMY W-O CC-MCC," 27,586 "
1060999 - REX HOSPITAL,802,OTHER O.R. PROC OF THE BLOOD AND BLOOD FORMING ORGANS W MCC," 34,459 "
1060999 - REX HOSPITAL,803,OTHER O.R. PROC OF THE BLOOD AND BLOOD FORMING ORGANS W CC," 26,415 "
1060999 - REX HOSPITAL,804,OTHER O.R. PROC OF THE BLOOD AND BLOOD FORMING ORGANS W-O CC-MCC," 28,254 "
1060999 - REX HOSPITAL,808,MAJOR HEMATOL-IMMUN DIAG EXC SICKLE CELL CRISIS AND COAGUL W MCC," 26,767 "
1060999 - REX HOSPITAL,809,MAJOR HEMATOL-IMMUN DIAG EXC SICKLE CELL CRISIS AND COAGUL W CC," 17,256 "
1060999 - REX HOSPITAL,810,MAJOR HEMATOL-IMMUN DIAG EXC SICKLE CELL CRISIS AND COAGUL W-O CC-MCC," 8,291 "
1060999 - REX HOSPITAL,811,RED BLOOD CELL DISORDERS W MCC," 20,756 "
1060999 - REX HOSPITAL,812,RED BLOOD CELL DISORDERS W-O MCC," 14,964 "
1060999 - REX HOSPITAL,813,COAGULATION DISORDERS," 42,422 "
1060999 - REX HOSPITAL,814,RETICULOENDOTHELIAL AND IMMUNITY DISORDERS W MCC," 74,256 "
1060999 - REX HOSPITAL,815,RETICULOENDOTHELIAL AND IMMUNITY DISORDERS W CC," 19,246 "
1060999 - REX HOSPITAL,816,RETICULOENDOTHELIAL AND IMMUNITY DISORDERS W-O CC-MCC," 17,549 "
1060999 - REX HOSPITAL,820,LYMPHOMA AND LEUKEMIA W MAJOR O.R. PROCEDURE W MCC," 113,103 "
1060999 - REX HOSPITAL,821,LYMPHOMA AND LEUKEMIA W MAJOR O.R. PROCEDURE W CC," 67,174 "
1060999 - REX HOSPITAL,822,LYMPHOMA AND LEUKEMIA W MAJOR O.R. PROCEDURE W-O CC-MCC," 27,150 "
1060999 - REX HOSPITAL,823,LYMPHOMA AND NON-ACUTE LEUKEMIA W OTHER PROC W MCC," 80,342 "
1060999 - REX HOSPITAL,824,LYMPHOMA AND NON-ACUTE LEUKEMIA W OTHER PROC W CC," 44,164 "
1060999 - REX HOSPITAL,825,LYMPHOMA AND NON-ACUTE LEUKEMIA W OTHER PROC W-O CC-MCC," 24,848 "
1060999 - REX HOSPITAL,826,MYELOPROLIF DISORD OR POORLY DIFF NEOPL W MAJ O.R. PROC W MCC," 53,150 "
1060999 - REX HOSPITAL,827,MYELOPROLIF DISORD OR POORLY DIFF NEOPL W MAJ O.R. PROC W CC," 47,561 "
1060999 - REX HOSPITAL,828,MYELOPROLIF DISORD OR POORLY DIFF NEOPL W MAJ O.R. PROC W-O CC-MCC," 29,323 "
1060999 - REX HOSPITAL,829,MYELOPROLIFERATIVE DISORDERS OR POORLY DIFFERENTIATED NEOPLASMS W OTHER  PROCEDURE W CC-MCC," 100,409 "
1060999 - REX HOSPITAL,830,MYELOPROLIFERATIVE DISORDERS OR POORLY DIFFERENTIATED NEOPLASMS W OTHER  PROCEDURE W-O CC-MCC," 21,388 "
1060999 - REX HOSPITAL,834,ACUTE LEUKEMIA W-O MAJOR O.R. PROCEDURE W MCC," 27,340 "
1060999 - REX HOSPITAL,835,ACUTE LEUKEMIA W-O MAJOR O.R. PROCEDURE W CC," 19,413 "
1060999 - REX HOSPITAL,836,ACUTE LEUKEMIA W-O MAJOR O.R. PROCEDURE W-O CC-MCC," 18,688 "
1060999 - REX HOSPITAL,840,LYMPHOMA AND NON-ACUTE LEUKEMIA W MCC," 73,208 "
1060999 - REX HOSPITAL,841,LYMPHOMA AND NON-ACUTE LEUKEMIA W CC," 36,565 "
1060999 - REX HOSPITAL,842,LYMPHOMA AND NON-ACUTE LEUKEMIA W-O CC-MCC," 39,181 "
1060999 - REX HOSPITAL,843,OTHER MYELOPROLIF DIS OR POORLY DIFF NEOPL DIAG W MCC," 21,612 "
1060999 - REX HOSPITAL,844,OTHER MYELOPROLIF DIS OR POORLY DIFF NEOPL DIAG W CC," 19,732 "
1060999 - REX HOSPITAL,845,OTHER MYELOPROLIF DIS OR POORLY DIFF NEOPL DIAG W-O CC-MCC," 15,287 "
1060999 - REX HOSPITAL,846,CHEMOTHERAPY W-O ACUTE LEUKEMIA AS SECONDARY DIAGNOSIS W MCC," 38,412 "
1060999 - REX HOSPITAL,847,CHEMOTHERAPY W-O ACUTE LEUKEMIA AS SECONDARY DIAGNOSIS W CC," 32,780 "
1060999 - REX HOSPITAL,853,INFECTIOUS AND PARASITIC DISEASES W O.R. PROCEDURE W MCC," 96,609 "
1060999 - REX HOSPITAL,854,INFECTIOUS AND PARASITIC DISEASES W O.R. PROCEDURE W CC," 46,335 "
1060999 - REX HOSPITAL,856,POSTOPERATIVE OR POST-TRAUMATIC INFECTIONS W O.R. PROC W MCC," 109,497 "
1060999 - REX HOSPITAL,857,POSTOPERATIVE OR POST-TRAUMATIC INFECTIONS W O.R. PROC W CC," 24,198 "
1060999 - REX HOSPITAL,858,POSTOPERATIVE OR POST-TRAUMATIC INFECTIONS W O.R. PROC W-O CC-MCC," 26,161 "
1060999 - REX HOSPITAL,862,POSTOPERATIVE AND POST-TRAUMATIC INFECTIONS W MCC," 28,426 "
1060999 - REX HOSPITAL,863,POSTOPERATIVE AND POST-TRAUMATIC INFECTIONS W-O MCC," 13,654 "
1060999 - REX HOSPITAL,864,FEVER," 15,099 "
1060999 - REX HOSPITAL,865,VIRAL ILLNESS W MCC," 16,540 "
1060999 - REX HOSPITAL,866,VIRAL ILLNESS W-O MCC," 15,401 "
1060999 - REX HOSPITAL,867,OTHER INFECTIOUS AND PARASITIC DISEASES DIAGNOSES W MCC," 18,573 "
1060999 - REX HOSPITAL,868,OTHER INFECTIOUS AND PARASITIC DISEASES DIAGNOSES W CC," 10,207 "
1060999 - REX HOSPITAL,869,OTHER INFECTIOUS AND PARASITIC DISEASES DIAGNOSES W-O CC-MCC," 31,444 "
1060999 - REX HOSPITAL,870,SEPTICEMIA OR SEVERE SEPSIS W MV GREATER THAN 96 HOURS," 117,023 "
1060999 - REX HOSPITAL,871,SEPTICEMIA OR SEVERE SEPSIS W-O MV GREATER THAN 96 HOURS W MCC," 31,346 "
1060999 - REX HOSPITAL,872,SEPTICEMIA OR SEVERE SEPSIS W-O MV GREATER THAN 96 HOURS W-O MCC," 17,030 "
1060999 - REX HOSPITAL,880,ACUTE ADJUSTMENT REACTION AND PSYCHOSOCIAL DYSFUNCTION," 25,939 "
1060999 - REX HOSPITAL,881,DEPRESSIVE NEUROSES," 9,553 "
1060999 - REX HOSPITAL,882,NEUROSES EXCEPT DEPRESSIVE," 13,545 "
1060999 - REX HOSPITAL,883,DISORDERS OF PERSONALITY AND IMPULSE CONTROL," 48,346 "
1060999 - REX HOSPITAL,884,ORGANIC DISTURBANCES AND INTELLECTUAL DISABILITY," 18,319 "
1060999 - REX HOSPITAL,885,PSYCHOSES," 16,888 "
1060999 - REX HOSPITAL,886,BEHAVIORAL AND DEVELOPMENTAL DISORDERS," 11,275 "
1060999 - REX HOSPITAL,894,ALCOHOL-DRUG ABUSE OR DEPENDENCE LEFT AMA," 12,646 "
1060999 - REX HOSPITAL,896,ALCOHOL-DRUG ABUSE OR DEPENDENCE W-O REHABILITATION THERAPY W MCC," 22,407 "
1060999 - REX HOSPITAL,897,ALCOHOL-DRUG ABUSE OR DEPENDENCE W-O REHABILITATION THERAPY W-O MCC," 12,873 "
1060999 - REX HOSPITAL,901,WOUND DEBRIDEMENTS FOR INJURIES W MCC," 40,116 "
1060999 - REX HOSPITAL,902,WOUND DEBRIDEMENTS FOR INJURIES W CC," 29,020 "
1060999 - REX HOSPITAL,904,SKIN GRAFTS FOR INJURIES W CC-MCC," 188,926 "
1060999 - REX HOSPITAL,905,SKIN GRAFTS FOR INJURIES W-O CC-MCC," 12,956 "
1060999 - REX HOSPITAL,906,HAND PROCEDURES FOR INJURIES," 15,210 "
1060999 - REX HOSPITAL,907,OTHER O.R. PROCEDURES FOR INJURIES W MCC," 58,175 "
1060999 - REX HOSPITAL,908,OTHER O.R. PROCEDURES FOR INJURIES W CC," 36,989 "
1060999 - REX HOSPITAL,909,OTHER O.R. PROCEDURES FOR INJURIES W-O CC-MCC," 36,833 "
1060999 - REX HOSPITAL,914,TRAUMATIC INJURY W-O MCC," 10,730 "
1060999 - REX HOSPITAL,915,ALLERGIC REACTIONS W MCC," 26,102 "
1060999 - REX HOSPITAL,916,ALLERGIC REACTIONS W-O MCC," 17,698 "
1060999 - REX HOSPITAL,917,POISONING AND TOXIC EFFECTS OF DRUGS W MCC," 26,986 "
1060999 - REX HOSPITAL,918,POISONING AND TOXIC EFFECTS OF DRUGS W-O MCC," 14,475 "
1060999 - REX HOSPITAL,919,COMPLICATIONS OF TREATMENT W MCC," 30,755 "
1060999 - REX HOSPITAL,920,COMPLICATIONS OF TREATMENT W CC," 19,894 "
1060999 - REX HOSPITAL,921,COMPLICATIONS OF TREATMENT W-O CC-MCC," 8,416 "
1060999 - REX HOSPITAL,922,OTHER INJURY POISONING AND TOXIC EFFECT DIAG W MCC," 16,217 "
1060999 - REX HOSPITAL,935,NON-EXTENSIVE BURNS," 13,238 "
1060999 - REX HOSPITAL,939,O.R. PROC W DIAGNOSES OF OTHER CONTACT W HEALTH SERVICES W MCC," 112,964 "
1060999 - REX HOSPITAL,947,SIGNS AND SYMPTOMS W MCC," 23,535 "
1060999 - REX HOSPITAL,948,SIGNS AND SYMPTOMS W-O MCC," 14,599 "
1060999 - REX HOSPITAL,949,AFTERCARE W CC-MCC," 15,958 "
1060999 - REX HOSPITAL,951,OTHER FACTORS INFLUENCING HEALTH STATUS," 13,422 "
1060999 - REX HOSPITAL,956,LIMB REATTACHMENT HIP AND FEMUR PROC FOR MULTIPLE SIGNIFICANT TRAUMA," 42,196 "
1060999 - REX HOSPITAL,957,OTHER O.R. PROCEDURES FOR MULTIPLE SIGNIFICANT TRAUMA W MCC," 32,328 "
1060999 - REX HOSPITAL,958,OTHER O.R. PROCEDURES FOR MULTIPLE SIGNIFICANT TRAUMA W CC," 43,573 "
1060999 - REX HOSPITAL,963,OTHER MULTIPLE SIGNIFICANT TRAUMA W MCC," 33,053 "
1060999 - REX HOSPITAL,964,OTHER MULTIPLE SIGNIFICANT TRAUMA W CC," 10,185 "
1060999 - REX HOSPITAL,974,HIV W MAJOR RELATED CONDITION W MCC," 41,849 "
1060999 - REX HOSPITAL,975,HIV W MAJOR RELATED CONDITION W CC," 28,037 "
1060999 - REX HOSPITAL,976,HIV W MAJOR RELATED CONDITION W-O CC-MCC," 19,264 "
1060999 - REX HOSPITAL,977,HIV W OR W-O OTHER RELATED CONDITION," 26,327 "
1060999 - REX HOSPITAL,981,EXTENSIVE O.R. PROCEDURE UNRELATED TO PRINCIPAL DIAGNOSIS W MCC," 76,134 "
1060999 - REX HOSPITAL,982,EXTENSIVE O.R. PROCEDURE UNRELATED TO PRINCIPAL DIAGNOSIS W CC," 42,143 "
1060999 - REX HOSPITAL,983,EXTENSIVE O.R. PROCEDURE UNRELATED TO PRINCIPAL DIAGNOSIS W-O CC-MCC," 33,283 "
1060999 - REX HOSPITAL,987,NON-EXTENSIVE O.R. PROC UNRELATED TO PRINCIPAL DIAGNOSIS W MCC," 65,397 "
1060999 - REX HOSPITAL,988,NON-EXTENSIVE O.R. PROC UNRELATED TO PRINCIPAL DIAGNOSIS W CC," 36,244 "
1060999 - REX HOSPITAL,989,NON-EXTENSIVE O.R. PROC UNRELATED TO PRINCIPAL DIAGNOSIS W-O CC-MCC," 44,900 "
