UF Health Shands Gainesville - Pricing Transparency MSDRG Information,,
Issued 12/28/2018,,
,,
MSDRG,Average (Mean) Charges Per Discharge,
001 HEART TRANSPLANT OR IMPLANT OF HEART ASSIST SYSTEM W MCC,"$1,359,769",
002 HEART TRANSPLANT OR IMPLANT OF HEART ASSIST SYSTEM W/O MCC,"$714,848",
"003 ECMO OR TRACH W MV >96 HRS OR PDX EXC FACE, MOUTH & NECK W MAJ O.R.","$653,717",
"004 TRACH W MV >96 HRS OR PDX EXC FACE, MOUTH & NECK W/O MAJ O.R.","$363,174",
005 LIVER TRANSPLANT W MCC OR INTESTINAL TRANSPLANT,"$520,081",
006 LIVER TRANSPLANT W/O MCC,"$311,537",
007 LUNG TRANSPLANT,"$506,888",
008 SIMULTANEOUS PANCREAS/KIDNEY TRANSPLANT,"$372,507",
"011 TRACHEOSTOMY FOR FACE, MOUTH & NECK DIAGNOSES OR LARYNGECTOMY W MCC","$234,927",
"012 TRACHEOSTOMY FOR FACE, MOUTH & NECK DIAGNOSES OR LARYNGECTOMY W CC","$202,335",
"013 TRACHEOSTOMY FOR FACE, MOUTH & NECK DIAGNOSES OR LARYNGECTOMY W/O CC/MCC","$88,243",
014 ALLOGENEIC BONE MARROW TRANSPLANT,"$479,339",
016 AUTOLOGOUS BONE MARROW TRANSPLANT  W CC/MCC OR T-CELL IMMUNOTHERAPY,"$235,245",
020 INTRACRANIAL VASCULAR PROCEDURES W PDX HEMORRHAGE W MCC,"$345,716",
021 INTRACRANIAL VASCULAR PROCEDURES W PDX HEMORRHAGE W CC,"$169,513",
022 INTRACRANIAL VASCULAR PROCEDURES W PDX HEMORRHAGE W/O CC/MCC,"$101,159",
023 CRANIOTOMY W MAJOR DEVICE IMPLANT OR ACUTE COMPLEX CNS PDX W MCC OR CHEMOTHERAPY IMPLANT OR EPILEPSY,"$149,806",
024 CRANIO W MAJOR DEV IMPL/ACUTE COMPLEX CNS PDX W/O MCC,"$131,973",
025 CRANIOTOMY & ENDOVASCULAR INTRACRANIAL PROCEDURES W MCC,"$134,827",
026 CRANIOTOMY & ENDOVASCULAR INTRACRANIAL PROCEDURES W CC,"$79,936",
027 CRANIOTOMY & ENDOVASCULAR INTRACRANIAL PROCEDURES W/O CC/MCC,"$58,927",
028 SPINAL PROCEDURES W MCC,"$171,795",
029 SPINAL PROCEDURES W CC OR SPINAL NEUROSTIMULATORS,"$106,706",
030 SPINAL PROCEDURES W/O CC/MCC,"$73,751",
031 VENTRICULAR SHUNT PROCEDURES W MCC,"$88,892",
032 VENTRICULAR SHUNT PROCEDURES W CC,"$47,481",
033 VENTRICULAR SHUNT PROCEDURES W/O CC/MCC,"$42,262",
034 CAROTID ARTERY STENT PROCEDURE W MCC,"$114,805",
035 CAROTID ARTERY STENT PROCEDURE W CC,"$59,453",
036 CAROTID ARTERY STENT PROCEDURE W/O CC/MCC,"$55,899",
037 EXTRACRANIAL PROCEDURES W MCC,"$115,834",
038 EXTRACRANIAL PROCEDURES W CC,"$72,148",
039 EXTRACRANIAL PROCEDURES W/O CC/MCC,"$47,672",
040 PERIPH/CRANIAL NERVE & OTHER NERV SYST PROC W MCC,"$122,402",
041 PERIPH/CRANIAL NERVE & OTHER NERV SYST PROC W CC OR PERIPH NEUROSTIM,"$80,725",
042 PERIPH/CRANIAL NERVE & OTHER NERV SYST PROC W/O CC/MCC,"$56,869",
052 SPINAL DISORDERS & INJURIES W CC/MCC,"$63,332",
053 SPINAL DISORDERS & INJURIES W/O CC/MCC,"$35,324",
054 NERVOUS SYSTEM NEOPLASMS W MCC,"$34,956",
055 NERVOUS SYSTEM NEOPLASMS W/O MCC,"$24,583",
056 DEGENERATIVE NERVOUS SYSTEM DISORDERS W MCC,"$63,345",
057 DEGENERATIVE NERVOUS SYSTEM DISORDERS W/O MCC,"$50,142",
058 MULTIPLE SCLEROSIS & CEREBELLAR ATAXIA W MCC,"$75,121",
059 MULTIPLE SCLEROSIS & CEREBELLAR ATAXIA W CC,"$44,151",
060 MULTIPLE SCLEROSIS & CEREBELLAR ATAXIA W/O CC/MCC,"$41,410",
"061 ISCHEMIC STROKE, PRECEREBRAL OCCLUSION OR TRANSIENT ISCHEMIA W THROMBOLYTIC AGENT W MCC","$91,255",
"062 ISCHEMIC STROKE, PRECEREBRAL OCCLUSION OR TRANSIENT ISCHEMIA W THROMBOLYTIC AGENT W CC","$62,293",
"063 ISCHEMIC STROKE, PRECEREBRAL OCCLUSION OR TRANSIENT ISCHEMIA W THROMBOLYTIC AGENT W/O CC/MCC","$45,903",
064 INTRACRANIAL HEMORRHAGE OR CEREBRAL INFARCTION W MCC,"$52,729",
065 INTRACRANIAL HEMORRHAGE OR CEREBRAL INFARCTION W CC OR TPA IN 24 HRS,"$30,225",
066 INTRACRANIAL HEMORRHAGE OR CEREBRAL INFARCTION W/O CC/MCC,"$21,291",
067 NONSPECIFIC CVA & PRECEREBRAL OCCLUSION W/O INFARCT W MCC,"$53,404",
068 NONSPECIFIC CVA & PRECEREBRAL OCCLUSION W/O INFARCT W/O MCC,"$22,764",
069 TRANSIENT ISCHEMIA W/O THROMBOLYTIC,"$19,921",
070 NONSPECIFIC CEREBROVASCULAR DISORDERS W MCC,"$58,651",
071 NONSPECIFIC CEREBROVASCULAR DISORDERS W CC,"$39,961",
072 NONSPECIFIC CEREBROVASCULAR DISORDERS W/O CC/MCC,"$22,210",
073 CRANIAL & PERIPHERAL NERVE DISORDERS W MCC,"$65,233",
074 CRANIAL & PERIPHERAL NERVE DISORDERS W/O MCC,"$38,214",
075 VIRAL MENINGITIS W CC/MCC,"$20,570",
076 VIRAL MENINGITIS W/O CC/MCC,"$13,407",
077 HYPERTENSIVE ENCEPHALOPATHY W MCC,"$40,960",
078 HYPERTENSIVE ENCEPHALOPATHY W CC,"$28,297",
080 NONTRAUMATIC STUPOR & COMA W MCC,"$60,751",
081 NONTRAUMATIC STUPOR & COMA W/O MCC,"$26,262",
"082 TRAUMATIC STUPOR & COMA, COMA >1 HR W MCC","$42,948",
"083 TRAUMATIC STUPOR & COMA, COMA >1 HR W CC","$33,025",
"084 TRAUMATIC STUPOR & COMA, COMA >1 HR W/O CC/MCC","$15,255",
"085 TRAUMATIC STUPOR & COMA, COMA <1 HR W MCC","$45,022",
"086 TRAUMATIC STUPOR & COMA, COMA <1 HR W CC","$25,085",
"087 TRAUMATIC STUPOR & COMA, COMA <1 HR W/O CC/MCC","$12,597",
088 CONCUSSION W MCC,"$22,388",
089 CONCUSSION W CC,"$14,304",
090 CONCUSSION W/O CC/MCC,"$10,696",
091 OTHER DISORDERS OF NERVOUS SYSTEM W MCC,"$45,404",
092 OTHER DISORDERS OF NERVOUS SYSTEM W CC,"$26,979",
093 OTHER DISORDERS OF NERVOUS SYSTEM W/O CC/MCC,"$20,137",
094 BACTERIAL & TUBERCULOUS INFECTIONS OF NERVOUS SYSTEM W MCC,"$79,897",
095 BACTERIAL & TUBERCULOUS INFECTIONS OF NERVOUS SYSTEM W CC,"$56,147",
096 BACTERIAL & TUBERCULOUS INFECTIONS OF NERVOUS SYSTEM W/O CC/MCC,"$57,224",
097 NON-BACTERIAL INFECT OF NERVOUS SYS EXC VIRAL MENINGITIS W MCC,"$102,837",
098 NON-BACTERIAL INFECT OF NERVOUS SYS EXC VIRAL MENINGITIS W CC,"$73,108",
099 NON-BACTERIAL INFECT OF NERVOUS SYS EXC VIRAL MENINGITIS W/O CC/MCC,"$36,771",
100 SEIZURES W MCC,"$34,368",
101 SEIZURES W/O MCC,"$19,206",
102 HEADACHES W MCC,"$33,256",
103 HEADACHES W/O MCC,"$17,903",
113 ORBITAL PROCEDURES W CC/MCC,"$68,908",
114 ORBITAL PROCEDURES W/O CC/MCC,"$40,125",
115 EXTRAOCULAR PROCEDURES EXCEPT ORBIT,"$58,367",
116 INTRAOCULAR PROCEDURES W CC/MCC,"$70,693",
117 INTRAOCULAR PROCEDURES W/O CC/MCC,"$56,192",
121 ACUTE MAJOR EYE INFECTIONS W CC/MCC,"$20,709",
122 ACUTE MAJOR EYE INFECTIONS W/O CC/MCC,"$19,649",
123 NEUROLOGICAL EYE DISORDERS,"$20,940",
124 OTHER DISORDERS OF THE EYE W MCC,"$25,313",
125 OTHER DISORDERS OF THE EYE W/O MCC,"$16,230",
129 MAJOR HEAD & NECK PROCEDURES W CC/MCC OR MAJOR DEVICE,"$123,697",
130 MAJOR HEAD & NECK PROCEDURES W/O CC/MCC,"$97,775",
131 CRANIAL/FACIAL PROCEDURES W CC/MCC,"$83,888",
132 CRANIAL/FACIAL PROCEDURES W/O CC/MCC,"$73,893",
"133 OTHER EAR, NOSE, MOUTH & THROAT O.R. PROCEDURES W CC/MCC","$62,060",
"134 OTHER EAR, NOSE, MOUTH & THROAT O.R. PROCEDURES W/O CC/MCC","$34,693",
135 SINUS & MASTOID PROCEDURES W CC/MCC,"$77,032",
136 SINUS & MASTOID PROCEDURES W/O CC/MCC,"$55,748",
137 MOUTH PROCEDURES W CC/MCC,"$38,171",
138 MOUTH PROCEDURES W/O CC/MCC,"$29,875",
139 SALIVARY GLAND PROCEDURES,"$45,159",
"146 EAR, NOSE, MOUTH & THROAT MALIGNANCY W MCC","$73,063",
"147 EAR, NOSE, MOUTH & THROAT MALIGNANCY W CC","$43,881",
"148 EAR, NOSE, MOUTH & THROAT MALIGNANCY W/O CC/MCC","$18,423",
149 DYSEQUILIBRIUM,"$14,996",
150 EPISTAXIS W MCC,"$23,544",
151 EPISTAXIS W/O MCC,"$14,000",
152 OTITIS MEDIA & URI W MCC,"$28,355",
153 OTITIS MEDIA & URI W/O MCC,"$13,322",
"154 OTHER EAR, NOSE, MOUTH & THROAT DIAGNOSES W MCC","$33,715",
"155 OTHER EAR, NOSE, MOUTH & THROAT DIAGNOSES W CC","$22,083",
"156 OTHER EAR, NOSE, MOUTH & THROAT DIAGNOSES W/O CC/MCC","$12,656",
157 DENTAL & ORAL DISEASES W MCC,"$43,392",
158 DENTAL & ORAL DISEASES W CC,"$24,248",
159 DENTAL & ORAL DISEASES W/O CC/MCC,"$15,106",
163 MAJOR CHEST PROCEDURES W MCC,"$148,253",
164 MAJOR CHEST PROCEDURES W CC,"$108,057",
165 MAJOR CHEST PROCEDURES W/O CC/MCC,"$75,811",
166 OTHER RESP SYSTEM O.R. PROCEDURES W MCC,"$133,545",
167 OTHER RESP SYSTEM O.R. PROCEDURES W CC,"$70,529",
168 OTHER RESP SYSTEM O.R. PROCEDURES W/O CC/MCC,"$54,265",
175 PULMONARY EMBOLISM W MCC,"$43,952",
176 PULMONARY EMBOLISM W/O MCC,"$21,972",
177 RESPIRATORY INFECTIONS & INFLAMMATIONS W MCC,"$67,783",
178 RESPIRATORY INFECTIONS & INFLAMMATIONS W CC,"$61,423",
179 RESPIRATORY INFECTIONS & INFLAMMATIONS W/O CC/MCC,"$71,534",
180 RESPIRATORY NEOPLASMS W MCC,"$44,846",
181 RESPIRATORY NEOPLASMS W CC,"$31,295",
182 RESPIRATORY NEOPLASMS W/O CC/MCC,"$43,488",
183 MAJOR CHEST TRAUMA W MCC,"$72,610",
184 MAJOR CHEST TRAUMA W CC,"$20,797",
185 MAJOR CHEST TRAUMA W/O CC/MCC,"$17,648",
186 PLEURAL EFFUSION W MCC,"$44,430",
187 PLEURAL EFFUSION W CC,"$32,106",
188 PLEURAL EFFUSION W/O CC/MCC,"$28,081",
189 PULMONARY EDEMA & RESPIRATORY FAILURE,"$37,139",
190 CHRONIC OBSTRUCTIVE PULMONARY DISEASE W MCC,"$33,499",
191 CHRONIC OBSTRUCTIVE PULMONARY DISEASE W CC,"$26,721",
192 CHRONIC OBSTRUCTIVE PULMONARY DISEASE W/O CC/MCC,"$20,069",
193 SIMPLE PNEUMONIA & PLEURISY W MCC,"$41,903",
194 SIMPLE PNEUMONIA & PLEURISY W CC,"$24,652",
195 SIMPLE PNEUMONIA & PLEURISY W/O CC/MCC,"$13,309",
196 INTERSTITIAL LUNG DISEASE W MCC,"$57,608",
197 INTERSTITIAL LUNG DISEASE W CC,"$47,373",
198 INTERSTITIAL LUNG DISEASE W/O CC/MCC,"$19,278",
199 PNEUMOTHORAX W MCC,"$54,705",
200 PNEUMOTHORAX W CC,"$22,917",
201 PNEUMOTHORAX W/O CC/MCC,"$12,553",
202 BRONCHITIS & ASTHMA W CC/MCC,"$23,588",
203 BRONCHITIS & ASTHMA W/O CC/MCC,"$13,010",
204 RESPIRATORY SIGNS & SYMPTOMS,"$19,638",
205 OTHER RESPIRATORY SYSTEM DIAGNOSES W MCC,"$62,810",
206 OTHER RESPIRATORY SYSTEM DIAGNOSES W/O MCC,"$37,738",
207 RESPIRATORY SYSTEM DIAGNOSIS W VENTILATOR SUPPORT >96 HOURS OR PERIPHERAL EXTRACORPOREAL MEMBRANE OX,"$209,683",
208 RESPIRATORY SYSTEM DIAGNOSIS W VENTILATOR SUPPORT <=96 HOURS,"$57,547",
215 OTHER HEART ASSIST SYSTEM IMPLANT,"$325,534",
216 CARDIAC VALVE & OTH MAJ CARDIOTHORACIC PROC W CARD CATH W MCC,"$382,039",
217 CARDIAC VALVE & OTH MAJ CARDIOTHORACIC PROC W CARD CATH W CC,"$244,577",
219 CARDIAC VALVE & OTH MAJ CARDIOTHORACIC PROC W/O CARD CATH W MCC,"$297,583",
220 CARDIAC VALVE & OTH MAJ CARDIOTHORACIC PROC W/O CARD CATH W CC,"$193,749",
221 CARDIAC VALVE & OTH MAJ CARDIOTHORACIC PROC W/O CARD CATH W/O CC/MCC,"$124,316",
222 CARDIAC DEFIB IMPLANT W CARDIAC CATH W AMI/HF/SHOCK W MCC,"$312,618",
223 CARDIAC DEFIB IMPLANT W CARDIAC CATH W AMI/HF/SHOCK W/O MCC,"$289,856",
224 CARDIAC DEFIB IMPLANT W CARDIAC CATH W/O AMI/HF/SHOCK W MCC,"$308,526",
225 CARDIAC DEFIB IMPLANT W CARDIAC CATH W/O AMI/HF/SHOCK W/O MCC,"$200,257",
226 CARDIAC DEFIBRILLATOR IMPLANT W/O CARDIAC CATH W MCC,"$298,714",
227 CARDIAC DEFIBRILLATOR IMPLANT W/O CARDIAC CATH W/O MCC,"$192,945",
228 OTHER CARDIOTHORACIC PROCEDURES W MCC,"$296,534",
229 OTHER CARDIOTHORACIC PROCEDURES W/O MCC,"$142,594",
231 CORONARY BYPASS W PTCA W MCC,"$227,661",
233 CORONARY BYPASS W CARDIAC CATH W MCC,"$264,876",
234 CORONARY BYPASS W CARDIAC CATH W/O MCC,"$212,215",
235 CORONARY BYPASS W/O CARDIAC CATH W MCC,"$201,632",
236 CORONARY BYPASS W/O CARDIAC CATH W/O MCC,"$158,524",
239 AMPUTATION FOR CIRC SYS DISORDERS EXC UPPER LIMB & TOE W MCC,"$184,575",
240 AMPUTATION FOR CIRC SYS DISORDERS EXC UPPER LIMB & TOE W CC,"$109,262",
241 AMPUTATION FOR CIRC SYS DISORDERS EXC UPPER LIMB & TOE W/O CC/MCC,"$63,349",
242 PERMANENT CARDIAC PACEMAKER IMPLANT W MCC,"$113,261",
243 PERMANENT CARDIAC PACEMAKER IMPLANT W CC,"$86,075",
244 PERMANENT CARDIAC PACEMAKER IMPLANT W/O CC/MCC,"$70,421",
245 AICD GENERATOR PROCEDURES,"$231,659",
246 PERCUTANEOUS CARDIOVASCULAR PROCEDURES W DRUG-ELUTING STENT W MCC OR 4+ ARTERIES OR STENTS,"$124,169",
247 PERC CARDIOVASC PROC W DRUG-ELUTING STENT W/O MCC,"$88,331",
248 PERCUTANEOUS CARDIOVASCULAR PROCEDURES W NON-DRUG-ELUTING STENT W MCC OR 4+ ARTERIES OR STENTS,"$114,646",
249 PERC CARDIOVASC PROC W NON-DRUG-ELUTING STENT W/O MCC,"$84,528",
250 PERC CARDIOVASC PROC W/O CORONARY ARTERY STENT W MCC,"$86,040",
251 PERC CARDIOVASC PROC W/O CORONARY ARTERY STENT W/O MCC,"$73,833",
252 OTHER VASCULAR PROCEDURES W MCC,"$123,260",
253 OTHER VASCULAR PROCEDURES W CC,"$98,530",
254 OTHER VASCULAR PROCEDURES W/O CC/MCC,"$62,233",
255 UPPER LIMB & TOE AMPUTATION FOR CIRC SYSTEM DISORDERS W MCC,"$69,562",
256 UPPER LIMB & TOE AMPUTATION FOR CIRC SYSTEM DISORDERS W CC,"$42,135",
258 CARDIAC PACEMAKER DEVICE REPLACEMENT W MCC,"$75,951",
259 CARDIAC PACEMAKER DEVICE REPLACEMENT W/O MCC,"$46,753",
260 CARDIAC PACEMAKER REVISION EXCEPT DEVICE REPLACEMENT W MCC,"$173,185",
261 CARDIAC PACEMAKER REVISION EXCEPT DEVICE REPLACEMENT W CC,"$63,840",
262 CARDIAC PACEMAKER REVISION EXCEPT DEVICE REPLACEMENT W/O CC/MCC,"$52,361",
263 VEIN LIGATION & STRIPPING,"$67,266",
264 OTHER CIRCULATORY SYSTEM O.R. PROCEDURES,"$134,814",
265 AICD LEAD PROCEDURES,"$156,730",
266 ENDOVASCULAR CARDIAC VALVE REPLACEMENT W MCC,"$227,709",
267 ENDOVASCULAR CARDIAC VALVE REPLACEMENT W/O MCC,"$151,647",
268 AORTIC AND HEART ASSIST PROCEDURES EXCEPT PULSATION BALLOON W MCC,"$240,099",
269 AORTIC AND HEART ASSIST PROCEDURES EXCEPT PULSATION BALLOON W/O MCC,"$128,513",
270 OTHER MAJOR CARDIOVASCULAR PROCEDURES W MCC,"$194,050",
271 OTHER MAJOR CARDIOVASCULAR PROCEDURES W CC,"$139,255",
272 OTHER MAJOR CARDIOVASCULAR PROCEDURES W/O CC/MCC,"$89,781",
273 PERCUTANEOUS INTRACARDIAC PROCEDURES W MCC,"$164,400",
274 PERCUTANEOUS INTRACARDIAC PROCEDURES W/O MCC,"$110,035",
"280 ACUTE MYOCARDIAL INFARCTION, DISCHARGED ALIVE W MCC","$48,937",
"281 ACUTE MYOCARDIAL INFARCTION, DISCHARGED ALIVE W CC","$30,945",
"282 ACUTE MYOCARDIAL INFARCTION, DISCHARGED ALIVE W/O CC/MCC","$29,259",
"283 ACUTE MYOCARDIAL INFARCTION, EXPIRED W MCC","$46,882",
"284 ACUTE MYOCARDIAL INFARCTION, EXPIRED W CC","$9,940",
"286 CIRCULATORY DISORDERS EXCEPT AMI, W CARD CATH W MCC","$81,149",
"287 CIRCULATORY DISORDERS EXCEPT AMI, W CARD CATH W/O MCC","$43,005",
288 ACUTE & SUBACUTE ENDOCARDITIS W MCC,"$69,230",
289 ACUTE & SUBACUTE ENDOCARDITIS W CC,"$31,705",
290 ACUTE & SUBACUTE ENDOCARDITIS W/O CC/MCC,"$51,527",
291 HEART FAILURE & SHOCK W MCC OR PERIPHERAL EXTRACORPOREAL MEMBRANE OXYGENATION (ECMO),"$41,868",
292 HEART FAILURE & SHOCK W CC,"$29,698",
293 HEART FAILURE & SHOCK W/O CC/MCC,"$20,086",
"296 CARDIAC ARREST, UNEXPLAINED W MCC OR PERIPHERAL EXTRACORPOREAL MEMBRANE OXYGENATION (ECMO)","$41,562",
299 PERIPHERAL VASCULAR DISORDERS W MCC,"$35,640",
300 PERIPHERAL VASCULAR DISORDERS W CC,"$29,429",
301 PERIPHERAL VASCULAR DISORDERS W/O CC/MCC,"$18,789",
302 ATHEROSCLEROSIS W MCC,"$40,871",
303 ATHEROSCLEROSIS W/O MCC,"$22,895",
304 HYPERTENSION W MCC,"$26,502",
305 HYPERTENSION W/O MCC,"$17,501",
306 CARDIAC CONGENITAL & VALVULAR DISORDERS W MCC,"$77,863",
307 CARDIAC CONGENITAL & VALVULAR DISORDERS W/O MCC,"$19,481",
308 CARDIAC ARRHYTHMIA & CONDUCTION DISORDERS W MCC,"$33,765",
309 CARDIAC ARRHYTHMIA & CONDUCTION DISORDERS W CC,"$20,509",
310 CARDIAC ARRHYTHMIA & CONDUCTION DISORDERS W/O CC/MCC,"$15,432",
311 ANGINA PECTORIS,"$17,607",
312 SYNCOPE & COLLAPSE,"$20,543",
313 CHEST PAIN,"$19,531",
314 OTHER CIRCULATORY SYSTEM DIAGNOSES W MCC,"$66,117",
315 OTHER CIRCULATORY SYSTEM DIAGNOSES W CC,"$33,310",
316 OTHER CIRCULATORY SYSTEM DIAGNOSES W/O CC/MCC,"$18,875",
"326 STOMACH, ESOPHAGEAL & DUODENAL PROC W MCC","$158,683",
"327 STOMACH, ESOPHAGEAL & DUODENAL PROC W CC","$84,455",
"328 STOMACH, ESOPHAGEAL & DUODENAL PROC W/O CC/MCC","$44,062",
329 MAJOR SMALL & LARGE BOWEL PROCEDURES W MCC,"$163,094",
330 MAJOR SMALL & LARGE BOWEL PROCEDURES W CC,"$78,225",
331 MAJOR SMALL & LARGE BOWEL PROCEDURES W/O CC/MCC,"$57,394",
333 RECTAL RESECTION W CC,"$92,260",
334 RECTAL RESECTION W/O CC/MCC,"$46,955",
335 PERITONEAL ADHESIOLYSIS W MCC,"$143,481",
336 PERITONEAL ADHESIOLYSIS W CC,"$83,728",
337 PERITONEAL ADHESIOLYSIS W/O CC/MCC,"$54,734",
338 APPENDECTOMY W COMPLICATED PRINCIPAL DIAG W MCC,"$78,566",
339 APPENDECTOMY W COMPLICATED PRINCIPAL DIAG W CC,"$49,059",
340 APPENDECTOMY W COMPLICATED PRINCIPAL DIAG W/O CC/MCC,"$35,208",
341 APPENDECTOMY W/O COMPLICATED PRINCIPAL DIAG W MCC,"$36,208",
342 APPENDECTOMY W/O COMPLICATED PRINCIPAL DIAG W CC,"$38,511",
343 APPENDECTOMY W/O COMPLICATED PRINCIPAL DIAG W/O CC/MCC,"$32,957",
344 MINOR SMALL & LARGE BOWEL PROCEDURES W MCC,"$92,188",
345 MINOR SMALL & LARGE BOWEL PROCEDURES W CC,"$35,602",
346 MINOR SMALL & LARGE BOWEL PROCEDURES W/O CC/MCC,"$31,408",
347 ANAL & STOMAL PROCEDURES W MCC,"$100,510",
348 ANAL & STOMAL PROCEDURES W CC,"$32,499",
349 ANAL & STOMAL PROCEDURES W/O CC/MCC,"$37,075",
350 INGUINAL & FEMORAL HERNIA PROCEDURES W MCC,"$60,230",
351 INGUINAL & FEMORAL HERNIA PROCEDURES W CC,"$57,128",
352 INGUINAL & FEMORAL HERNIA PROCEDURES W/O CC/MCC,"$32,490",
353 HERNIA PROCEDURES EXCEPT INGUINAL & FEMORAL W MCC,"$125,916",
354 HERNIA PROCEDURES EXCEPT INGUINAL & FEMORAL W CC,"$66,790",
355 HERNIA PROCEDURES EXCEPT INGUINAL & FEMORAL W/O CC/MCC,"$43,648",
356 OTHER DIGESTIVE SYSTEM O.R. PROCEDURES W MCC,"$159,992",
357 OTHER DIGESTIVE SYSTEM O.R. PROCEDURES W CC,"$72,782",
358 OTHER DIGESTIVE SYSTEM O.R. PROCEDURES W/O CC/MCC,"$42,758",
368 MAJOR ESOPHAGEAL DISORDERS W MCC,"$48,739",
369 MAJOR ESOPHAGEAL DISORDERS W CC,"$23,869",
370 MAJOR ESOPHAGEAL DISORDERS W/O CC/MCC,"$11,496",
371 MAJOR GASTROINTESTINAL DISORDERS & PERITONEAL INFECTIONS W MCC,"$42,994",
372 MAJOR GASTROINTESTINAL DISORDERS & PERITONEAL INFECTIONS W CC,"$30,769",
373 MAJOR GASTROINTESTINAL DISORDERS & PERITONEAL INFECTIONS W/O CC/MCC,"$18,414",
374 DIGESTIVE MALIGNANCY W MCC,"$58,055",
375 DIGESTIVE MALIGNANCY W CC,"$33,327",
376 DIGESTIVE MALIGNANCY W/O CC/MCC,"$29,769",
377 G.I. HEMORRHAGE W MCC,"$55,265",
378 G.I. HEMORRHAGE W CC,"$31,663",
379 G.I. HEMORRHAGE W/O CC/MCC,"$18,436",
380 COMPLICATED PEPTIC ULCER W MCC,"$61,873",
381 COMPLICATED PEPTIC ULCER W CC,"$34,801",
382 COMPLICATED PEPTIC ULCER W/O CC/MCC,"$23,139",
383 UNCOMPLICATED PEPTIC ULCER W MCC,"$47,852",
384 UNCOMPLICATED PEPTIC ULCER W/O MCC,"$25,581",
385 INFLAMMATORY BOWEL DISEASE W MCC,"$63,470",
386 INFLAMMATORY BOWEL DISEASE W CC,"$32,409",
387 INFLAMMATORY BOWEL DISEASE W/O CC/MCC,"$25,221",
388 G.I. OBSTRUCTION W MCC,"$32,386",
389 G.I. OBSTRUCTION W CC,"$21,699",
390 G.I. OBSTRUCTION W/O CC/MCC,"$12,965",
"391 ESOPHAGITIS, GASTROENT & MISC DIGEST DISORDERS W MCC","$36,681",
"392 ESOPHAGITIS, GASTROENT & MISC DIGEST DISORDERS W/O MCC","$18,175",
393 OTHER DIGESTIVE SYSTEM DIAGNOSES W MCC,"$44,868",
394 OTHER DIGESTIVE SYSTEM DIAGNOSES W CC,"$27,498",
395 OTHER DIGESTIVE SYSTEM DIAGNOSES W/O CC/MCC,"$16,887",
"405 PANCREAS, LIVER & SHUNT PROCEDURES W MCC","$186,609",
"406 PANCREAS, LIVER & SHUNT PROCEDURES W CC","$97,870",
"407 PANCREAS, LIVER & SHUNT PROCEDURES W/O CC/MCC","$63,017",
408 BILIARY TRACT PROC EXCEPT ONLY CHOLECYST W OR W/O C.D.E. W MCC,"$184,798",
409 BILIARY TRACT PROC EXCEPT ONLY CHOLECYST W OR W/O C.D.E. W CC,"$94,572",
410 BILIARY TRACT PROC EXCEPT ONLY CHOLECYST W OR W/O C.D.E. W/O CC/MCC,"$59,509",
414 CHOLECYSTECTOMY EXCEPT BY LAPAROSCOPE W/O C.D.E. W MCC,"$140,350",
415 CHOLECYSTECTOMY EXCEPT BY LAPAROSCOPE W/O C.D.E. W CC,"$65,038",
416 CHOLECYSTECTOMY EXCEPT BY LAPAROSCOPE W/O C.D.E. W/O CC/MCC,"$63,426",
417 LAPAROSCOPIC CHOLECYSTECTOMY W/O C.D.E. W MCC,"$71,889",
418 LAPAROSCOPIC CHOLECYSTECTOMY W/O C.D.E. W CC,"$60,932",
419 LAPAROSCOPIC CHOLECYSTECTOMY W/O C.D.E. W/O CC/MCC,"$44,786",
420 HEPATOBILIARY DIAGNOSTIC PROCEDURES W MCC,"$88,418",
421 HEPATOBILIARY DIAGNOSTIC PROCEDURES W CC,"$69,157",
422 HEPATOBILIARY DIAGNOSTIC PROCEDURES W/O CC/MCC,"$42,972",
423 OTHER HEPATOBILIARY OR PANCREAS O.R. PROCEDURES W MCC,"$138,816",
424 OTHER HEPATOBILIARY OR PANCREAS O.R. PROCEDURES W CC,"$52,481",
432 CIRRHOSIS & ALCOHOLIC HEPATITIS W MCC,"$67,138",
433 CIRRHOSIS & ALCOHOLIC HEPATITIS W CC,"$32,911",
434 CIRRHOSIS & ALCOHOLIC HEPATITIS W/O CC/MCC,"$7,424",
435 MALIGNANCY OF HEPATOBILIARY SYSTEM OR PANCREAS W MCC,"$54,454",
436 MALIGNANCY OF HEPATOBILIARY SYSTEM OR PANCREAS W CC,"$33,797",
437 MALIGNANCY OF HEPATOBILIARY SYSTEM OR PANCREAS W/O CC/MCC,"$18,746",
438 DISORDERS OF PANCREAS EXCEPT MALIGNANCY W MCC,"$56,650",
439 DISORDERS OF PANCREAS EXCEPT MALIGNANCY W CC,"$27,076",
440 DISORDERS OF PANCREAS EXCEPT MALIGNANCY W/O CC/MCC,"$17,122",
"441 DISORDERS OF LIVER EXCEPT MALIG,CIRR,ALC HEPA W MCC","$64,031",
"442 DISORDERS OF LIVER EXCEPT MALIG,CIRR,ALC HEPA W CC","$31,176",
"443 DISORDERS OF LIVER EXCEPT MALIG,CIRR,ALC HEPA W/O CC/MCC","$21,754",
444 DISORDERS OF THE BILIARY TRACT W MCC,"$64,475",
445 DISORDERS OF THE BILIARY TRACT W CC,"$41,453",
446 DISORDERS OF THE BILIARY TRACT W/O CC/MCC,"$28,608",
453 COMBINED ANTERIOR/POSTERIOR SPINAL FUSION W MCC,"$301,940",
454 COMBINED ANTERIOR/POSTERIOR SPINAL FUSION W CC,"$208,349",
455 COMBINED ANTERIOR/POSTERIOR SPINAL FUSION W/O CC/MCC,"$149,717",
456 SPINAL FUS EXC CERV W SPINAL CURV/MALIG/INFEC OR EXT FUS W MCC,"$273,780",
457 SPINAL FUS EXC CERV W SPINAL CURV/MALIG/INFEC OR EXT FUS W CC,"$194,448",
458 SPINAL FUS EXC CERV W SPINAL CURV/MALIG/INFEC OR EXT FUS W/O CC/MCC,"$141,444",
459 SPINAL FUSION EXCEPT CERVICAL W MCC,"$179,861",
460 SPINAL FUSION EXCEPT CERVICAL W/O MCC,"$128,272",
462 BILATERAL OR MULTIPLE MAJOR JOINT PROCS OF LOWER EXTREMITY W/O MCC,"$104,698",
"463 WND DEBRID & SKN GRFT EXC HAND, FOR MUSCULO-CONN TISS DIS W MCC","$209,048",
"464 WND DEBRID & SKN GRFT EXC HAND, FOR MUSCULO-CONN TISS DIS W CC","$133,201",
"465 WND DEBRID & SKN GRFT EXC HAND, FOR MUSCULO-CONN TISS DIS W/O CC/MCC","$69,216",
466 REVISION OF HIP OR KNEE REPLACEMENT W MCC,"$193,815",
467 REVISION OF HIP OR KNEE REPLACEMENT W CC,"$121,406",
468 REVISION OF HIP OR KNEE REPLACEMENT W/O CC/MCC,"$99,417",
469 MAJOR HIP AND KNEE JOINT REPLACEMENT OR REATTACHMENT OF LOWER EXTREMITY W MCC OR TOTAL ANKLE REPLACE,"$117,176",
470 MAJOR HIP AND KNEE JOINT REPLACEMENT OR REATTACHMENT OF LOWER EXTREMITY W/O MCC,"$74,580",
471 CERVICAL SPINAL FUSION W MCC,"$130,227",
472 CERVICAL SPINAL FUSION W CC,"$90,497",
473 CERVICAL SPINAL FUSION W/O CC/MCC,"$81,127",
474 AMPUTATION FOR MUSCULOSKELETAL SYS & CONN TISSUE DIS W MCC,"$125,356",
475 AMPUTATION FOR MUSCULOSKELETAL SYS & CONN TISSUE DIS W CC,"$69,357",
476 AMPUTATION FOR MUSCULOSKELETAL SYS & CONN TISSUE DIS W/O CC/MCC,"$55,527",
477 BIOPSIES OF MUSCULOSKELETAL SYSTEM & CONNECTIVE TISSUE W MCC,"$130,079",
478 BIOPSIES OF MUSCULOSKELETAL SYSTEM & CONNECTIVE TISSUE W CC,"$93,239",
479 BIOPSIES OF MUSCULOSKELETAL SYSTEM & CONNECTIVE TISSUE W/O CC/MCC,"$64,956",
480 HIP & FEMUR PROCEDURES EXCEPT MAJOR JOINT W MCC,"$123,459",
481 HIP & FEMUR PROCEDURES EXCEPT MAJOR JOINT W CC,"$90,612",
482 HIP & FEMUR PROCEDURES EXCEPT MAJOR JOINT W/O CC/MCC,"$64,411",
483 MAJOR JOINT/LIMB REATTACHMENT PROCEDURE OF UPPER EXTREMITIES,"$80,357",
485 KNEE PROCEDURES W PDX OF INFECTION W MCC,"$312,533",
486 KNEE PROCEDURES W PDX OF INFECTION W CC,"$100,294",
487 KNEE PROCEDURES W PDX OF INFECTION W/O CC/MCC,"$59,835",
488 KNEE PROCEDURES W/O PDX OF INFECTION W CC/MCC,"$97,519",
489 KNEE PROCEDURES W/O PDX OF INFECTION W/O CC/MCC,"$53,719",
"492 LOWER EXTREM & HUMER PROC EXCEPT HIP,FOOT,FEMUR W MCC","$168,351",
"493 LOWER EXTREM & HUMER PROC EXCEPT HIP,FOOT,FEMUR W CC","$97,861",
"494 LOWER EXTREM & HUMER PROC EXCEPT HIP,FOOT,FEMUR W/O CC/MCC","$66,965",
495 LOCAL EXCISION & REMOVAL INT FIX DEVICES EXC HIP & FEMUR W MCC,"$76,821",
496 LOCAL EXCISION & REMOVAL INT FIX DEVICES EXC HIP & FEMUR W CC,"$74,703",
497 LOCAL EXCISION & REMOVAL INT FIX DEVICES EXC HIP & FEMUR W/O CC/MCC,"$46,171",
498 LOCAL EXCISION & REMOVAL INT FIX DEVICES OF HIP & FEMUR W CC/MCC,"$68,044",
499 LOCAL EXCISION & REMOVAL INT FIX DEVICES OF HIP & FEMUR W/O CC/MCC,"$40,261",
500 SOFT TISSUE PROCEDURES W MCC,"$104,152",
501 SOFT TISSUE PROCEDURES W CC,"$72,769",
502 SOFT TISSUE PROCEDURES W/O CC/MCC,"$54,871",
503 FOOT PROCEDURES W MCC,"$176,126",
504 FOOT PROCEDURES W CC,"$57,239",
505 FOOT PROCEDURES W/O CC/MCC,"$54,419",
506 MAJOR THUMB OR JOINT PROCEDURES,"$46,684",
507 MAJOR SHOULDER OR ELBOW JOINT PROCEDURES W CC/MCC,"$64,662",
508 MAJOR SHOULDER OR ELBOW JOINT PROCEDURES W/O CC/MCC,"$83,616",
"510 SHOULDER,ELBOW OR FOREARM PROC,EXC MAJOR JOINT PROC W MCC","$73,614",
"511 SHOULDER,ELBOW OR FOREARM PROC,EXC MAJOR JOINT PROC W CC","$62,169",
"512 SHOULDER,ELBOW OR FOREARM PROC,EXC MAJOR JOINT PROC W/O CC/MCC","$68,228",
"513 HAND OR WRIST PROC, EXCEPT MAJOR THUMB OR JOINT PROC W CC/MCC","$50,419",
"514 HAND OR WRIST PROC, EXCEPT MAJOR THUMB OR JOINT PROC W/O CC/MCC","$41,821",
515 OTHER MUSCULOSKELET SYS & CONN TISS O.R. PROC W MCC,"$245,978",
516 OTHER MUSCULOSKELET SYS & CONN TISS O.R. PROC W CC,"$84,440",
517 OTHER MUSCULOSKELET SYS & CONN TISS O.R. PROC W/O CC/MCC,"$57,091",
518 BACK & NECK PROC EXC SPINAL FUSION W MCC OR DISC DEVICE/NEUROSTIM,"$74,409",
519 BACK & NECK PROC EXC SPINAL FUSION W CC,"$66,996",
520 BACK & NECK PROC EXC SPINAL FUSION W/O CC/MCC,"$50,962",
534 FRACTURES OF FEMUR W/O MCC,"$18,532",
535 FRACTURES OF HIP & PELVIS W MCC,"$58,552",
536 FRACTURES OF HIP & PELVIS W/O MCC,"$22,847",
"538 SPRAINS, STRAINS, & DISLOCATIONS OF HIP, PELVIS & THIGH W/O CC/MCC","$18,498",
539 OSTEOMYELITIS W MCC,"$50,470",
540 OSTEOMYELITIS W CC,"$35,915",
541 OSTEOMYELITIS W/O CC/MCC,"$27,628",
542 PATHOLOGICAL FRACTURES & MUSCULOSKELET & CONN TISS MALIG W MCC,"$50,736",
543 PATHOLOGICAL FRACTURES & MUSCULOSKELET & CONN TISS MALIG W CC,"$41,276",
544 PATHOLOGICAL FRACTURES & MUSCULOSKELET & CONN TISS MALIG W/O CC/MCC,"$31,635",
545 CONNECTIVE TISSUE DISORDERS W MCC,"$70,117",
546 CONNECTIVE TISSUE DISORDERS W CC,"$38,052",
547 CONNECTIVE TISSUE DISORDERS W/O CC/MCC,"$30,440",
548 SEPTIC ARTHRITIS W MCC,"$70,749",
549 SEPTIC ARTHRITIS W CC,"$60,875",
550 SEPTIC ARTHRITIS W/O CC/MCC,"$47,156",
551 MEDICAL BACK PROBLEMS W MCC,"$35,214",
552 MEDICAL BACK PROBLEMS W/O MCC,"$21,430",
553 BONE DISEASES & ARTHROPATHIES W MCC,"$39,290",
554 BONE DISEASES & ARTHROPATHIES W/O MCC,"$20,062",
555 SIGNS & SYMPTOMS OF MUSCULOSKELETAL SYSTEM & CONN TISSUE W MCC,"$72,940",
556 SIGNS & SYMPTOMS OF MUSCULOSKELETAL SYSTEM & CONN TISSUE W/O MCC,"$18,082",
"557 TENDONITIS, MYOSITIS & BURSITIS W MCC","$29,454",
"558 TENDONITIS, MYOSITIS & BURSITIS W/O MCC","$21,048",
"559 AFTERCARE, MUSCULOSKELETAL SYSTEM & CONNECTIVE TISSUE W MCC","$50,546",
"560 AFTERCARE, MUSCULOSKELETAL SYSTEM & CONNECTIVE TISSUE W CC","$43,124",
"561 AFTERCARE, MUSCULOSKELETAL SYSTEM & CONNECTIVE TISSUE W/O CC/MCC","$35,213",
"562 FX, SPRN, STRN & DISL EXCEPT FEMUR, HIP, PELVIS & THIGH W MCC","$35,334",
"563 FX, SPRN, STRN & DISL EXCEPT FEMUR, HIP, PELVIS & THIGH W/O MCC","$17,254",
564 OTHER MUSCULOSKELETAL SYS & CONNECTIVE TISSUE DIAGNOSES W MCC,"$45,983",
565 OTHER MUSCULOSKELETAL SYS & CONNECTIVE TISSUE DIAGNOSES W CC,"$25,642",
566 OTHER MUSCULOSKELETAL SYS & CONNECTIVE TISSUE DIAGNOSES W/O CC/MCC,"$31,175",
570 SKIN DEBRIDEMENT W MCC,"$71,086",
571 SKIN DEBRIDEMENT W CC,"$70,992",
572 SKIN DEBRIDEMENT W/O CC/MCC,"$36,826",
573 SKIN GRAFT FOR SKIN ULCER OR CELLULITIS W MCC,"$136,254",
574 SKIN GRAFT FOR SKIN ULCER OR CELLULITIS W CC,"$86,615",
575 SKIN GRAFT FOR SKIN ULCER OR CELLULITIS W/O CC/MCC,"$41,503",
576 SKIN GRAFT EXC FOR SKIN ULCER OR CELLULITIS W MCC,"$164,294",
577 SKIN GRAFT EXC FOR SKIN ULCER OR CELLULITIS W CC,"$102,925",
578 SKIN GRAFT EXC FOR SKIN ULCER OR CELLULITIS W/O CC/MCC,"$61,447",
"579 OTHER SKIN, SUBCUT TISS & BREAST PROC W MCC","$81,613",
"580 OTHER SKIN, SUBCUT TISS & BREAST PROC W CC","$60,343",
"581 OTHER SKIN, SUBCUT TISS & BREAST PROC W/O CC/MCC","$33,721",
582 MASTECTOMY FOR MALIGNANCY W CC/MCC,"$71,880",
583 MASTECTOMY FOR MALIGNANCY W/O CC/MCC,"$67,920",
"584 BREAST BIOPSY, LOCAL EXCISION & OTHER BREAST PROCEDURES W CC/MCC","$86,329",
"585 BREAST BIOPSY, LOCAL EXCISION & OTHER BREAST PROCEDURES W/O CC/MCC","$84,859",
592 SKIN ULCERS W MCC,"$73,198",
593 SKIN ULCERS W CC,"$31,302",
595 MAJOR SKIN DISORDERS W MCC,"$98,749",
596 MAJOR SKIN DISORDERS W/O MCC,"$27,579",
597 MALIGNANT BREAST DISORDERS W MCC,"$81,404",
598 MALIGNANT BREAST DISORDERS W CC,"$15,669",
600 NON-MALIGNANT BREAST DISORDERS W CC/MCC,"$16,712",
601 NON-MALIGNANT BREAST DISORDERS W/O CC/MCC,"$13,372",
602 CELLULITIS W MCC,"$33,353",
603 CELLULITIS W/O MCC,"$17,520",
"604 TRAUMA TO THE SKIN, SUBCUT TISS & BREAST W MCC","$41,610",
"605 TRAUMA TO THE SKIN, SUBCUT TISS & BREAST W/O MCC","$19,763",
606 MINOR SKIN DISORDERS W MCC,"$43,532",
607 MINOR SKIN DISORDERS W/O MCC,"$18,782",
614 ADRENAL & PITUITARY PROCEDURES W CC/MCC,"$98,726",
615 ADRENAL & PITUITARY PROCEDURES W/O CC/MCC,"$78,018",
"616 AMPUTAT OF LOWER LIMB FOR ENDOCRINE,NUTRIT,& METABOL DIS W MCC","$99,592",
"617 AMPUTAT OF LOWER LIMB FOR ENDOCRINE,NUTRIT,& METABOL DIS W CC","$64,875",
619 O.R. PROCEDURES FOR OBESITY W MCC,"$78,577",
620 O.R. PROCEDURES FOR OBESITY W CC,"$54,287",
621 O.R. PROCEDURES FOR OBESITY W/O CC/MCC,"$46,383",
"622 SKIN GRAFTS & WOUND DEBRID FOR ENDOC, NUTRIT & METAB DIS W MCC","$122,097",
"623 SKIN GRAFTS & WOUND DEBRID FOR ENDOC, NUTRIT & METAB DIS W CC","$60,558",
"624 SKIN GRAFTS & WOUND DEBRID FOR ENDOC, NUTRIT & METAB DIS W/O CC/MCC","$39,282",
"625 THYROID, PARATHYROID & THYROGLOSSAL PROCEDURES W MCC","$103,153",
"626 THYROID, PARATHYROID & THYROGLOSSAL PROCEDURES W CC","$69,942",
"627 THYROID, PARATHYROID & THYROGLOSSAL PROCEDURES W/O CC/MCC","$38,977",
"628 OTHER ENDOCRINE, NUTRIT & METAB O.R. PROC W MCC","$163,027",
"629 OTHER ENDOCRINE, NUTRIT & METAB O.R. PROC W CC","$79,663",
"630 OTHER ENDOCRINE, NUTRIT & METAB O.R. PROC W/O CC/MCC","$46,320",
637 DIABETES W MCC,"$39,673",
638 DIABETES W CC,"$23,722",
639 DIABETES W/O CC/MCC,"$14,870",
"640 MISC DISORDERS OF NUTRITION,METABOLISM,FLUIDS/ELECTROLYTES W MCC","$31,691",
"641 MISC DISORDERS OF NUTRITION,METABOLISM,FLUIDS/ELECTROLYTES W/O MCC","$20,815",
642 INBORN AND OTHER DISORDERS OF METABOLISM,"$56,666",
643 ENDOCRINE DISORDERS W MCC,"$53,771",
644 ENDOCRINE DISORDERS W CC,"$25,191",
645 ENDOCRINE DISORDERS W/O CC/MCC,"$10,302",
652 KIDNEY TRANSPLANT,"$172,143",
653 MAJOR BLADDER PROCEDURES W MCC,"$198,163",
654 MAJOR BLADDER PROCEDURES W CC,"$111,589",
655 MAJOR BLADDER PROCEDURES W/O CC/MCC,"$79,741",
656 KIDNEY & URETER PROCEDURES FOR NEOPLASM W MCC,"$95,395",
657 KIDNEY & URETER PROCEDURES FOR NEOPLASM W CC,"$87,156",
658 KIDNEY & URETER PROCEDURES FOR NEOPLASM W/O CC/MCC,"$74,743",
659 KIDNEY & URETER PROCEDURES FOR NON-NEOPLASM W MCC,"$113,883",
660 KIDNEY & URETER PROCEDURES FOR NON-NEOPLASM W CC,"$62,934",
661 KIDNEY & URETER PROCEDURES FOR NON-NEOPLASM W/O CC/MCC,"$54,510",
662 MINOR BLADDER PROCEDURES W MCC,"$85,570",
663 MINOR BLADDER PROCEDURES W CC,"$50,718",
664 MINOR BLADDER PROCEDURES W/O CC/MCC,"$53,394",
665 PROSTATECTOMY W MCC,"$61,284",
666 PROSTATECTOMY W CC,"$57,419",
667 PROSTATECTOMY W/O CC/MCC,"$34,000",
668 TRANSURETHRAL PROCEDURES W MCC,"$78,630",
669 TRANSURETHRAL PROCEDURES W CC,"$46,246",
670 TRANSURETHRAL PROCEDURES W/O CC/MCC,"$33,254",
671 URETHRAL PROCEDURES W CC/MCC,"$59,654",
672 URETHRAL PROCEDURES W/O CC/MCC,"$57,779",
673 OTHER KIDNEY & URINARY TRACT PROCEDURES W MCC,"$115,411",
674 OTHER KIDNEY & URINARY TRACT PROCEDURES W CC,"$82,327",
675 OTHER KIDNEY & URINARY TRACT PROCEDURES W/O CC/MCC,"$107,141",
682 RENAL FAILURE W MCC,"$41,099",
683 RENAL FAILURE W CC,"$24,468",
684 RENAL FAILURE W/O CC/MCC,"$16,315",
686 KIDNEY & URINARY TRACT NEOPLASMS W MCC,"$46,022",
687 KIDNEY & URINARY TRACT NEOPLASMS W CC,"$37,780",
688 KIDNEY & URINARY TRACT NEOPLASMS W/O CC/MCC,"$28,566",
689 KIDNEY & URINARY TRACT INFECTIONS W MCC,"$32,391",
690 KIDNEY & URINARY TRACT INFECTIONS W/O MCC,"$17,489",
693 URINARY STONES W/O ESW LITHOTRIPSY W MCC,"$42,885",
694 URINARY STONES W/O ESW LITHOTRIPSY W/O MCC,"$24,740",
695 KIDNEY & URINARY TRACT SIGNS & SYMPTOMS W MCC,"$10,925",
696 KIDNEY & URINARY TRACT SIGNS & SYMPTOMS W/O MCC,"$17,929",
698 OTHER KIDNEY & URINARY TRACT DIAGNOSES W MCC,"$54,878",
699 OTHER KIDNEY & URINARY TRACT DIAGNOSES W CC,"$36,992",
700 OTHER KIDNEY & URINARY TRACT DIAGNOSES W/O CC/MCC,"$30,840",
707 MAJOR MALE PELVIC PROCEDURES W CC/MCC,"$142,762",
708 MAJOR MALE PELVIC PROCEDURES W/O CC/MCC,"$94,964",
709 PENIS PROCEDURES W CC/MCC,"$81,491",
710 PENIS PROCEDURES W/O CC/MCC,"$46,833",
711 TESTES PROCEDURES W CC/MCC,"$37,080",
712 TESTES PROCEDURES W/O CC/MCC,"$27,069",
713 TRANSURETHRAL PROSTATECTOMY W CC/MCC,"$45,236",
714 TRANSURETHRAL PROSTATECTOMY W/O CC/MCC,"$29,398",
715 OTHER MALE REPRODUCTIVE SYSTEM O.R. PROC FOR MALIGNANCY W CC/MCC,"$40,595",
716 OTHER MALE REPRODUCTIVE SYSTEM O.R. PROC FOR MALIGNANCY W/O CC/MCC,"$43,674",
717 OTHER MALE REPRODUCTIVE SYSTEM O.R. PROC EXC MALIGNANCY W CC/MCC,"$48,793",
718 OTHER MALE REPRODUCTIVE SYSTEM O.R. PROC EXC MALIGNANCY W/O CC/MCC,"$24,380",
"722 MALIGNANCY, MALE REPRODUCTIVE SYSTEM W MCC","$91,194",
"723 MALIGNANCY, MALE REPRODUCTIVE SYSTEM W CC","$16,003",
725 BENIGN PROSTATIC HYPERTROPHY W MCC,"$22,268",
726 BENIGN PROSTATIC HYPERTROPHY W/O MCC,"$15,422",
727 INFLAMMATION OF THE MALE REPRODUCTIVE SYSTEM W MCC,"$41,318",
728 INFLAMMATION OF THE MALE REPRODUCTIVE SYSTEM W/O MCC,"$18,821",
729 OTHER MALE REPRODUCTIVE SYSTEM DIAGNOSES W CC/MCC,"$55,098",
730 OTHER MALE REPRODUCTIVE SYSTEM DIAGNOSES W/O CC/MCC,"$8,249",
"734 PELVIC EVISCERATION, RAD HYSTERECTOMY & RAD VULVECTOMY W CC/MCC","$107,917",
"735 PELVIC EVISCERATION, RAD HYSTERECTOMY & RAD VULVECTOMY W/O CC/MCC","$77,058",
736 UTERINE & ADNEXA PROC FOR OVARIAN OR ADNEXAL MALIGNANCY W MCC,"$216,563",
737 UTERINE & ADNEXA PROC FOR OVARIAN OR ADNEXAL MALIGNANCY W CC,"$81,030",
738 UTERINE & ADNEXA PROC FOR OVARIAN OR ADNEXAL MALIGNANCY W/O CC/MCC,"$68,042",
"739 UTERINE,ADNEXA PROC FOR NON-OVARIAN/ADNEXAL MALIG W MCC","$156,784",
"740 UTERINE,ADNEXA PROC FOR NON-OVARIAN/ADNEXAL MALIG W CC","$75,134",
"741 UTERINE,ADNEXA PROC FOR NON-OVARIAN/ADNEXAL MALIG W/O CC/MCC","$64,900",
742 UTERINE & ADNEXA PROC FOR NON-MALIGNANCY W CC/MCC,"$71,833",
743 UTERINE & ADNEXA PROC FOR NON-MALIGNANCY W/O CC/MCC,"$54,531",
"744 D&C, CONIZATION, LAPAROSCOPY & TUBAL INTERRUPTION W CC/MCC","$60,870",
"745 D&C, CONIZATION, LAPAROSCOPY & TUBAL INTERRUPTION W/O CC/MCC","$78,597",
"746 VAGINA, CERVIX & VULVA PROCEDURES W CC/MCC","$55,728",
"747 VAGINA, CERVIX & VULVA PROCEDURES W/O CC/MCC","$34,365",
748 FEMALE REPRODUCTIVE SYSTEM RECONSTRUCTIVE PROCEDURES,"$52,213",
749 OTHER FEMALE REPRODUCTIVE SYSTEM O.R. PROCEDURES W CC/MCC,"$97,447",
750 OTHER FEMALE REPRODUCTIVE SYSTEM O.R. PROCEDURES W/O CC/MCC,"$60,909",
"754 MALIGNANCY, FEMALE REPRODUCTIVE SYSTEM W MCC","$49,716",
"755 MALIGNANCY, FEMALE REPRODUCTIVE SYSTEM W CC","$29,426",
"756 MALIGNANCY, FEMALE REPRODUCTIVE SYSTEM W/O CC/MCC","$5,107",
"757 INFECTIONS, FEMALE REPRODUCTIVE SYSTEM W MCC","$49,579",
"758 INFECTIONS, FEMALE REPRODUCTIVE SYSTEM W CC","$30,517",
"759 INFECTIONS, FEMALE REPRODUCTIVE SYSTEM W/O CC/MCC","$17,213",
760 MENSTRUAL & OTHER FEMALE REPRODUCTIVE SYSTEM DISORDERS W CC/MCC,"$14,973",
761 MENSTRUAL & OTHER FEMALE REPRODUCTIVE SYSTEM DISORDERS W/O CC/MCC,"$12,393",
765 CESAREAN SECTION W CC/MCC,"$34,399",
766 CESAREAN SECTION W/O CC/MCC,"$22,177",
767 VAGINAL DELIVERY W STERILIZATION &/OR D&C,"$25,789",
768 VAGINAL DELIVERY W O.R. PROC EXCEPT STERIL &/OR D&C,"$22,738",
769 POSTPARTUM & POST ABORTION DIAGNOSES W O.R. PROCEDURE,"$82,247",
"770 ABORTION W D&C, ASPIRATION CURETTAGE OR HYSTEROTOMY","$27,909",
774 VAGINAL DELIVERY W COMPLICATING DIAGNOSES,"$22,979",
775 VAGINAL DELIVERY W/O COMPLICATING DIAGNOSES,"$17,894",
776 POSTPARTUM & POST ABORTION DIAGNOSES W/O O.R. PROCEDURE,"$17,297",
777 ECTOPIC PREGNANCY,"$46,910",
778 THREATENED ABORTION,"$19,146",
779 ABORTION W/O D&C,"$17,904",
780 FALSE LABOR,"$11,894",
781 OTHER ANTEPARTUM DIAGNOSES W MEDICAL COMPLICATIONS,"$18,168",
782 OTHER ANTEPARTUM DIAGNOSES W/O MEDICAL COMPLICATIONS,"$8,271",
783 CESAREAN SECTION W STERILIZATION W MCC,"$37,788",
784 CESAREAN SECTION W STERILIZATION W CC,"$27,268",
785 CESAREAN SECTION W STERILIZATION W/O CC/MCC,"$26,320",
786 CESAREAN SECTION W/O STERILIZATION W MCC,"$40,687",
787 CESAREAN SECTION W/O STERILIZATION W CC,"$27,165",
788 CESAREAN SECTION W/O STERILIZATION W/O CC/MCC,"$23,543",
"789 NEONATES, DIED OR TRANSFERRED TO ANOTHER ACUTE CARE FACILITY","$115,421",
"790 EXTREME IMMATURITY OR RESPIRATORY DISTRESS SYNDROME, NEONATE","$281,670",
791 PREMATURITY W MAJOR PROBLEMS,"$100,434",
792 PREMATURITY W/O MAJOR PROBLEMS,"$16,389",
793 FULL TERM NEONATE W MAJOR PROBLEMS,"$58,308",
794 NEONATE W OTHER SIGNIFICANT PROBLEMS,"$6,692",
795 NORMAL NEWBORN,"$4,402",
797 VAGINAL DELIVERY W STERILIZATION/D&C W CC,"$43,154",
798 VAGINAL DELIVERY W STERILIZATION/D&C WO CC/MCC,"$26,339",
799 SPLENECTOMY W MCC,"$123,544",
800 SPLENECTOMY W CC,"$71,229",
801 SPLENECTOMY W/O CC/MCC,"$192,428",
802 OTHER O.R. PROC OF THE BLOOD & BLOOD FORMING ORGANS W MCC,"$136,051",
803 OTHER O.R. PROC OF THE BLOOD & BLOOD FORMING ORGANS W CC,"$100,356",
804 OTHER O.R. PROC OF THE BLOOD & BLOOD FORMING ORGANS W/O CC/MCC,"$58,666",
805 VAGINAL DELIVERY W/O STERILIZATION/D&C W MCC,"$28,072",
806 VAGINAL DELIVERY W/O STERILIZATION/D&C W CC,"$20,864",
807 VAGINAL DELIVERY W/O STERILIZATION/D&C W/O CC/MCC,"$17,810",
808 MAJOR HEMATOL/IMMUN DIAG EXC SICKLE CELL CRISIS & COAGUL W MCC,"$99,055",
809 MAJOR HEMATOL/IMMUN DIAG EXC SICKLE CELL CRISIS & COAGUL W CC,"$38,969",
810 MAJOR HEMATOL/IMMUN DIAG EXC SICKLE CELL CRISIS & COAGUL W/O CC/MCC,"$16,026",
811 RED BLOOD CELL DISORDERS W MCC,"$35,973",
812 RED BLOOD CELL DISORDERS W/O MCC,"$19,348",
813 COAGULATION DISORDERS,"$51,114",
814 RETICULOENDOTHELIAL & IMMUNITY DISORDERS W MCC,"$30,103",
815 RETICULOENDOTHELIAL & IMMUNITY DISORDERS W CC,"$25,755",
816 RETICULOENDOTHELIAL & IMMUNITY DISORDERS W/O CC/MCC,"$15,658",
817 OTHER ANTEPARTUM DIAGNOSES W O.R. PROCEDURE W MCC,"$59,209",
818 OTHER ANTEPARTUM DIAGNOSES W O.R. PROCEDURE W CC,"$53,475",
819 OTHER ANTEPARTUM DIAGNOSES W O.R. PROCEDURE W/O CC/MCC,"$22,635",
820 LYMPHOMA & LEUKEMIA W MAJOR O.R. PROCEDURE W MCC,"$342,084",
821 LYMPHOMA & LEUKEMIA W MAJOR O.R. PROCEDURE W CC,"$93,567",
822 LYMPHOMA & LEUKEMIA W MAJOR O.R. PROCEDURE W/O CC/MCC,"$53,206",
823 LYMPHOMA & NON-ACUTE LEUKEMIA W OTHER PROC W MCC,"$209,872",
824 LYMPHOMA & NON-ACUTE LEUKEMIA W OTHER PROC W CC,"$95,308",
825 LYMPHOMA & NON-ACUTE LEUKEMIA W OTHER PROC W/O CC/MCC,"$83,633",
826 MYELOPROLIF DISORD OR POORLY DIFF NEOPL W MAJ O.R. PROC W MCC,"$145,497",
827 MYELOPROLIF DISORD OR POORLY DIFF NEOPL W MAJ O.R. PROC W CC,"$102,165",
828 MYELOPROLIF DISORD OR POORLY DIFF NEOPL W MAJ O.R. PROC W/O CC/MCC,"$95,320",
829 MYELOPROLIFERATIVE DISORDERS OR POORLY DIFFERENTIATED NEOPLASMS W OTHER PROCEDURE W CC/MCC,"$123,095",
830 MYELOPROLIFERATIVE DISORDERS OR POORLY DIFFERENTIATED NEOPLASMS W OTHER PROCEDURE W/O CC/MCC,"$77,056",
831 OTHER ANTEPARTUM DIAGNOSES W/O O.R. PROCEDURE W MCC,"$25,299",
832 OTHER ANTEPARTUM DIAGNOSES W/O O.R. PROCEDURE W CC,"$19,280",
833 OTHER ANTEPARTUM DIAGNOSES W/O O.R. PROCEDURE W/O CC/MCC,"$14,199",
834 ACUTE LEUKEMIA W/O MAJOR O.R. PROCEDURE W MCC,"$247,339",
835 ACUTE LEUKEMIA W/O MAJOR O.R. PROCEDURE W CC,"$114,401",
836 ACUTE LEUKEMIA W/O MAJOR O.R. PROCEDURE W/O CC/MCC,"$129,385",
837 CHEMO W ACUTE LEUKEMIA AS SDX OR W HIGH DOSE CHEMO AGENT W MCC,"$102,878",
838 CHEMO W ACUTE LEUKEMIA AS SDX W CC OR HIGH DOSE CHEMO AGENT,"$38,870",
839 CHEMO W ACUTE LEUKEMIA AS SDX W/O CC/MCC,"$25,170",
840 LYMPHOMA & NON-ACUTE LEUKEMIA W MCC,"$137,343",
841 LYMPHOMA & NON-ACUTE LEUKEMIA W CC,"$50,198",
842 LYMPHOMA & NON-ACUTE LEUKEMIA W/O CC/MCC,"$45,831",
843 OTHER MYELOPROLIF DIS OR POORLY DIFF NEOPL DIAG W MCC,"$57,172",
844 OTHER MYELOPROLIF DIS OR POORLY DIFF NEOPL DIAG W CC,"$42,791",
845 OTHER MYELOPROLIF DIS OR POORLY DIFF NEOPL DIAG W/O CC/MCC,"$15,795",
846 CHEMOTHERAPY W/O ACUTE LEUKEMIA AS SECONDARY DIAGNOSIS W MCC,"$55,867",
847 CHEMOTHERAPY W/O ACUTE LEUKEMIA AS SECONDARY DIAGNOSIS W CC,"$37,574",
848 CHEMOTHERAPY W/O ACUTE LEUKEMIA AS SECONDARY DIAGNOSIS W/O CC/MCC,"$23,128",
853 INFECTIOUS & PARASITIC DISEASES W O.R. PROCEDURE W MCC,"$186,495",
854 INFECTIOUS & PARASITIC DISEASES W O.R. PROCEDURE W CC,"$75,526",
855 INFECTIOUS & PARASITIC DISEASES W O.R. PROCEDURE W/O CC/MCC,"$39,932",
856 POSTOPERATIVE OR POST-TRAUMATIC INFECTIONS W O.R. PROC W MCC,"$145,795",
857 POSTOPERATIVE OR POST-TRAUMATIC INFECTIONS W O.R. PROC W CC,"$64,660",
858 POSTOPERATIVE OR POST-TRAUMATIC INFECTIONS W O.R. PROC W/O CC/MCC,"$71,752",
862 POSTOPERATIVE & POST-TRAUMATIC INFECTIONS W MCC,"$49,268",
863 POSTOPERATIVE & POST-TRAUMATIC INFECTIONS W/O MCC,"$22,569",
864 FEVER AND INFLAMMATORY CONDITIONS,"$26,146",
865 VIRAL ILLNESS W MCC,"$35,174",
866 VIRAL ILLNESS W/O MCC,"$20,955",
867 OTHER INFECTIOUS & PARASITIC DISEASES DIAGNOSES W MCC,"$65,651",
868 OTHER INFECTIOUS & PARASITIC DISEASES DIAGNOSES W CC,"$44,873",
869 OTHER INFECTIOUS & PARASITIC DISEASES DIAGNOSES W/O CC/MCC,"$18,132",
870 SEPTICEMIA OR SEVERE SEPSIS W MV >96 HOURS OR PERIPHERAL EXTRACORPOREAL MEMBRANE OXYGENATION (ECMO),"$171,730",
871 SEPTICEMIA OR SEVERE SEPSIS W/O MV >96 HOURS W MCC,"$61,620",
872 SEPTICEMIA OR SEVERE SEPSIS W/O MV >96 HOURS W/O MCC,"$30,407",
876 O.R. PROCEDURE W PRINCIPAL DIAGNOSES OF MENTAL ILLNESS,"$113,646",
880 ACUTE ADJUSTMENT REACTION & PSYCHOSOCIAL DYSFUNCTION,"$14,714",
881 DEPRESSIVE NEUROSES,"$12,075",
882 NEUROSES EXCEPT DEPRESSIVE,"$10,793",
883 DISORDERS OF PERSONALITY & IMPULSE CONTROL,"$9,157",
884 ORGANIC DISTURBANCES & INTELLECTUAL DISABILITY,"$31,095",
885 PSYCHOSES,"$20,995",
886 BEHAVIORAL & DEVELOPMENTAL DISORDERS,"$9,379",
887 OTHER MENTAL DISORDER DIAGNOSES,"$16,263",
"894 ALCOHOL/DRUG ABUSE OR DEPENDENCE, LEFT AMA","$14,808",
895 ALCOHOL/DRUG ABUSE OR DEPENDENCE W REHABILITATION THERAPY,"$14,500",
896 ALCOHOL/DRUG ABUSE OR DEPENDENCE W/O REHABILITATION THERAPY W MCC,"$33,184",
897 ALCOHOL/DRUG ABUSE OR DEPENDENCE W/O REHABILITATION THERAPY W/O MCC,"$16,362",
901 WOUND DEBRIDEMENTS FOR INJURIES W MCC,"$103,194",
902 WOUND DEBRIDEMENTS FOR INJURIES W CC,"$52,687",
903 WOUND DEBRIDEMENTS FOR INJURIES W/O CC/MCC,"$62,382",
904 SKIN GRAFTS FOR INJURIES W CC/MCC,"$113,390",
905 SKIN GRAFTS FOR INJURIES W/O CC/MCC,"$35,376",
906 HAND PROCEDURES FOR INJURIES,"$67,458",
907 OTHER O.R. PROCEDURES FOR INJURIES W MCC,"$139,563",
908 OTHER O.R. PROCEDURES FOR INJURIES W CC,"$63,768",
909 OTHER O.R. PROCEDURES FOR INJURIES W/O CC/MCC,"$36,149",
913 TRAUMATIC INJURY W MCC,"$28,546",
914 TRAUMATIC INJURY W/O MCC,"$16,477",
915 ALLERGIC REACTIONS W MCC,"$39,796",
916 ALLERGIC REACTIONS W/O MCC,"$11,131",
917 POISONING & TOXIC EFFECTS OF DRUGS W MCC,"$38,153",
918 POISONING & TOXIC EFFECTS OF DRUGS W/O MCC,"$23,110",
919 COMPLICATIONS OF TREATMENT W MCC,"$53,863",
920 COMPLICATIONS OF TREATMENT W CC,"$26,394",
921 COMPLICATIONS OF TREATMENT W/O CC/MCC,"$15,615",
"922 OTHER INJURY, POISONING & TOXIC EFFECT DIAG W MCC","$52,528",
"923 OTHER INJURY, POISONING & TOXIC EFFECT DIAG W/O MCC","$13,136",
927 EXTENSIVE BURNS OR FULL THICKNESS BURNS W MV >96 HRS W SKIN GRAFT,"$395,170",
928 FULL THICKNESS BURN W SKIN GRAFT OR INHAL INJ W CC/MCC,"$144,491",
929 FULL THICKNESS BURN W SKIN GRAFT OR INHAL INJ W/O CC/MCC,"$63,141",
933 EXTENSIVE BURNS OR FULL THICKNESS BURNS W MV >96 HRS W/O SKIN GRAFT,"$33,942",
934 FULL THICKNESS BURN W/O SKIN GRAFT OR INHAL INJ,"$26,095",
935 NON-EXTENSIVE BURNS,"$20,999",
939 O.R. PROC W DIAGNOSES OF OTHER CONTACT W HEALTH SERVICES W MCC,"$104,345",
940 O.R. PROC W DIAGNOSES OF OTHER CONTACT W HEALTH SERVICES W CC,"$64,107",
941 O.R. PROC W DIAGNOSES OF OTHER CONTACT W HEALTH SERVICES W/O CC/MCC,"$43,074",
945 REHABILITATION W CC/MCC,"$52,774",
946 REHABILITATION W/O CC/MCC,"$30,991",
947 SIGNS & SYMPTOMS W MCC,"$32,683",
948 SIGNS & SYMPTOMS W/O MCC,"$18,481",
949 AFTERCARE W CC/MCC,"$44,027",
950 AFTERCARE W/O CC/MCC,"$20,837",
951 OTHER FACTORS INFLUENCING HEALTH STATUS,"$20,447",
955 CRANIOTOMY FOR MULTIPLE SIGNIFICANT TRAUMA,"$178,385",
"956 LIMB REATTACHMENT, HIP & FEMUR PROC FOR MULTIPLE SIGNIFICANT TRAUMA","$202,130",
957 OTHER O.R. PROCEDURES FOR MULTIPLE SIGNIFICANT TRAUMA W MCC,"$257,542",
958 OTHER O.R. PROCEDURES FOR MULTIPLE SIGNIFICANT TRAUMA W CC,"$139,199",
959 OTHER O.R. PROCEDURES FOR MULTIPLE SIGNIFICANT TRAUMA W/O CC/MCC,"$55,852",
963 OTHER MULTIPLE SIGNIFICANT TRAUMA W MCC,"$43,431",
964 OTHER MULTIPLE SIGNIFICANT TRAUMA W CC,"$31,515",
965 OTHER MULTIPLE SIGNIFICANT TRAUMA W/O CC/MCC,"$18,534",
969 HIV W EXTENSIVE O.R. PROCEDURE W MCC,"$81,973",
970 HIV W EXTENSIVE O.R. PROCEDURE W/O MCC,"$37,030",
974 HIV W MAJOR RELATED CONDITION W MCC,"$144,259",
975 HIV W MAJOR RELATED CONDITION W CC,"$44,604",
976 HIV W MAJOR RELATED CONDITION W/O CC/MCC,"$33,936",
977 HIV W OR W/O OTHER RELATED CONDITION,"$44,057",
981 EXTENSIVE O.R. PROCEDURE UNRELATED TO PRINCIPAL DIAGNOSIS W MCC,"$169,885",
982 EXTENSIVE O.R. PROCEDURE UNRELATED TO PRINCIPAL DIAGNOSIS W CC,"$72,956",
983 EXTENSIVE O.R. PROCEDURE UNRELATED TO PRINCIPAL DIAGNOSIS W/O CC/MCC,"$50,465",
987 NON-EXTENSIVE O.R. PROC UNRELATED TO PRINCIPAL DIAGNOSIS W MCC,"$151,905",
988 NON-EXTENSIVE O.R. PROC UNRELATED TO PRINCIPAL DIAGNOSIS W CC,"$56,675",
989 NON-EXTENSIVE O.R. PROC UNRELATED TO PRINCIPAL DIAGNOSIS W/O CC/MCC,"$49,353",
998 PRINCIPAL DIAGNOSIS INVALID AS DISCHARGE DIAGNOSIS,"$13,680",
999 UNGROUPABLE,"$233,138",
NO MSDRG NO MSDRG,"$3,638",
Grand Total,"$9,154",
