,DRG,MS-DRG Name, Grand Rapids , Regional * ,
,001,HEART TRANSPLANT OR IMPLANT OF HEART ASSIST SYSTEM W MCC," $868,178 ",,
,003,"ECMO OR TRACH W MV >96 HRS OR PDX EXC FACE, MOUTH & NECK W MAJ O.R."," $412,843 ",,
,004,"TRACH W MV >96 HRS OR PDX EXC FACE, MOUTH & NECK W/O MAJ O.R."," $218,358 ",,
,007,LUNG TRANSPLANT," $368,097 ",,
,011,"TRACHEOSTOMY FOR FACE, MOUTH & NECK DIAGNOSES OR LARYNGECTOMY W MCC"," $130,901 ",,
,012,"TRACHEOSTOMY FOR FACE, MOUTH & NECK DIAGNOSES OR LARYNGECTOMY W CC"," $119,306 ",,
,013,"TRACHEOSTOMY FOR FACE, MOUTH & NECK DIAGNOSES OR LARYNGECTOMY W/O CC/MCC"," $61,335 ",,
,014,ALLOGENEIC BONE MARROW TRANSPLANT," $396,999 ",,
,016,AUTOLOGOUS BONE MARROW TRANSPLANT  W CC/MCC OR T-CELL IMMUNOTHERAPY," $180,002 ",,
,020,INTRACRANIAL VASCULAR PROCEDURES W PDX HEMORRHAGE W MCC," $264,774 ",,
,021,INTRACRANIAL VASCULAR PROCEDURES W PDX HEMORRHAGE W CC," $210,418 ",,
,023,CRANIOTOMY W MAJOR DEVICE IMPLANT OR ACUTE COMPLEX CNS PDX W MCC OR CHEMOTHERAPY IMPLANT OR EPILEPSY W NEUROSTIMULATOR," $138,111 ",,
,024,CRANIO W MAJOR DEV IMPL/ACUTE COMPLEX CNS PDX W/O MCC," $108,498 ",,
,025,CRANIOTOMY & ENDOVASCULAR INTRACRANIAL PROCEDURES W MCC," $113,628 ",,
,026,CRANIOTOMY & ENDOVASCULAR INTRACRANIAL PROCEDURES W CC," $87,014 ",,
,027,CRANIOTOMY & ENDOVASCULAR INTRACRANIAL PROCEDURES W/O CC/MCC," $76,557 ",,
,028,SPINAL PROCEDURES W MCC," $87,525 ",,
,029,SPINAL PROCEDURES W CC OR SPINAL NEUROSTIMULATORS," $57,424 ",,
,030,SPINAL PROCEDURES W/O CC/MCC," $45,585 ",,
,031,VENTRICULAR SHUNT PROCEDURES W MCC," $76,685 ",,
,032,VENTRICULAR SHUNT PROCEDURES W CC," $48,043 ",,
,033,VENTRICULAR SHUNT PROCEDURES W/O CC/MCC," $37,454 ",,
,034,CAROTID ARTERY STENT PROCEDURE W MCC," $69,953 ",,
,035,CAROTID ARTERY STENT PROCEDURE W CC," $58,362 ",,
,036,CAROTID ARTERY STENT PROCEDURE W/O CC/MCC," $44,232 ",,
,037,EXTRACRANIAL PROCEDURES W MCC," $84,294 ",,
,038,EXTRACRANIAL PROCEDURES W CC," $46,289 ",,
,039,EXTRACRANIAL PROCEDURES W/O CC/MCC," $29,159 ",,
,040,PERIPH/CRANIAL NERVE & OTHER NERV SYST PROC W MCC," $82,186 ",,
,041,PERIPH/CRANIAL NERVE & OTHER NERV SYST PROC W CC OR PERIPH NEUROSTIM," $48,095 ",,
,042,PERIPH/CRANIAL NERVE & OTHER NERV SYST PROC W/O CC/MCC," $41,385 ",,
,052,SPINAL DISORDERS & INJURIES W CC/MCC," $87,216 ",,
,053,SPINAL DISORDERS & INJURIES W/O CC/MCC," $9,644 ",,
,054,NERVOUS SYSTEM NEOPLASMS W MCC," $26,921 ",,
,055,NERVOUS SYSTEM NEOPLASMS W/O MCC," $20,754 "," $13,583 ",
,056,DEGENERATIVE NERVOUS SYSTEM DISORDERS W MCC," $34,452 "," $18,083 ",
,057,DEGENERATIVE NERVOUS SYSTEM DISORDERS W/O MCC," $19,479 "," $7,706 ",
,058,MULTIPLE SCLEROSIS & CEREBELLAR ATAXIA W MCC," $59,031 ",,
,059,MULTIPLE SCLEROSIS & CEREBELLAR ATAXIA W CC," $38,628 "," $36,052 ",
,060,MULTIPLE SCLEROSIS & CEREBELLAR ATAXIA W/O CC/MCC," $26,399 "," $18,714 ",
,061,"ISCHEMIC STROKE, PRECEREBRAL OCCLUSION OR TRANSIENT ISCHEMIA W THROMBOLYTIC AGENT W MCC"," $36,716 ",,
,062,"ISCHEMIC STROKE, PRECEREBRAL OCCLUSION OR TRANSIENT ISCHEMIA W THROMBOLYTIC AGENT W CC"," $40,707 ",,
,063,"ISCHEMIC STROKE, PRECEREBRAL OCCLUSION OR TRANSIENT ISCHEMIA W THROMBOLYTIC AGENT W/O CC/MCC"," $37,687 ",,
,064,INTRACRANIAL HEMORRHAGE OR CEREBRAL INFARCTION W MCC," $39,079 "," $28,127 ",
,065,INTRACRANIAL HEMORRHAGE OR CEREBRAL INFARCTION W CC OR TPA IN 24 HRS," $22,965 "," $18,911 ",
,066,INTRACRANIAL HEMORRHAGE OR CEREBRAL INFARCTION W/O CC/MCC," $17,572 "," $13,693 ",
,067,NONSPECIFIC CVA & PRECEREBRAL OCCLUSION W/O INFARCT W MCC," $3,328 ",,
,068,NONSPECIFIC CVA & PRECEREBRAL OCCLUSION W/O INFARCT W/O MCC," $13,692 "," $17,482 ",
,069,TRANSIENT ISCHEMIA W/O THROMBOLYTIC," $17,197 "," $13,293 ",
,070,NONSPECIFIC CEREBROVASCULAR DISORDERS W MCC," $29,199 "," $18,791 ",
,071,NONSPECIFIC CEREBROVASCULAR DISORDERS W CC," $23,610 "," $15,206 ",
,072,NONSPECIFIC CEREBROVASCULAR DISORDERS W/O CC/MCC," $15,318 "," $12,227 ",
,073,CRANIAL & PERIPHERAL NERVE DISORDERS W MCC," $25,781 ",,
,074,CRANIAL & PERIPHERAL NERVE DISORDERS W/O MCC," $19,812 ",,
,075,VIRAL MENINGITIS W CC/MCC," $44,620 ",,
,076,VIRAL MENINGITIS W/O CC/MCC," $12,245 "," $10,460 ",
,077,HYPERTENSIVE ENCEPHALOPATHY W MCC," $39,600 ",,
,078,HYPERTENSIVE ENCEPHALOPATHY W CC," $14,398 "," $4,951 ",
,079,HYPERTENSIVE ENCEPHALOPATHY W/O CC/MCC," $12,231 ",,
,080,NONTRAUMATIC STUPOR & COMA W MCC," $14,854 ",,
,081,NONTRAUMATIC STUPOR & COMA W/O MCC," $16,154 ",,
,082,"TRAUMATIC STUPOR & COMA, COMA >1 HR W MCC"," $48,469 ",,
,083,"TRAUMATIC STUPOR & COMA, COMA >1 HR W CC"," $25,712 "," $15,118 ",
,084,"TRAUMATIC STUPOR & COMA, COMA >1 HR W/O CC/MCC"," $18,095 ",,
,085,"TRAUMATIC STUPOR & COMA, COMA <1 HR W MCC"," $50,545 ",,
,086,"TRAUMATIC STUPOR & COMA, COMA <1 HR W CC"," $21,889 ",,
,087,"TRAUMATIC STUPOR & COMA, COMA <1 HR W/O CC/MCC"," $12,398 ",,
,089,CONCUSSION W CC," $20,529 ",,
,090,CONCUSSION W/O CC/MCC," $19,923 "," $18,762 ",
,091,OTHER DISORDERS OF NERVOUS SYSTEM W MCC," $30,678 ",,
,092,OTHER DISORDERS OF NERVOUS SYSTEM W CC," $21,044 "," $13,534 ",
,093,OTHER DISORDERS OF NERVOUS SYSTEM W/O CC/MCC," $17,010 ",,
,094,BACTERIAL & TUBERCULOUS INFECTIONS OF NERVOUS SYSTEM W MCC," $122,351 ",,
,095,BACTERIAL & TUBERCULOUS INFECTIONS OF NERVOUS SYSTEM W CC," $70,971 ",,
,096,BACTERIAL & TUBERCULOUS INFECTIONS OF NERVOUS SYSTEM W/O CC/MCC," $52,805 ",,
,097,NON-BACTERIAL INFECT OF NERVOUS SYS EXC VIRAL MENINGITIS W MCC," $148,302 ",,
,098,NON-BACTERIAL INFECT OF NERVOUS SYS EXC VIRAL MENINGITIS W CC," $45,520 "," $14,251 ",
,099,NON-BACTERIAL INFECT OF NERVOUS SYS EXC VIRAL MENINGITIS W/O CC/MCC," $31,190 "," $12,589 ",
,100,SEIZURES W MCC," $31,875 "," $17,060 ",
,101,SEIZURES W/O MCC," $16,140 "," $12,073 ",
,102,HEADACHES W MCC," $17,285 ",,
,103,HEADACHES W/O MCC," $15,998 ",,
,113,ORBITAL PROCEDURES W CC/MCC," $24,776 ",,
,114,ORBITAL PROCEDURES W/O CC/MCC," $20,833 ",,
,115,EXTRAOCULAR PROCEDURES EXCEPT ORBIT," $39,152 ",,
,116,INTRAOCULAR PROCEDURES W CC/MCC," $25,124 ",,
,117,INTRAOCULAR PROCEDURES W/O CC/MCC," $35,480 ",,
,121,ACUTE MAJOR EYE INFECTIONS W CC/MCC," $19,755 ",,
,122,ACUTE MAJOR EYE INFECTIONS W/O CC/MCC," $16,867 ",,
,123,NEUROLOGICAL EYE DISORDERS," $26,724 ",,
,124,OTHER DISORDERS OF THE EYE W MCC," $22,447 ",,
,125,OTHER DISORDERS OF THE EYE W/O MCC," $15,791 ",,
,129,MAJOR HEAD & NECK PROCEDURES W CC/MCC OR MAJOR DEVICE," $70,565 ",,
,130,MAJOR HEAD & NECK PROCEDURES W/O CC/MCC," $54,106 ",,
,131,CRANIAL/FACIAL PROCEDURES W CC/MCC," $72,737 ",,
,132,CRANIAL/FACIAL PROCEDURES W/O CC/MCC," $60,785 "," $38,023 ",
,133,"OTHER EAR, NOSE, MOUTH & THROAT O.R. PROCEDURES W CC/MCC"," $68,489 ",,
,134,"OTHER EAR, NOSE, MOUTH & THROAT O.R. PROCEDURES W/O CC/MCC"," $30,580 ",,
,135,SINUS & MASTOID PROCEDURES W CC/MCC," $83,283 ",,
,137,MOUTH PROCEDURES W CC/MCC," $22,026 ",,
,138,MOUTH PROCEDURES W/O CC/MCC," $19,305 ",,
,139,SALIVARY GLAND PROCEDURES," $41,378 ",,
,146,"EAR, NOSE, MOUTH & THROAT MALIGNANCY W MCC"," $37,402 ",,
,147,"EAR, NOSE, MOUTH & THROAT MALIGNANCY W CC"," $13,190 ",,
,148,"EAR, NOSE, MOUTH & THROAT MALIGNANCY W/O CC/MCC"," $21,934 ",,
,149,DYSEQUILIBRIUM," $13,631 "," $13,601 ",
,150,EPISTAXIS W MCC," $19,529 ",,
,151,EPISTAXIS W/O MCC," $13,055 ",,
,152,OTITIS MEDIA & URI W MCC," $14,981 ",,
,153,OTITIS MEDIA & URI W/O MCC," $10,493 "," $6,161 ",
,154,"OTHER EAR, NOSE, MOUTH & THROAT DIAGNOSES W MCC"," $33,895 ",,
,155,"OTHER EAR, NOSE, MOUTH & THROAT DIAGNOSES W CC"," $22,087 "," $10,518 ",
,156,"OTHER EAR, NOSE, MOUTH & THROAT DIAGNOSES W/O CC/MCC"," $17,618 "," $15,563 ",
,157,DENTAL & ORAL DISEASES W MCC," $41,080 "," $25,266 ",
,158,DENTAL & ORAL DISEASES W CC," $17,090 ",,
,159,DENTAL & ORAL DISEASES W/O CC/MCC," $12,880 "," $8,717 ",
,163,MAJOR CHEST PROCEDURES W MCC," $132,116 ",,
,164,MAJOR CHEST PROCEDURES W CC," $66,337 ",,
,165,MAJOR CHEST PROCEDURES W/O CC/MCC," $54,195 ",,
,166,OTHER RESP SYSTEM O.R. PROCEDURES W MCC," $78,034 ",,
,167,OTHER RESP SYSTEM O.R. PROCEDURES W CC," $44,649 ",,
,168,OTHER RESP SYSTEM O.R. PROCEDURES W/O CC/MCC," $35,042 ",,
,175,PULMONARY EMBOLISM W MCC," $24,408 "," $18,275 ",
,176,PULMONARY EMBOLISM W/O MCC," $14,275 "," $11,555 ",
,177,RESPIRATORY INFECTIONS & INFLAMMATIONS W MCC," $28,493 "," $23,164 ",
,178,RESPIRATORY INFECTIONS & INFLAMMATIONS W CC," $32,423 "," $17,293 ",
,179,RESPIRATORY INFECTIONS & INFLAMMATIONS W/O CC/MCC," $39,286 ",,
,180,RESPIRATORY NEOPLASMS W MCC," $30,151 "," $19,296 ",
,181,RESPIRATORY NEOPLASMS W CC," $24,132 "," $10,787 ",
,182,RESPIRATORY NEOPLASMS W/O CC/MCC," $31,721 ",,
,183,MAJOR CHEST TRAUMA W MCC," $39,106 "," $16,363 ",
,184,MAJOR CHEST TRAUMA W CC," $25,934 "," $10,608 ",
,185,MAJOR CHEST TRAUMA W/O CC/MCC," $12,585 ",,
,186,PLEURAL EFFUSION W MCC," $29,005 "," $21,432 ",
,187,PLEURAL EFFUSION W CC," $35,854 "," $23,674 ",
,188,PLEURAL EFFUSION W/O CC/MCC," $14,525 ",,
,189,PULMONARY EDEMA & RESPIRATORY FAILURE," $29,766 "," $14,217 ",
,190,CHRONIC OBSTRUCTIVE PULMONARY DISEASE W MCC," $26,502 "," $14,223 ",
,191,CHRONIC OBSTRUCTIVE PULMONARY DISEASE W CC," $15,604 "," $13,260 ",
,192,CHRONIC OBSTRUCTIVE PULMONARY DISEASE W/O CC/MCC," $9,828 "," $9,868 ",
,193,SIMPLE PNEUMONIA & PLEURISY W MCC," $22,863 "," $18,143 ",
,194,SIMPLE PNEUMONIA & PLEURISY W CC," $15,194 "," $11,549 ",
,195,SIMPLE PNEUMONIA & PLEURISY W/O CC/MCC," $10,299 "," $9,998 ",
,196,INTERSTITIAL LUNG DISEASE W MCC," $41,099 "," $25,743 ",
,197,INTERSTITIAL LUNG DISEASE W CC," $27,261 "," $9,092 ",
,199,PNEUMOTHORAX W MCC," $38,231 "," $8,397 ",
,200,PNEUMOTHORAX W CC," $27,057 "," $18,250 ",
,201,PNEUMOTHORAX W/O CC/MCC," $14,923 "," $14,367 ",
,202,BRONCHITIS & ASTHMA W CC/MCC," $19,427 "," $12,547 ",
,203,BRONCHITIS & ASTHMA W/O CC/MCC," $9,353 "," $9,866 ",
,204,RESPIRATORY SIGNS & SYMPTOMS," $14,875 ",,
,205,OTHER RESPIRATORY SYSTEM DIAGNOSES W MCC," $29,792 ",,
,206,OTHER RESPIRATORY SYSTEM DIAGNOSES W/O MCC," $25,862 "," $12,857 ",
,207,RESPIRATORY SYSTEM DIAGNOSIS W VENTILATOR SUPPORT >96 HOURS OR PERIPHERAL EXTRACORPOREAL MEMBRANE OXYGENATION (ECMO)," $131,215 "," $62,512 ",
,208,RESPIRATORY SYSTEM DIAGNOSIS W VENTILATOR SUPPORT <=96 HOURS," $48,145 "," $31,613 ",
,215,OTHER HEART ASSIST SYSTEM IMPLANT," $268,854 ",,
,216,CARDIAC VALVE & OTH MAJ CARDIOTHORACIC PROC W CARD CATH W MCC," $260,046 ",,
,217,CARDIAC VALVE & OTH MAJ CARDIOTHORACIC PROC W CARD CATH W CC," $193,367 ",,
,219,CARDIAC VALVE & OTH MAJ CARDIOTHORACIC PROC W/O CARD CATH W MCC," $168,349 ",,
,220,CARDIAC VALVE & OTH MAJ CARDIOTHORACIC PROC W/O CARD CATH W CC," $127,060 ",,
,221,CARDIAC VALVE & OTH MAJ CARDIOTHORACIC PROC W/O CARD CATH W/O CC/MCC," $108,589 ",,
,222,CARDIAC DEFIB IMPLANT W CARDIAC CATH W AMI/HF/SHOCK W MCC," $190,057 ",,
,223,CARDIAC DEFIB IMPLANT W CARDIAC CATH W AMI/HF/SHOCK W/O MCC," $191,678 ",,
,224,CARDIAC DEFIB IMPLANT W CARDIAC CATH W/O AMI/HF/SHOCK W MCC," $148,146 ",,
,225,CARDIAC DEFIB IMPLANT W CARDIAC CATH W/O AMI/HF/SHOCK W/O MCC," $107,806 ",,
,226,CARDIAC DEFIBRILLATOR IMPLANT W/O CARDIAC CATH W MCC," $146,625 ",,
,227,CARDIAC DEFIBRILLATOR IMPLANT W/O CARDIAC CATH W/O MCC," $108,652 ",,
,228,OTHER CARDIOTHORACIC PROCEDURES W MCC," $245,264 ",,
,229,OTHER CARDIOTHORACIC PROCEDURES W/O MCC," $116,638 ",,
,231,CORONARY BYPASS W PTCA W MCC," $171,607 ",,
,232,CORONARY BYPASS W PTCA W/O MCC," $142,722 ",,
,233,CORONARY BYPASS W CARDIAC CATH W MCC," $163,488 ",,
,234,CORONARY BYPASS W CARDIAC CATH W/O MCC," $126,249 ",,
,235,CORONARY BYPASS W/O CARDIAC CATH W MCC," $131,691 ",,
,236,CORONARY BYPASS W/O CARDIAC CATH W/O MCC," $98,452 ",,
,239,AMPUTATION FOR CIRC SYS DISORDERS EXC UPPER LIMB & TOE W MCC," $77,788 ",,
,240,AMPUTATION FOR CIRC SYS DISORDERS EXC UPPER LIMB & TOE W CC," $70,789 "," $30,170 ",
,241,AMPUTATION FOR CIRC SYS DISORDERS EXC UPPER LIMB & TOE W/O CC/MCC," $37,789 ",,
,242,PERMANENT CARDIAC PACEMAKER IMPLANT W MCC," $78,596 ",,
,243,PERMANENT CARDIAC PACEMAKER IMPLANT W CC," $55,094 ",,
,244,PERMANENT CARDIAC PACEMAKER IMPLANT W/O CC/MCC," $47,303 ",,
,245,AICD GENERATOR PROCEDURES," $120,751 ",,
,246,PERCUTANEOUS CARDIOVASCULAR PROCEDURES W DRUG-ELUTING STENT W MCC OR 4+ ARTERIES OR STENTS," $75,751 ",,
,247,PERC CARDIOVASC PROC W DRUG-ELUTING STENT W/O MCC," $53,696 ",,
,248,PERCUTANEOUS CARDIOVASCULAR PROCEDURES W NON-DRUG-ELUTING STENT W MCC OR 4+ ARTERIES OR STENTS," $90,641 ",,
,249,PERC CARDIOVASC PROC W NON-DRUG-ELUTING STENT W/O MCC," $48,614 ",,
,250,PERC CARDIOVASC PROC W/O CORONARY ARTERY STENT W MCC," $57,036 ",,
,251,PERC CARDIOVASC PROC W/O CORONARY ARTERY STENT W/O MCC," $37,633 ",,
,252,OTHER VASCULAR PROCEDURES W MCC," $84,512 ",,
,253,OTHER VASCULAR PROCEDURES W CC," $71,762 ",,
,254,OTHER VASCULAR PROCEDURES W/O CC/MCC," $49,686 ",,
,256,UPPER LIMB & TOE AMPUTATION FOR CIRC SYSTEM DISORDERS W CC," $22,476 ",,
,258,CARDIAC PACEMAKER DEVICE REPLACEMENT W MCC," $65,674 ",,
,259,CARDIAC PACEMAKER DEVICE REPLACEMENT W/O MCC," $47,428 ",,
,260,CARDIAC PACEMAKER REVISION EXCEPT DEVICE REPLACEMENT W MCC," $96,474 ",,
,261,CARDIAC PACEMAKER REVISION EXCEPT DEVICE REPLACEMENT W CC," $37,305 ",,
,262,CARDIAC PACEMAKER REVISION EXCEPT DEVICE REPLACEMENT W/O CC/MCC," $38,980 ",,
,264,OTHER CIRCULATORY SYSTEM O.R. PROCEDURES," $46,333 "," $76,906 ",
,265,AICD LEAD PROCEDURES," $48,013 ",,
,266,ENDOVASCULAR CARDIAC VALVE REPLACEMENT W MCC," $171,601 ",,
,267,ENDOVASCULAR CARDIAC VALVE REPLACEMENT W/O MCC," $150,868 ",,
,268,AORTIC AND HEART ASSIST PROCEDURES EXCEPT PULSATION BALLOON W MCC," $140,330 ",,
,269,AORTIC AND HEART ASSIST PROCEDURES EXCEPT PULSATION BALLOON W/O MCC," $92,342 ",,
,270,OTHER MAJOR CARDIOVASCULAR PROCEDURES W MCC," $142,885 ",,
,271,OTHER MAJOR CARDIOVASCULAR PROCEDURES W CC," $82,760 ",,
,272,OTHER MAJOR CARDIOVASCULAR PROCEDURES W/O CC/MCC," $64,538 ",,
,273,PERCUTANEOUS INTRACARDIAC PROCEDURES W MCC," $107,539 ",,
,274,PERCUTANEOUS INTRACARDIAC PROCEDURES W/O MCC," $78,215 ",,
,280,"ACUTE MYOCARDIAL INFARCTION, DISCHARGED ALIVE W MCC"," $35,413 "," $31,610 ",
,281,"ACUTE MYOCARDIAL INFARCTION, DISCHARGED ALIVE W CC"," $27,637 "," $11,617 ",
,282,"ACUTE MYOCARDIAL INFARCTION, DISCHARGED ALIVE W/O CC/MCC"," $24,405 "," $8,508 ",
,283,"ACUTE MYOCARDIAL INFARCTION, EXPIRED W MCC"," $33,971 ",,
,284,"ACUTE MYOCARDIAL INFARCTION, EXPIRED W CC"," $19,827 ",,
,286,"CIRCULATORY DISORDERS EXCEPT AMI, W CARD CATH W MCC"," $53,334 ",,
,287,"CIRCULATORY DISORDERS EXCEPT AMI, W CARD CATH W/O MCC"," $27,516 ",,
,288,ACUTE & SUBACUTE ENDOCARDITIS W MCC," $43,678 ",,
,289,ACUTE & SUBACUTE ENDOCARDITIS W CC," $30,580 ",,
,290,ACUTE & SUBACUTE ENDOCARDITIS W/O CC/MCC," $16,102 ",,
,291,HEART FAILURE & SHOCK W MCC OR PERIPHERAL EXTRACORPOREAL MEMBRANE OXYGENATION (ECMO)," $25,944 "," $13,503 ",
,292,HEART FAILURE & SHOCK W CC," $18,361 "," $11,627 ",
,293,HEART FAILURE & SHOCK W/O CC/MCC," $14,256 "," $9,498 ",
,294,DEEP VEIN THROMBOPHLEBITIS W CC/MCC," $122,711 ",,
,296,"CARDIAC ARREST, UNEXPLAINED W MCC OR PERIPHERAL EXTRACORPOREAL MEMBRANE OXYGENATION (ECMO)"," $37,410 ",,
,297,"CARDIAC ARREST, UNEXPLAINED W CC"," $7,857 ",,
,299,PERIPHERAL VASCULAR DISORDERS W MCC," $42,505 "," $14,781 ",
,300,PERIPHERAL VASCULAR DISORDERS W CC," $20,443 "," $22,143 ",
,301,PERIPHERAL VASCULAR DISORDERS W/O CC/MCC," $19,686 "," $11,809 ",
,302,ATHEROSCLEROSIS W MCC," $22,265 ",,
,303,ATHEROSCLEROSIS W/O MCC," $13,860 "," $7,721 ",
,304,HYPERTENSION W MCC," $20,821 "," $19,334 ",
,305,HYPERTENSION W/O MCC," $14,842 "," $12,650 ",
,306,CARDIAC CONGENITAL & VALVULAR DISORDERS W MCC," $30,700 "," $7,984 ",
,307,CARDIAC CONGENITAL & VALVULAR DISORDERS W/O MCC," $35,718 "," $22,447 ",
,308,CARDIAC ARRHYTHMIA & CONDUCTION DISORDERS W MCC," $20,326 "," $14,468 ",
,309,CARDIAC ARRHYTHMIA & CONDUCTION DISORDERS W CC," $14,784 "," $10,067 ",
,310,CARDIAC ARRHYTHMIA & CONDUCTION DISORDERS W/O CC/MCC," $11,777 "," $9,056 ",
,311,ANGINA PECTORIS," $14,674 ",,
,312,SYNCOPE & COLLAPSE," $14,915 "," $20,327 ",
,313,CHEST PAIN," $11,413 "," $18,975 ",
,314,OTHER CIRCULATORY SYSTEM DIAGNOSES W MCC," $41,040 "," $26,428 ",
,315,OTHER CIRCULATORY SYSTEM DIAGNOSES W CC," $23,168 "," $9,496 ",
,316,OTHER CIRCULATORY SYSTEM DIAGNOSES W/O CC/MCC," $9,056 ",,
,326,"STOMACH, ESOPHAGEAL & DUODENAL PROC W MCC"," $116,203 "," $119,232 ",
,327,"STOMACH, ESOPHAGEAL & DUODENAL PROC W CC"," $60,029 "," $14,945 ",
,328,"STOMACH, ESOPHAGEAL & DUODENAL PROC W/O CC/MCC"," $33,751 "," $34,027 ",
,329,MAJOR SMALL & LARGE BOWEL PROCEDURES W MCC," $97,333 "," $75,679 ",
,330,MAJOR SMALL & LARGE BOWEL PROCEDURES W CC," $54,328 "," $47,239 ",
,331,MAJOR SMALL & LARGE BOWEL PROCEDURES W/O CC/MCC," $38,723 "," $32,464 ",
,332,RECTAL RESECTION W MCC," $30,582 ",,
,333,RECTAL RESECTION W CC," $45,966 "," $41,846 ",
,334,RECTAL RESECTION W/O CC/MCC," $37,965 ",,
,335,PERITONEAL ADHESIOLYSIS W MCC," $92,622 "," $38,014 ",
,336,PERITONEAL ADHESIOLYSIS W CC," $52,836 ",,
,337,PERITONEAL ADHESIOLYSIS W/O CC/MCC," $37,176 "," $22,885 ",
,338,APPENDECTOMY W COMPLICATED PRINCIPAL DIAG W MCC," $30,163 ",,
,339,APPENDECTOMY W COMPLICATED PRINCIPAL DIAG W CC," $41,160 "," $25,906 ",
,340,APPENDECTOMY W COMPLICATED PRINCIPAL DIAG W/O CC/MCC," $28,754 "," $25,198 ",
,341,APPENDECTOMY W/O COMPLICATED PRINCIPAL DIAG W MCC," $70,439 ",,
,342,APPENDECTOMY W/O COMPLICATED PRINCIPAL DIAG W CC," $35,721 ",,
,343,APPENDECTOMY W/O COMPLICATED PRINCIPAL DIAG W/O CC/MCC," $24,363 "," $26,120 ",
,344,MINOR SMALL & LARGE BOWEL PROCEDURES W MCC," $50,832 ",,
,345,MINOR SMALL & LARGE BOWEL PROCEDURES W CC," $25,264 "," $37,191 ",
,346,MINOR SMALL & LARGE BOWEL PROCEDURES W/O CC/MCC," $17,260 "," $27,753 ",
,347,ANAL & STOMAL PROCEDURES W MCC," $85,387 ",,
,348,ANAL & STOMAL PROCEDURES W CC," $47,185 ",,
,349,ANAL & STOMAL PROCEDURES W/O CC/MCC," $20,027 ",,
,350,INGUINAL & FEMORAL HERNIA PROCEDURES W MCC," $130,306 ",,
,351,INGUINAL & FEMORAL HERNIA PROCEDURES W CC," $31,306 "," $20,002 ",
,352,INGUINAL & FEMORAL HERNIA PROCEDURES W/O CC/MCC," $21,444 "," $18,848 ",
,353,HERNIA PROCEDURES EXCEPT INGUINAL & FEMORAL W MCC," $27,940 "," $72,093 ",
,354,HERNIA PROCEDURES EXCEPT INGUINAL & FEMORAL W CC," $41,110 "," $17,928 ",
,355,HERNIA PROCEDURES EXCEPT INGUINAL & FEMORAL W/O CC/MCC," $33,760 "," $19,578 ",
,356,OTHER DIGESTIVE SYSTEM O.R. PROCEDURES W MCC," $71,249 ",,
,357,OTHER DIGESTIVE SYSTEM O.R. PROCEDURES W CC," $46,138 ",,
,358,OTHER DIGESTIVE SYSTEM O.R. PROCEDURES W/O CC/MCC," $45,527 "," $28,433 ",
,368,MAJOR ESOPHAGEAL DISORDERS W MCC," $45,364 ",,
,369,MAJOR ESOPHAGEAL DISORDERS W CC," $18,712 ",,
,370,MAJOR ESOPHAGEAL DISORDERS W/O CC/MCC," $10,696 ",,
,371,MAJOR GASTROINTESTINAL DISORDERS & PERITONEAL INFECTIONS W MCC," $39,119 "," $15,405 ",
,372,MAJOR GASTROINTESTINAL DISORDERS & PERITONEAL INFECTIONS W CC," $23,208 "," $18,502 ",
,373,MAJOR GASTROINTESTINAL DISORDERS & PERITONEAL INFECTIONS W/O CC/MCC," $15,825 "," $3,438 ",
,374,DIGESTIVE MALIGNANCY W MCC," $52,678 "," $14,647 ",
,375,DIGESTIVE MALIGNANCY W CC," $27,101 "," $14,208 ",
,376,DIGESTIVE MALIGNANCY W/O CC/MCC," $19,390 ",,
,377,G.I. HEMORRHAGE W MCC," $40,065 "," $31,774 ",
,378,G.I. HEMORRHAGE W CC," $20,159 "," $16,117 ",
,379,G.I. HEMORRHAGE W/O CC/MCC," $13,255 "," $6,402 ",
,380,COMPLICATED PEPTIC ULCER W MCC," $41,971 "," $11,668 ",
,381,COMPLICATED PEPTIC ULCER W CC," $19,972 "," $22,567 ",
,382,COMPLICATED PEPTIC ULCER W/O CC/MCC," $16,708 "," $16,631 ",
,383,UNCOMPLICATED PEPTIC ULCER W MCC," $22,450 ",,
,384,UNCOMPLICATED PEPTIC ULCER W/O MCC," $15,770 "," $13,990 ",
,385,INFLAMMATORY BOWEL DISEASE W MCC," $26,270 "," $17,421 ",
,386,INFLAMMATORY BOWEL DISEASE W CC," $19,811 "," $13,344 ",
,387,INFLAMMATORY BOWEL DISEASE W/O CC/MCC," $19,312 "," $13,772 ",
,388,G.I. OBSTRUCTION W MCC," $23,702 "," $18,679 ",
,389,G.I. OBSTRUCTION W CC," $14,467 "," $12,157 ",
,390,G.I. OBSTRUCTION W/O CC/MCC," $11,851 "," $10,305 ",
,391,"ESOPHAGITIS, GASTROENT & MISC DIGEST DISORDERS W MCC"," $29,689 "," $19,167 ",
,392,"ESOPHAGITIS, GASTROENT & MISC DIGEST DISORDERS W/O MCC"," $16,811 "," $14,749 ",
,393,OTHER DIGESTIVE SYSTEM DIAGNOSES W MCC," $34,469 ",,
,394,OTHER DIGESTIVE SYSTEM DIAGNOSES W CC," $18,563 "," $11,352 ",
,395,OTHER DIGESTIVE SYSTEM DIAGNOSES W/O CC/MCC," $13,908 "," $18,434 ",
,405,"PANCREAS, LIVER & SHUNT PROCEDURES W MCC"," $104,284 ",,
,406,"PANCREAS, LIVER & SHUNT PROCEDURES W CC"," $83,337 ",,
,407,"PANCREAS, LIVER & SHUNT PROCEDURES W/O CC/MCC"," $61,369 ",,
,408,BILIARY TRACT PROC EXCEPT ONLY CHOLECYST W OR W/O C.D.E. W MCC,," $28,460 ",
,409,BILIARY TRACT PROC EXCEPT ONLY CHOLECYST W OR W/O C.D.E. W CC," $70,370 ",,
,410,BILIARY TRACT PROC EXCEPT ONLY CHOLECYST W OR W/O C.D.E. W/O CC/MCC," $53,314 ",,
,411,CHOLECYSTECTOMY W C.D.E. W MCC," $119,673 ",,
,414,CHOLECYSTECTOMY EXCEPT BY LAPAROSCOPE W/O C.D.E. W MCC," $67,571 "," $39,095 ",
,415,CHOLECYSTECTOMY EXCEPT BY LAPAROSCOPE W/O C.D.E. W CC," $60,453 "," $15,912 ",
,416,CHOLECYSTECTOMY EXCEPT BY LAPAROSCOPE W/O C.D.E. W/O CC/MCC," $39,679 "," $25,893 ",
,417,LAPAROSCOPIC CHOLECYSTECTOMY W/O C.D.E. W MCC," $45,627 "," $49,151 ",
,418,LAPAROSCOPIC CHOLECYSTECTOMY W/O C.D.E. W CC," $33,087 "," $32,589 ",
,419,LAPAROSCOPIC CHOLECYSTECTOMY W/O C.D.E. W/O CC/MCC," $24,539 "," $20,765 ",
,420,HEPATOBILIARY DIAGNOSTIC PROCEDURES W MCC," $87,326 ",,
,421,HEPATOBILIARY DIAGNOSTIC PROCEDURES W CC," $33,459 ",,
,422,HEPATOBILIARY DIAGNOSTIC PROCEDURES W/O CC/MCC," $23,898 ",,
,423,OTHER HEPATOBILIARY OR PANCREAS O.R. PROCEDURES W MCC," $74,747 ",,
,424,OTHER HEPATOBILIARY OR PANCREAS O.R. PROCEDURES W CC," $33,024 ",,
,425,OTHER HEPATOBILIARY OR PANCREAS O.R. PROCEDURES W/O CC/MCC," $31,575 ",,
,432,CIRRHOSIS & ALCOHOLIC HEPATITIS W MCC," $36,673 "," $26,025 ",
,433,CIRRHOSIS & ALCOHOLIC HEPATITIS W CC," $23,104 "," $12,872 ",
,434,CIRRHOSIS & ALCOHOLIC HEPATITIS W/O CC/MCC," $12,151 "," $14,097 ",
,435,MALIGNANCY OF HEPATOBILIARY SYSTEM OR PANCREAS W MCC," $37,375 "," $23,391 ",
,436,MALIGNANCY OF HEPATOBILIARY SYSTEM OR PANCREAS W CC," $21,593 "," $8,317 ",
,437,MALIGNANCY OF HEPATOBILIARY SYSTEM OR PANCREAS W/O CC/MCC," $11,684 ",,
,438,DISORDERS OF PANCREAS EXCEPT MALIGNANCY W MCC," $40,726 "," $18,694 ",
,439,DISORDERS OF PANCREAS EXCEPT MALIGNANCY W CC," $19,292 "," $15,316 ",
,440,DISORDERS OF PANCREAS EXCEPT MALIGNANCY W/O CC/MCC," $13,963 "," $12,440 ",
,441,"DISORDERS OF LIVER EXCEPT MALIG,CIRR,ALC HEPA W MCC"," $25,366 "," $13,947 ",
,442,"DISORDERS OF LIVER EXCEPT MALIG,CIRR,ALC HEPA W CC"," $17,820 "," $14,868 ",
,443,"DISORDERS OF LIVER EXCEPT MALIG,CIRR,ALC HEPA W/O CC/MCC"," $14,688 ",,
,444,DISORDERS OF THE BILIARY TRACT W MCC," $37,226 ",,
,445,DISORDERS OF THE BILIARY TRACT W CC," $25,869 "," $14,741 ",
,446,DISORDERS OF THE BILIARY TRACT W/O CC/MCC," $26,623 "," $13,463 ",
,453,COMBINED ANTERIOR/POSTERIOR SPINAL FUSION W MCC," $155,957 ",,
,454,COMBINED ANTERIOR/POSTERIOR SPINAL FUSION W CC," $124,247 ",,
,455,COMBINED ANTERIOR/POSTERIOR SPINAL FUSION W/O CC/MCC," $87,806 ",,
,456,SPINAL FUS EXC CERV W SPINAL CURV/MALIG/INFEC OR EXT FUS W MCC," $116,244 ",,
,457,SPINAL FUS EXC CERV W SPINAL CURV/MALIG/INFEC OR EXT FUS W CC," $139,487 ",,
,458,SPINAL FUS EXC CERV W SPINAL CURV/MALIG/INFEC OR EXT FUS W/O CC/MCC," $128,353 ",,
,459,SPINAL FUSION EXCEPT CERVICAL W MCC," $127,774 ",,
,460,SPINAL FUSION EXCEPT CERVICAL W/O MCC," $77,666 ",,
,462,BILATERAL OR MULTIPLE MAJOR JOINT PROCS OF LOWER EXTREMITY W/O MCC," $45,872 ",,
,463,"WND DEBRID & SKN GRFT EXC HAND, FOR MUSCULO-CONN TISS DIS W MCC"," $138,650 ",,
,464,"WND DEBRID & SKN GRFT EXC HAND, FOR MUSCULO-CONN TISS DIS W CC"," $68,244 ",,
,465,"WND DEBRID & SKN GRFT EXC HAND, FOR MUSCULO-CONN TISS DIS W/O CC/MCC"," $39,327 "," $17,117 ",
,466,REVISION OF HIP OR KNEE REPLACEMENT W MCC," $96,956 ",,
,467,REVISION OF HIP OR KNEE REPLACEMENT W CC," $64,433 ",,
,468,REVISION OF HIP OR KNEE REPLACEMENT W/O CC/MCC," $50,576 "," $77,686 ",
,469,MAJOR HIP AND KNEE JOINT REPLACEMENT OR REATTACHMENT OF LOWER EXTREMITY W MCC OR TOTAL ANKLE REPLACEMENT," $63,960 "," $48,581 ",
,470,MAJOR HIP AND KNEE JOINT REPLACEMENT OR REATTACHMENT OF LOWER EXTREMITY W/O MCC," $33,953 "," $36,269 ",
,471,CERVICAL SPINAL FUSION W MCC," $117,820 ",,
,472,CERVICAL SPINAL FUSION W CC," $51,297 ",,
,473,CERVICAL SPINAL FUSION W/O CC/MCC," $41,016 ",,
,474,AMPUTATION FOR MUSCULOSKELETAL SYS & CONN TISSUE DIS W MCC," $60,930 ",,
,475,AMPUTATION FOR MUSCULOSKELETAL SYS & CONN TISSUE DIS W CC," $28,512 ",,
,476,AMPUTATION FOR MUSCULOSKELETAL SYS & CONN TISSUE DIS W/O CC/MCC," $21,436 ",,
,477,BIOPSIES OF MUSCULOSKELETAL SYSTEM & CONNECTIVE TISSUE W MCC," $49,777 ",,
,478,BIOPSIES OF MUSCULOSKELETAL SYSTEM & CONNECTIVE TISSUE W CC," $42,427 ",,
,479,BIOPSIES OF MUSCULOSKELETAL SYSTEM & CONNECTIVE TISSUE W/O CC/MCC," $28,316 ",,
,480,HIP & FEMUR PROCEDURES EXCEPT MAJOR JOINT W MCC," $57,940 "," $40,044 ",
,481,HIP & FEMUR PROCEDURES EXCEPT MAJOR JOINT W CC," $43,753 "," $37,227 ",
,482,HIP & FEMUR PROCEDURES EXCEPT MAJOR JOINT W/O CC/MCC," $34,033 "," $26,983 ",
,483,MAJOR JOINT/LIMB REATTACHMENT PROCEDURE OF UPPER EXTREMITIES," $49,799 "," $50,276 ",
,486,KNEE PROCEDURES W PDX OF INFECTION W CC," $35,495 ",,
,487,KNEE PROCEDURES W PDX OF INFECTION W/O CC/MCC," $34,511 ",,
,488,KNEE PROCEDURES W/O PDX OF INFECTION W CC/MCC," $62,505 "," $21,946 ",
,489,KNEE PROCEDURES W/O PDX OF INFECTION W/O CC/MCC," $41,588 ",,
,492,"LOWER EXTREM & HUMER PROC EXCEPT HIP,FOOT,FEMUR W MCC"," $46,700 ",,
,493,"LOWER EXTREM & HUMER PROC EXCEPT HIP,FOOT,FEMUR W CC"," $41,925 "," $34,670 ",
,494,"LOWER EXTREM & HUMER PROC EXCEPT HIP,FOOT,FEMUR W/O CC/MCC"," $36,162 "," $27,003 ",
,495,LOCAL EXCISION & REMOVAL INT FIX DEVICES EXC HIP & FEMUR W MCC," $135,870 ",,
,496,LOCAL EXCISION & REMOVAL INT FIX DEVICES EXC HIP & FEMUR W CC," $37,074 ",,
,497,LOCAL EXCISION & REMOVAL INT FIX DEVICES EXC HIP & FEMUR W/O CC/MCC," $50,182 ",,
,499,LOCAL EXCISION & REMOVAL INT FIX DEVICES OF HIP & FEMUR W/O CC/MCC," $20,214 ",,
,500,SOFT TISSUE PROCEDURES W MCC," $126,936 ",,
,501,SOFT TISSUE PROCEDURES W CC," $36,704 "," $19,900 ",
,502,SOFT TISSUE PROCEDURES W/O CC/MCC," $31,989 "," $4,253 ",
,503,FOOT PROCEDURES W MCC," $124,847 ",,
,504,FOOT PROCEDURES W CC," $38,130 ",,
,505,FOOT PROCEDURES W/O CC/MCC," $33,281 ",,
,506,MAJOR THUMB OR JOINT PROCEDURES," $26,969 ",,
,510,"SHOULDER,ELBOW OR FOREARM PROC,EXC MAJOR JOINT PROC W MCC"," $36,335 ",,
,511,"SHOULDER,ELBOW OR FOREARM PROC,EXC MAJOR JOINT PROC W CC"," $50,010 ",,
,512,"SHOULDER,ELBOW OR FOREARM PROC,EXC MAJOR JOINT PROC W/O CC/MCC"," $29,329 "," $29,183 ",
,513,"HAND OR WRIST PROC, EXCEPT MAJOR THUMB OR JOINT PROC W CC/MCC"," $56,382 ",,
,514,"HAND OR WRIST PROC, EXCEPT MAJOR THUMB OR JOINT PROC W/O CC/MCC"," $16,944 ",,
,515,OTHER MUSCULOSKELET SYS & CONN TISS O.R. PROC W MCC," $58,735 ",,
,516,OTHER MUSCULOSKELET SYS & CONN TISS O.R. PROC W CC," $49,787 ",,
,517,OTHER MUSCULOSKELET SYS & CONN TISS O.R. PROC W/O CC/MCC," $33,673 ",,
,518,BACK & NECK PROC EXC SPINAL FUSION W MCC OR DISC DEVICE/NEUROSTIM," $47,802 ",,
,519,BACK & NECK PROC EXC SPINAL FUSION W CC," $45,673 ",,
,520,BACK & NECK PROC EXC SPINAL FUSION W/O CC/MCC," $28,322 ",,
,534,FRACTURES OF FEMUR W/O MCC," $15,545 "," $10,552 ",
,535,FRACTURES OF HIP & PELVIS W MCC," $28,875 "," $3,391 ",
,536,FRACTURES OF HIP & PELVIS W/O MCC," $16,572 "," $12,488 ",
,537,"SPRAINS, STRAINS, & DISLOCATIONS OF HIP, PELVIS & THIGH W CC/MCC"," $34,038 ",,
,539,OSTEOMYELITIS W MCC," $29,669 "," $10,798 ",
,540,OSTEOMYELITIS W CC," $18,145 ",,
,541,OSTEOMYELITIS W/O CC/MCC," $12,529 ",,
,542,PATHOLOGICAL FRACTURES & MUSCULOSKELET & CONN TISS MALIG W MCC," $46,302 ",,
,543,PATHOLOGICAL FRACTURES & MUSCULOSKELET & CONN TISS MALIG W CC," $35,866 "," $10,860 ",
,544,PATHOLOGICAL FRACTURES & MUSCULOSKELET & CONN TISS MALIG W/O CC/MCC," $26,512 ",,
,545,CONNECTIVE TISSUE DISORDERS W MCC," $21,154 ",,
,546,CONNECTIVE TISSUE DISORDERS W CC," $40,361 ",,
,547,CONNECTIVE TISSUE DISORDERS W/O CC/MCC," $23,607 ",,
,549,SEPTIC ARTHRITIS W CC," $18,287 "," $15,078 ",
,550,SEPTIC ARTHRITIS W/O CC/MCC," $19,515 "," $7,920 ",
,551,MEDICAL BACK PROBLEMS W MCC," $22,702 "," $13,334 ",
,552,MEDICAL BACK PROBLEMS W/O MCC," $18,986 "," $14,414 ",
,553,BONE DISEASES & ARTHROPATHIES W MCC," $23,074 ",,
,554,BONE DISEASES & ARTHROPATHIES W/O MCC," $11,730 "," $11,141 ",
,555,SIGNS & SYMPTOMS OF MUSCULOSKELETAL SYSTEM & CONN TISSUE W MCC," $21,146 "," $38,724 ",
,556,SIGNS & SYMPTOMS OF MUSCULOSKELETAL SYSTEM & CONN TISSUE W/O MCC," $19,587 "," $48,406 ",
,557,"TENDONITIS, MYOSITIS & BURSITIS W MCC"," $25,055 "," $9,332 ",
,558,"TENDONITIS, MYOSITIS & BURSITIS W/O MCC"," $15,716 "," $14,840 ",
,559,"AFTERCARE, MUSCULOSKELETAL SYSTEM & CONNECTIVE TISSUE W MCC"," $43,465 "," $45,989 ",
,560,"AFTERCARE, MUSCULOSKELETAL SYSTEM & CONNECTIVE TISSUE W CC"," $19,504 ",,
,561,"AFTERCARE, MUSCULOSKELETAL SYSTEM & CONNECTIVE TISSUE W/O CC/MCC"," $9,651 ",,
,562,"FX, SPRN, STRN & DISL EXCEPT FEMUR, HIP, PELVIS & THIGH W MCC"," $34,610 ",,
,563,"FX, SPRN, STRN & DISL EXCEPT FEMUR, HIP, PELVIS & THIGH W/O MCC"," $13,441 "," $14,731 ",
,564,OTHER MUSCULOSKELETAL SYS & CONNECTIVE TISSUE DIAGNOSES W MCC," $21,461 "," $15,131 ",
,565,OTHER MUSCULOSKELETAL SYS & CONNECTIVE TISSUE DIAGNOSES W CC," $18,336 "," $14,263 ",
,566,OTHER MUSCULOSKELETAL SYS & CONNECTIVE TISSUE DIAGNOSES W/O CC/MCC," $14,808 "," $16,430 ",
,570,SKIN DEBRIDEMENT W MCC," $43,123 "," $16,096 ",
,571,SKIN DEBRIDEMENT W CC," $48,340 "," $20,660 ",
,572,SKIN DEBRIDEMENT W/O CC/MCC," $25,317 ",,
,573,SKIN GRAFT FOR SKIN ULCER OR CELLULITIS W MCC," $50,943 ",,
,574,SKIN GRAFT FOR SKIN ULCER OR CELLULITIS W CC," $40,212 ",,
,576,SKIN GRAFT EXC FOR SKIN ULCER OR CELLULITIS W MCC," $72,717 ",,
,577,SKIN GRAFT EXC FOR SKIN ULCER OR CELLULITIS W CC," $44,494 ",,
,578,SKIN GRAFT EXC FOR SKIN ULCER OR CELLULITIS W/O CC/MCC," $90,528 ",,
,579,"OTHER SKIN, SUBCUT TISS & BREAST PROC W MCC"," $55,640 ",,
,580,"OTHER SKIN, SUBCUT TISS & BREAST PROC W CC"," $28,769 "," $13,625 ",
,581,"OTHER SKIN, SUBCUT TISS & BREAST PROC W/O CC/MCC"," $40,242 "," $14,798 ",
,582,MASTECTOMY FOR MALIGNANCY W CC/MCC," $56,564 ",,
,583,MASTECTOMY FOR MALIGNANCY W/O CC/MCC," $57,999 "," $18,846 ",
,584,"BREAST BIOPSY, LOCAL EXCISION & OTHER BREAST PROCEDURES W CC/MCC"," $55,233 "," $13,291 ",
,585,"BREAST BIOPSY, LOCAL EXCISION & OTHER BREAST PROCEDURES W/O CC/MCC"," $46,874 ",,
,592,SKIN ULCERS W MCC," $17,572 ",,
,593,SKIN ULCERS W CC," $22,969 ",,
,594,SKIN ULCERS W/O CC/MCC," $9,761 ",,
,595,MAJOR SKIN DISORDERS W MCC," $52,503 ",,
,596,MAJOR SKIN DISORDERS W/O MCC," $17,573 ",,
,597,MALIGNANT BREAST DISORDERS W MCC," $38,041 ",,
,598,MALIGNANT BREAST DISORDERS W CC," $20,932 ",,
,600,NON-MALIGNANT BREAST DISORDERS W CC/MCC," $15,411 "," $12,079 ",
,601,NON-MALIGNANT BREAST DISORDERS W/O CC/MCC," $12,727 ",,
,602,CELLULITIS W MCC," $28,379 "," $20,149 ",
,603,CELLULITIS W/O MCC," $14,473 "," $10,691 ",
,604,"TRAUMA TO THE SKIN, SUBCUT TISS & BREAST W MCC"," $17,731 "," $17,660 ",
,605,"TRAUMA TO THE SKIN, SUBCUT TISS & BREAST W/O MCC"," $17,308 "," $16,156 ",
,606,MINOR SKIN DISORDERS W MCC," $29,225 ",,
,607,MINOR SKIN DISORDERS W/O MCC," $19,012 ",,
,614,ADRENAL & PITUITARY PROCEDURES W CC/MCC," $47,148 ",,
,615,ADRENAL & PITUITARY PROCEDURES W/O CC/MCC," $33,339 ",,
,616,"AMPUTAT OF LOWER LIMB FOR ENDOCRINE,NUTRIT,& METABOL DIS W MCC"," $102,617 ",,
,617,"AMPUTAT OF LOWER LIMB FOR ENDOCRINE,NUTRIT,& METABOL DIS W CC"," $45,834 "," $41,203 ",
,619,O.R. PROCEDURES FOR OBESITY W MCC," $47,897 "," $32,656 ",
,620,O.R. PROCEDURES FOR OBESITY W CC," $34,646 "," $27,479 ",
,621,O.R. PROCEDURES FOR OBESITY W/O CC/MCC," $29,736 "," $25,957 ",
,622,"SKIN GRAFTS & WOUND DEBRID FOR ENDOC, NUTRIT & METAB DIS W MCC"," $45,282 ",,
,623,"SKIN GRAFTS & WOUND DEBRID FOR ENDOC, NUTRIT & METAB DIS W CC"," $29,556 "," $23,020 ",
,624,"SKIN GRAFTS & WOUND DEBRID FOR ENDOC, NUTRIT & METAB DIS W/O CC/MCC"," $8,719 ",,
,625,"THYROID, PARATHYROID & THYROGLOSSAL PROCEDURES W MCC"," $39,228 ",,
,626,"THYROID, PARATHYROID & THYROGLOSSAL PROCEDURES W CC"," $57,471 ",,
,627,"THYROID, PARATHYROID & THYROGLOSSAL PROCEDURES W/O CC/MCC"," $23,185 ",,
,628,"OTHER ENDOCRINE, NUTRIT & METAB O.R. PROC W MCC"," $66,216 ",,
,629,"OTHER ENDOCRINE, NUTRIT & METAB O.R. PROC W CC"," $60,182 ",,
,630,"OTHER ENDOCRINE, NUTRIT & METAB O.R. PROC W/O CC/MCC",," $36,283 ",
,637,DIABETES W MCC," $26,097 "," $25,821 ",
,638,DIABETES W CC," $16,824 "," $14,320 ",
,639,DIABETES W/O CC/MCC," $13,751 "," $10,915 ",
,640,"MISC DISORDERS OF NUTRITION,METABOLISM,FLUIDS/ELECTROLYTES W MCC"," $26,982 "," $20,806 ",
,641,"MISC DISORDERS OF NUTRITION,METABOLISM,FLUIDS/ELECTROLYTES W/O MCC"," $15,865 "," $11,149 ",
,642,INBORN AND OTHER DISORDERS OF METABOLISM," $31,223 "," $7,076 ",
,643,ENDOCRINE DISORDERS W MCC," $32,549 "," $8,182 ",
,644,ENDOCRINE DISORDERS W CC," $21,155 ",,
,645,ENDOCRINE DISORDERS W/O CC/MCC," $9,831 "," $7,087 ",
,652,KIDNEY TRANSPLANT," $271,165 ",,
,653,MAJOR BLADDER PROCEDURES W MCC," $160,329 ",,
,654,MAJOR BLADDER PROCEDURES W CC," $78,193 ",,
,655,MAJOR BLADDER PROCEDURES W/O CC/MCC," $46,627 ",,
,656,KIDNEY & URETER PROCEDURES FOR NEOPLASM W MCC," $51,685 ",,
,657,KIDNEY & URETER PROCEDURES FOR NEOPLASM W CC," $52,322 ",,
,658,KIDNEY & URETER PROCEDURES FOR NEOPLASM W/O CC/MCC," $40,099 ",,
,659,KIDNEY & URETER PROCEDURES FOR NON-NEOPLASM W MCC," $35,089 "," $26,832 ",
,660,KIDNEY & URETER PROCEDURES FOR NON-NEOPLASM W CC," $34,014 "," $26,935 ",
,661,KIDNEY & URETER PROCEDURES FOR NON-NEOPLASM W/O CC/MCC," $31,303 "," $15,284 ",
,662,MINOR BLADDER PROCEDURES W MCC," $85,487 ",,
,663,MINOR BLADDER PROCEDURES W CC," $46,314 ",,
,664,MINOR BLADDER PROCEDURES W/O CC/MCC," $21,988 ",,
,666,PROSTATECTOMY W CC," $31,294 ",,
,668,TRANSURETHRAL PROCEDURES W MCC," $61,470 ",,
,669,TRANSURETHRAL PROCEDURES W CC," $25,075 "," $19,804 ",
,670,TRANSURETHRAL PROCEDURES W/O CC/MCC," $19,880 "," $12,424 ",
,671,URETHRAL PROCEDURES W CC/MCC," $26,361 ",,
,672,URETHRAL PROCEDURES W/O CC/MCC," $8,300 ",,
,673,OTHER KIDNEY & URINARY TRACT PROCEDURES W MCC," $142,941 ",,
,674,OTHER KIDNEY & URINARY TRACT PROCEDURES W CC," $64,894 ",,
,675,OTHER KIDNEY & URINARY TRACT PROCEDURES W/O CC/MCC," $40,952 ",,
,682,RENAL FAILURE W MCC," $33,993 "," $19,581 ",
,683,RENAL FAILURE W CC," $15,915 "," $11,535 ",
,684,RENAL FAILURE W/O CC/MCC," $10,540 "," $10,930 ",
,686,KIDNEY & URINARY TRACT NEOPLASMS W MCC," $13,004 ",,
,689,KIDNEY & URINARY TRACT INFECTIONS W MCC," $24,532 "," $21,063 ",
,690,KIDNEY & URINARY TRACT INFECTIONS W/O MCC," $14,209 "," $12,191 ",
,692,URINARY STONES W ESW LITHOTRIPSY W/O CC/MCC," $25,989 ",,
,693,URINARY STONES W/O ESW LITHOTRIPSY W MCC," $43,211 ",,
,694,URINARY STONES W/O ESW LITHOTRIPSY W/O MCC," $15,508 "," $15,096 ",
,695,KIDNEY & URINARY TRACT SIGNS & SYMPTOMS W MCC," $21,059 ",,
,696,KIDNEY & URINARY TRACT SIGNS & SYMPTOMS W/O MCC," $14,310 ",,
,698,OTHER KIDNEY & URINARY TRACT DIAGNOSES W MCC," $27,454 "," $13,369 ",
,699,OTHER KIDNEY & URINARY TRACT DIAGNOSES W CC," $25,142 "," $9,714 ",
,700,OTHER KIDNEY & URINARY TRACT DIAGNOSES W/O CC/MCC," $18,617 ",,
,707,MAJOR MALE PELVIC PROCEDURES W CC/MCC," $41,001 ",,
,708,MAJOR MALE PELVIC PROCEDURES W/O CC/MCC," $35,918 ",,
,709,PENIS PROCEDURES W CC/MCC," $31,313 ",,
,711,TESTES PROCEDURES W CC/MCC," $30,780 ",,
,713,TRANSURETHRAL PROSTATECTOMY W CC/MCC," $57,598 ",,
,714,TRANSURETHRAL PROSTATECTOMY W/O CC/MCC," $19,564 ",,
,717,OTHER MALE REPRODUCTIVE SYSTEM O.R. PROC EXC MALIGNANCY W CC/MCC," $39,499 ",,
,718,OTHER MALE REPRODUCTIVE SYSTEM O.R. PROC EXC MALIGNANCY W/O CC/MCC," $18,449 "," $8,987 ",
,723,"MALIGNANCY, MALE REPRODUCTIVE SYSTEM W CC"," $43,237 ",,
,726,BENIGN PROSTATIC HYPERTROPHY W/O MCC," $2,836 "," $8,490 ",
,727,INFLAMMATION OF THE MALE REPRODUCTIVE SYSTEM W MCC," $26,599 ",,
,728,INFLAMMATION OF THE MALE REPRODUCTIVE SYSTEM W/O MCC," $15,992 ",,
,730,OTHER MALE REPRODUCTIVE SYSTEM DIAGNOSES W/O CC/MCC," $8,449 ",,
,734,"PELVIC EVISCERATION, RAD HYSTERECTOMY & RAD VULVECTOMY W CC/MCC"," $56,292 ",,
,735,"PELVIC EVISCERATION, RAD HYSTERECTOMY & RAD VULVECTOMY W/O CC/MCC"," $46,916 ",,
,736,UTERINE & ADNEXA PROC FOR OVARIAN OR ADNEXAL MALIGNANCY W MCC," $102,798 ",,
,737,UTERINE & ADNEXA PROC FOR OVARIAN OR ADNEXAL MALIGNANCY W CC," $56,298 ",,
,738,UTERINE & ADNEXA PROC FOR OVARIAN OR ADNEXAL MALIGNANCY W/O CC/MCC," $37,178 ",,
,739,"UTERINE,ADNEXA PROC FOR NON-OVARIAN/ADNEXAL MALIG W MCC"," $113,929 ",,
,740,"UTERINE,ADNEXA PROC FOR NON-OVARIAN/ADNEXAL MALIG W CC"," $89,869 ",,
,741,"UTERINE,ADNEXA PROC FOR NON-OVARIAN/ADNEXAL MALIG W/O CC/MCC"," $43,555 ",,
,742,UTERINE & ADNEXA PROC FOR NON-MALIGNANCY W CC/MCC," $44,427 "," $21,029 ",
,743,UTERINE & ADNEXA PROC FOR NON-MALIGNANCY W/O CC/MCC," $32,243 "," $19,754 ",
,744,"D&C, CONIZATION, LAPAROSCOPY & TUBAL INTERRUPTION W CC/MCC"," $25,940 "," $20,416 ",
,745,"D&C, CONIZATION, LAPAROSCOPY & TUBAL INTERRUPTION W/O CC/MCC"," $12,052 ",,
,746,"VAGINA, CERVIX & VULVA PROCEDURES W CC/MCC"," $50,341 "," $32,670 ",
,747,"VAGINA, CERVIX & VULVA PROCEDURES W/O CC/MCC"," $19,514 ",,
,748,FEMALE REPRODUCTIVE SYSTEM RECONSTRUCTIVE PROCEDURES," $4,055 "," $9,234 ",
,749,OTHER FEMALE REPRODUCTIVE SYSTEM O.R. PROCEDURES W CC/MCC," $57,906 ",,
,754,"MALIGNANCY, FEMALE REPRODUCTIVE SYSTEM W MCC"," $48,873 ",,
,755,"MALIGNANCY, FEMALE REPRODUCTIVE SYSTEM W CC"," $27,309 ",,
,756,"MALIGNANCY, FEMALE REPRODUCTIVE SYSTEM W/O CC/MCC"," $13,764 ",,
,758,"INFECTIONS, FEMALE REPRODUCTIVE SYSTEM W CC"," $23,310 "," $16,015 ",
,759,"INFECTIONS, FEMALE REPRODUCTIVE SYSTEM W/O CC/MCC"," $11,210 "," $13,753 ",
,760,MENSTRUAL & OTHER FEMALE REPRODUCTIVE SYSTEM DISORDERS W CC/MCC," $25,831 "," $8,491 ",
,761,MENSTRUAL & OTHER FEMALE REPRODUCTIVE SYSTEM DISORDERS W/O CC/MCC," $9,187 "," $7,993 ",
,765,CESAREAN SECTION W CC/MCC," $25,680 "," $19,093 ",
,766,CESAREAN SECTION W/O CC/MCC," $18,593 "," $15,870 ",
,767,VAGINAL DELIVERY W STERILIZATION &/OR D&C," $22,945 "," $14,677 ",
,768,VAGINAL DELIVERY W O.R. PROC EXCEPT STERIL &/OR D&C," $28,842 "," $11,410 ",
,769,POSTPARTUM & POST ABORTION DIAGNOSES W O.R. PROCEDURE," $27,263 ",,
,770,"ABORTION W D&C, ASPIRATION CURETTAGE OR HYSTEROTOMY"," $14,746 "," $13,641 ",
,774,VAGINAL DELIVERY W COMPLICATING DIAGNOSES," $14,539 "," $9,610 ",
,775,VAGINAL DELIVERY W/O COMPLICATING DIAGNOSES," $12,161 "," $8,007 ",
,776,POSTPARTUM & POST ABORTION DIAGNOSES W/O O.R. PROCEDURE," $10,540 "," $6,424 ",
,777,ECTOPIC PREGNANCY," $19,014 "," $20,207 ",
,778,THREATENED ABORTION," $8,201 ",,
,779,ABORTION W/O D&C," $18,066 ",,
,780,FALSE LABOR," $6,713 ",,
,781,OTHER ANTEPARTUM DIAGNOSES W MEDICAL COMPLICATIONS," $10,999 "," $7,939 ",
,782,OTHER ANTEPARTUM DIAGNOSES W/O MEDICAL COMPLICATIONS," $6,603 "," $2,836 ",
,783,CESAREAN SECTION W STERILIZATION W MCC," $23,949 "," $20,208 ",
,784,CESAREAN SECTION W STERILIZATION W CC," $25,255 "," $17,940 ",
,785,CESAREAN SECTION W STERILIZATION W/O CC/MCC," $19,543 "," $15,033 ",
,786,CESAREAN SECTION W/O STERILIZATION W MCC," $28,114 "," $29,608 ",
,787,CESAREAN SECTION W/O STERILIZATION W CC," $24,517 "," $17,450 ",
,788,CESAREAN SECTION W/O STERILIZATION W/O CC/MCC," $19,534 "," $16,330 ",
,789,"NEONATES, DIED OR TRANSFERRED TO ANOTHER ACUTE CARE FACILITY"," $103,684 "," $3,549 ",
,790,"EXTREME IMMATURITY OR RESPIRATORY DISTRESS SYNDROME, NEONATE"," $245,520 "," $1,874 ",
,791,PREMATURITY W MAJOR PROBLEMS," $79,406 "," $4,244 ",
,792,PREMATURITY W/O MAJOR PROBLEMS," $40,361 "," $4,298 ",
,793,FULL TERM NEONATE W MAJOR PROBLEMS," $33,409 "," $4,381 ",
,794,NEONATE W OTHER SIGNIFICANT PROBLEMS," $7,835 "," $3,331 ",
,795,NORMAL NEWBORN," $4,088 "," $2,650 ",
,796,VAGINAL DELIVERY W STERILIZATION/D&C W MCC," $27,100 ",,
,797,VAGINAL DELIVERY W STERILIZATION/D&C W CC," $23,230 ",,
,798,VAGINAL DELIVERY W STERILIZATION/D&C WO CC/MCC," $19,083 "," $15,860 ",
,799,SPLENECTOMY W MCC," $91,642 ",,
,801,SPLENECTOMY W/O CC/MCC," $32,221 ",,
,802,OTHER O.R. PROC OF THE BLOOD & BLOOD FORMING ORGANS W MCC," $490,575 ",,
,803,OTHER O.R. PROC OF THE BLOOD & BLOOD FORMING ORGANS W CC," $33,146 "," $21,636 ",
,804,OTHER O.R. PROC OF THE BLOOD & BLOOD FORMING ORGANS W/O CC/MCC," $31,131 ",,
,805,VAGINAL DELIVERY W/O STERILIZATION/D&C W MCC," $17,274 "," $10,415 ",
,806,VAGINAL DELIVERY W/O STERILIZATION/D&C W CC," $13,907 "," $9,365 ",
,807,VAGINAL DELIVERY W/O STERILIZATION/D&C W/O CC/MCC," $12,156 "," $8,084 ",
,808,MAJOR HEMATOL/IMMUN DIAG EXC SICKLE CELL CRISIS & COAGUL W MCC," $40,016 ",,
,809,MAJOR HEMATOL/IMMUN DIAG EXC SICKLE CELL CRISIS & COAGUL W CC," $34,351 "," $16,542 ",
,810,MAJOR HEMATOL/IMMUN DIAG EXC SICKLE CELL CRISIS & COAGUL W/O CC/MCC," $19,660 "," $8,223 ",
,811,RED BLOOD CELL DISORDERS W MCC," $42,276 "," $13,383 ",
,812,RED BLOOD CELL DISORDERS W/O MCC," $18,400 "," $10,305 ",
,813,COAGULATION DISORDERS," $25,704 "," $7,587 ",
,814,RETICULOENDOTHELIAL & IMMUNITY DISORDERS W MCC," $26,731 ",,
,815,RETICULOENDOTHELIAL & IMMUNITY DISORDERS W CC," $22,265 "," $14,959 ",
,816,RETICULOENDOTHELIAL & IMMUNITY DISORDERS W/O CC/MCC," $17,255 ",,
,817,OTHER ANTEPARTUM DIAGNOSES W O.R. PROCEDURE W MCC," $24,026 ",,
,818,OTHER ANTEPARTUM DIAGNOSES W O.R. PROCEDURE W CC," $35,662 ",,
,819,OTHER ANTEPARTUM DIAGNOSES W O.R. PROCEDURE W/O CC/MCC," $14,650 ",,
,820,LYMPHOMA & LEUKEMIA W MAJOR O.R. PROCEDURE W MCC," $178,912 ",,
,821,LYMPHOMA & LEUKEMIA W MAJOR O.R. PROCEDURE W CC," $50,615 ",,
,822,LYMPHOMA & LEUKEMIA W MAJOR O.R. PROCEDURE W/O CC/MCC," $33,291 ",,
,823,LYMPHOMA & NON-ACUTE LEUKEMIA W OTHER PROC W MCC," $82,158 ",,
,824,LYMPHOMA & NON-ACUTE LEUKEMIA W OTHER PROC W CC," $61,799 ",,
,825,LYMPHOMA & NON-ACUTE LEUKEMIA W OTHER PROC W/O CC/MCC," $41,050 ",,
,826,MYELOPROLIF DISORD OR POORLY DIFF NEOPL W MAJ O.R. PROC W MCC," $144,987 ",,
,827,MYELOPROLIF DISORD OR POORLY DIFF NEOPL W MAJ O.R. PROC W CC," $72,606 ",,
,828,MYELOPROLIF DISORD OR POORLY DIFF NEOPL W MAJ O.R. PROC W/O CC/MCC," $58,535 ",,
,829,MYELOPROLIFERATIVE DISORDERS OR POORLY DIFFERENTIATED NEOPLASMS W OTHER PROCEDURE W CC/MCC," $64,303 ",,
,830,MYELOPROLIFERATIVE DISORDERS OR POORLY DIFFERENTIATED NEOPLASMS W OTHER PROCEDURE W/O CC/MCC," $2,907 ",,
,831,OTHER ANTEPARTUM DIAGNOSES W/O O.R. PROCEDURE W MCC," $23,855 "," $8,741 ",
,832,OTHER ANTEPARTUM DIAGNOSES W/O O.R. PROCEDURE W CC," $8,495 "," $6,474 ",
,833,OTHER ANTEPARTUM DIAGNOSES W/O O.R. PROCEDURE W/O CC/MCC," $6,882 "," $2,730 ",
,834,ACUTE LEUKEMIA W/O MAJOR O.R. PROCEDURE W MCC," $231,696 ",,
,835,ACUTE LEUKEMIA W/O MAJOR O.R. PROCEDURE W CC," $123,610 ",,
,836,ACUTE LEUKEMIA W/O MAJOR O.R. PROCEDURE W/O CC/MCC,," $18,225 ",
,837,CHEMO W ACUTE LEUKEMIA AS SDX OR W HIGH DOSE CHEMO AGENT W MCC," $223,935 ",,
,838,CHEMO W ACUTE LEUKEMIA AS SDX W CC OR HIGH DOSE CHEMO AGENT," $25,842 ",,
,839,CHEMO W ACUTE LEUKEMIA AS SDX W/O CC/MCC," $20,770 ",,
,840,LYMPHOMA & NON-ACUTE LEUKEMIA W MCC," $69,343 ",,
,841,LYMPHOMA & NON-ACUTE LEUKEMIA W CC," $67,913 ",,
,842,LYMPHOMA & NON-ACUTE LEUKEMIA W/O CC/MCC," $40,074 ",,
,843,OTHER MYELOPROLIF DIS OR POORLY DIFF NEOPL DIAG W MCC," $70,053 ",,
,844,OTHER MYELOPROLIF DIS OR POORLY DIFF NEOPL DIAG W CC," $30,399 ",,
,845,OTHER MYELOPROLIF DIS OR POORLY DIFF NEOPL DIAG W/O CC/MCC," $4,395 ",,
,846,CHEMOTHERAPY W/O ACUTE LEUKEMIA AS SECONDARY DIAGNOSIS W MCC," $79,095 ",,
,847,CHEMOTHERAPY W/O ACUTE LEUKEMIA AS SECONDARY DIAGNOSIS W CC," $36,848 ",,
,848,CHEMOTHERAPY W/O ACUTE LEUKEMIA AS SECONDARY DIAGNOSIS W/O CC/MCC," $31,086 ",,
,853,INFECTIOUS & PARASITIC DISEASES W O.R. PROCEDURE W MCC," $95,611 "," $50,508 ",
,854,INFECTIOUS & PARASITIC DISEASES W O.R. PROCEDURE W CC," $37,259 "," $26,141 ",
,855,INFECTIOUS & PARASITIC DISEASES W O.R. PROCEDURE W/O CC/MCC," $10,166 ",,
,856,POSTOPERATIVE OR POST-TRAUMATIC INFECTIONS W O.R. PROC W MCC," $102,426 "," $48,979 ",
,857,POSTOPERATIVE OR POST-TRAUMATIC INFECTIONS W O.R. PROC W CC," $41,319 "," $26,396 ",
,858,POSTOPERATIVE OR POST-TRAUMATIC INFECTIONS W O.R. PROC W/O CC/MCC," $22,433 ",,
,862,POSTOPERATIVE & POST-TRAUMATIC INFECTIONS W MCC," $28,607 "," $13,962 ",
,863,POSTOPERATIVE & POST-TRAUMATIC INFECTIONS W/O MCC," $21,318 "," $12,724 ",
,864,FEVER AND INFLAMMATORY CONDITIONS," $15,066 "," $9,761 ",
,865,VIRAL ILLNESS W MCC," $35,418 "," $6,653 ",
,866,VIRAL ILLNESS W/O MCC," $13,634 "," $12,527 ",
,867,OTHER INFECTIOUS & PARASITIC DISEASES DIAGNOSES W MCC," $24,114 ",,
,868,OTHER INFECTIOUS & PARASITIC DISEASES DIAGNOSES W CC," $20,215 "," $20,095 ",
,869,OTHER INFECTIOUS & PARASITIC DISEASES DIAGNOSES W/O CC/MCC," $12,961 ",,
,870,SEPTICEMIA OR SEVERE SEPSIS W MV >96 HOURS OR PERIPHERAL EXTRACORPOREAL MEMBRANE OXYGENATION (ECMO)," $162,632 "," $50,718 ",
,871,SEPTICEMIA OR SEVERE SEPSIS W/O MV >96 HOURS W MCC," $35,081 "," $19,116 ",
,872,SEPTICEMIA OR SEVERE SEPSIS W/O MV >96 HOURS W/O MCC," $19,367 "," $13,756 ",
,876,O.R. PROCEDURE W PRINCIPAL DIAGNOSES OF MENTAL ILLNESS," $28,525 "," $36,410 ",
,880,ACUTE ADJUSTMENT REACTION & PSYCHOSOCIAL DYSFUNCTION," $18,191 ",,
,881,DEPRESSIVE NEUROSES," $11,660 ",,
,882,NEUROSES EXCEPT DEPRESSIVE," $16,046 ",,
,883,DISORDERS OF PERSONALITY & IMPULSE CONTROL," $23,419 ",,
,884,ORGANIC DISTURBANCES & INTELLECTUAL DISABILITY," $17,642 "," $16,342 ",
,885,PSYCHOSES," $41,613 "," $12,099 ",
,886,BEHAVIORAL & DEVELOPMENTAL DISORDERS," $36,668 "," $6,741 ",
,887,OTHER MENTAL DISORDER DIAGNOSES," $12,927 ",,
,894,"ALCOHOL/DRUG ABUSE OR DEPENDENCE, LEFT AMA"," $12,262 ",,
,896,ALCOHOL/DRUG ABUSE OR DEPENDENCE W/O REHABILITATION THERAPY W MCC," $17,353 "," $16,254 ",
,897,ALCOHOL/DRUG ABUSE OR DEPENDENCE W/O REHABILITATION THERAPY W/O MCC," $14,080 "," $14,102 ",
,901,WOUND DEBRIDEMENTS FOR INJURIES W MCC," $205,199 ",,
,902,WOUND DEBRIDEMENTS FOR INJURIES W CC," $79,044 ",,
,903,WOUND DEBRIDEMENTS FOR INJURIES W/O CC/MCC,," $40,679 ",
,904,SKIN GRAFTS FOR INJURIES W CC/MCC," $145,401 ",,
,906,HAND PROCEDURES FOR INJURIES," $24,382 ",,
,907,OTHER O.R. PROCEDURES FOR INJURIES W MCC," $106,907 ",,
,908,OTHER O.R. PROCEDURES FOR INJURIES W CC," $51,765 "," $24,641 ",
,909,OTHER O.R. PROCEDURES FOR INJURIES W/O CC/MCC," $37,428 "," $57,053 ",
,913,TRAUMATIC INJURY W MCC," $46,192 ",,
,914,TRAUMATIC INJURY W/O MCC," $14,753 ",,
,915,ALLERGIC REACTIONS W MCC," $35,056 "," $36,762 ",
,916,ALLERGIC REACTIONS W/O MCC," $11,604 "," $15,097 ",
,917,POISONING & TOXIC EFFECTS OF DRUGS W MCC," $28,806 "," $14,448 ",
,918,POISONING & TOXIC EFFECTS OF DRUGS W/O MCC," $10,826 "," $11,761 ",
,919,COMPLICATIONS OF TREATMENT W MCC," $28,825 "," $15,534 ",
,920,COMPLICATIONS OF TREATMENT W CC," $23,571 "," $13,372 ",
,921,COMPLICATIONS OF TREATMENT W/O CC/MCC," $11,409 ",,
,922,"OTHER INJURY, POISONING & TOXIC EFFECT DIAG W MCC"," $42,869 "," $32,637 ",
,923,"OTHER INJURY, POISONING & TOXIC EFFECT DIAG W/O MCC"," $15,500 "," $14,898 ",
,928,FULL THICKNESS BURN W SKIN GRAFT OR INHAL INJ W CC/MCC," $158,569 ",,
,929,FULL THICKNESS BURN W SKIN GRAFT OR INHAL INJ W/O CC/MCC," $81,397 ",,
,933,EXTENSIVE BURNS OR FULL THICKNESS BURNS W MV >96 HRS W/O SKIN GRAFT," $41,912 ",,
,934,FULL THICKNESS BURN W/O SKIN GRAFT OR INHAL INJ," $13,433 ",,
,935,NON-EXTENSIVE BURNS," $39,676 ",,
,939,O.R. PROC W DIAGNOSES OF OTHER CONTACT W HEALTH SERVICES W MCC," $88,954 ",,
,940,O.R. PROC W DIAGNOSES OF OTHER CONTACT W HEALTH SERVICES W CC," $38,414 ",,
,941,O.R. PROC W DIAGNOSES OF OTHER CONTACT W HEALTH SERVICES W/O CC/MCC," $38,587 "," $17,787 ",
,947,SIGNS & SYMPTOMS W MCC," $27,858 "," $34,643 ",
,948,SIGNS & SYMPTOMS W/O MCC," $14,877 "," $23,036 ",
,949,AFTERCARE W CC/MCC," $17,270 ",,
,950,AFTERCARE W/O CC/MCC," $12,051 ",,
,951,OTHER FACTORS INFLUENCING HEALTH STATUS," $8,807 "," $7,257 ",
,955,CRANIOTOMY FOR MULTIPLE SIGNIFICANT TRAUMA," $177,257 ",,
,956,"LIMB REATTACHMENT, HIP & FEMUR PROC FOR MULTIPLE SIGNIFICANT TRAUMA"," $90,199 "," $35,418 ",
,957,OTHER O.R. PROCEDURES FOR MULTIPLE SIGNIFICANT TRAUMA W MCC," $160,667 ",,
,958,OTHER O.R. PROCEDURES FOR MULTIPLE SIGNIFICANT TRAUMA W CC," $77,806 ",,
,959,OTHER O.R. PROCEDURES FOR MULTIPLE SIGNIFICANT TRAUMA W/O CC/MCC," $78,874 ",,
,963,OTHER MULTIPLE SIGNIFICANT TRAUMA W MCC," $41,383 ",,
,964,OTHER MULTIPLE SIGNIFICANT TRAUMA W CC," $29,994 "," $4,991 ",
,965,OTHER MULTIPLE SIGNIFICANT TRAUMA W/O CC/MCC," $20,859 ",,
,974,HIV W MAJOR RELATED CONDITION W MCC," $28,605 ",,
,975,HIV W MAJOR RELATED CONDITION W CC," $24,604 ",,
,981,EXTENSIVE O.R. PROCEDURE UNRELATED TO PRINCIPAL DIAGNOSIS W MCC," $100,575 "," $23,757 ",
,982,EXTENSIVE O.R. PROCEDURE UNRELATED TO PRINCIPAL DIAGNOSIS W CC," $46,517 "," $23,008 ",
,983,EXTENSIVE O.R. PROCEDURE UNRELATED TO PRINCIPAL DIAGNOSIS W/O CC/MCC," $37,330 "," $61,804 ",
,987,NON-EXTENSIVE O.R. PROC UNRELATED TO PRINCIPAL DIAGNOSIS W MCC," $74,362 "," $21,686 ",
,988,NON-EXTENSIVE O.R. PROC UNRELATED TO PRINCIPAL DIAGNOSIS W CC," $38,023 "," $26,165 ",
,989,NON-EXTENSIVE O.R. PROC UNRELATED TO PRINCIPAL DIAGNOSIS W/O CC/MCC," $26,695 "," $34,360 ",
,998,PRINCIPAL DIAGNOSIS INVALID AS DISCHARGE DIAGNOSIS," $9,530 ",,
,999,UNGROUPABLE," $105,633 ",,
,,,,,
*,"Regional Hospital locations include Big Rapids, Gerber, Kelsey, Ludington, Pennock, United, Reed City, Zeeland",,,,
