Description,Average Self Pay Patient Responsibilty
Acute  Subacute Endocarditis W Cc,"$30,843 "
Acute  Subacute Endocarditis W Mcc,"$53,590 "
Acute Adjustment Reaction  Psychosocial Dysfunction,"$16,231 "
Acute Leukemia W/O Major O.R. Procedure W Cc,"$47,352 "
Acute Leukemia W/O Major O.R. Procedure W Mcc,"$129,176 "
Acute Leukemia W/O Major O.R. Procedure W/O Cc/Mcc,"$57,579 "
Acute Major Eye Infections W Cc/Mcc,"$32,243 "
Acute Major Eye Infections W/O Cc/Mcc,"$6,152 "
"Acute Myocardial Infarction, Discharged Alive W Cc","$19,073 "
"Acute Myocardial Infarction, Discharged Alive W Mcc","$42,740 "
"Acute Myocardial Infarction, Discharged Alive W/O Cc/Mcc","$18,432 "
"Acute Myocardial Infarction, Expired W Cc","$18,410 "
"Acute Myocardial Infarction, Expired W Mcc","$54,690 "
Adrenal  Pituitary Procedures W Cc/Mcc,"$80,906 "
Adrenal  Pituitary Procedures W/O Cc/Mcc,"$48,757 "
Aftercare W Cc/Mcc,"$17,590 "
"Aftercare, Musculoskeletal System  Connective Tissue W Cc","$20,732 "
"Aftercare, Musculoskeletal System  Connective Tissue W Mcc","$21,966 "
"Aftercare, Musculoskeletal System  Connective Tissue W/O Cc/Mcc","$12,437 "
Aicd Generator Procedures,"$65,329 "
Aicd Lead Procedures,"$48,845 "
Alcohol/Drug Abuse Or Dependence W/O Rehabilitation Therapy W Mcc,"$21,778 "
Alcohol/Drug Abuse Or Dependence W/O Rehabilitation Therapy W/O Mcc,"$15,006 "
"Alcohol/Drug Abuse Or Dependence, Left Ama","$18,796 "
Allergic Reactions W Mcc,"$37,917 "
Allergic Reactions W/O Mcc,"$15,689 "
"Amputat Of Lower Limb For Endocrine,Nutrit, Metabol Dis W Cc","$51,395 "
"Amputat Of Lower Limb For Endocrine,Nutrit, Metabol Dis W Mcc","$57,844 "
Amputation For Circ Sys Disorders Exc Upper Limb  Toe W Cc,"$80,020 "
Amputation For Circ Sys Disorders Exc Upper Limb  Toe W Mcc,"$146,938 "
Amputation For Circ Sys Disorders Exc Upper Limb  Toe W/O Cc/Mcc,"$40,814 "
Amputation For Musculoskeletal Sys  Conn Tissue Dis W Cc,"$50,389 "
Amputation For Musculoskeletal Sys  Conn Tissue Dis W Mcc,"$96,076 "
Amputation For Musculoskeletal Sys  Conn Tissue Dis W/O Cc/Mcc,"$41,780 "
Anal  Stomal Procedures W Cc,"$50,351 "
Anal  Stomal Procedures W Mcc,"$139,907 "
Anal  Stomal Procedures W/O Cc/Mcc,"$48,958 "
Angina Pectoris,"$17,920 "
Aortic And Heart Assist Procedures Except Pulsation Balloon W Mcc,"$163,695 "
Aortic And Heart Assist Procedures Except Pulsation Balloon W/O Mcc,"$73,657 "
Appendectomy W Complicated Principal Diag W Cc,"$45,646 "
Appendectomy W Complicated Principal Diag W Mcc,"$50,076 "
Appendectomy W Complicated Principal Diag W/O Cc/Mcc,"$32,272 "
Appendectomy W/O Complicated Principal Diag W Cc,"$32,759 "
Appendectomy W/O Complicated Principal Diag W Mcc,"$119,094 "
Appendectomy W/O Complicated Principal Diag W/O Cc/Mcc,"$24,826 "
Atherosclerosis W Mcc,"$42,629 "
Atherosclerosis W/O Mcc,"$12,697 "
Back  Neck Proc Exc Spinal Fusion W Cc,"$56,439 "
Back  Neck Proc Exc Spinal Fusion W Mcc Or Disc Device/Neurostim,"$78,907 "
Back  Neck Proc Exc Spinal Fusion W/O Cc/Mcc,"$35,366 "
Bacterial  Tuberculous Infections Of Nervous System W Cc,"$32,848 "
Bacterial  Tuberculous Infections Of Nervous System W Mcc,"$68,151 "
Bacterial  Tuberculous Infections Of Nervous System W/O Cc/Mcc,"$39,458 "
Behavioral  Developmental Disorders,"$29,662 "
Benign Prostatic Hypertrophy W/O Mcc,"$4,733 "
Bilateral Or Multiple Major Joint Procs Of Lower Extremity W Mcc,"$52,497 "
Bilateral Or Multiple Major Joint Procs Of Lower Extremity W/O Mcc,"$56,537 "
Biliary Tract Proc Except Only Cholecyst W Or W/O C.D.E. W Cc,"$73,363 "
Biliary Tract Proc Except Only Cholecyst W Or W/O C.D.E. W Mcc,"$62,988 "
Biliary Tract Proc Except Only Cholecyst W Or W/O C.D.E. W/O Cc/Mcc,"$53,334 "
Biopsies Of Musculoskeletal System  Connective Tissue W Cc,"$64,724 "
Biopsies Of Musculoskeletal System  Connective Tissue W Mcc,"$56,285 "
Biopsies Of Musculoskeletal System  Connective Tissue W/O Cc/Mcc,"$41,294 "
Bone Diseases  Arthropathies W Mcc,"$40,987 "
Bone Diseases  Arthropathies W/O Mcc,"$15,196 "
"Breast Biopsy, Local Excision  Other Breast Procedures W Cc/Mcc","$23,139 "
"Breast Biopsy, Local Excision  Other Breast Procedures W/O Cc/Mcc","$52,812 "
Bronchitis  Asthma W Cc/Mcc,"$16,267 "
Bronchitis  Asthma W/O Cc/Mcc,"$7,552 "
"Cardiac Arrest, Unexplained W Mcc","$30,523 "
Cardiac Arrhythmia  Conduction Disorders W Cc,"$14,471 "
Cardiac Arrhythmia  Conduction Disorders W Mcc,"$27,221 "
Cardiac Arrhythmia  Conduction Disorders W/O Cc/Mcc,"$10,400 "
Cardiac Congenital  Valvular Disorders W Mcc,"$53,262 "
Cardiac Congenital  Valvular Disorders W/O Mcc,"$25,162 "
Cardiac Defib Implant W Cardiac Cath W Ami/Hf/Shock W Mcc,"$118,986 "
Cardiac Defib Implant W Cardiac Cath W Ami/Hf/Shock W/O Mcc,"$82,557 "
Cardiac Defib Implant W Cardiac Cath W/O Ami/Hf/Shock W Mcc,"$81,811 "
Cardiac Defib Implant W Cardiac Cath W/O Ami/Hf/Shock W/O Mcc,"$70,072 "
Cardiac Defibrillator Implant W/O Cardiac Cath W Mcc,"$103,457 "
Cardiac Defibrillator Implant W/O Cardiac Cath W/O Mcc,"$65,439 "
Cardiac Pacemaker Device Replacement W Mcc,"$35,480 "
Cardiac Pacemaker Device Replacement W/O Mcc,"$27,642 "
Cardiac Pacemaker Revision Except Device Replacement W Cc,"$40,138 "
Cardiac Pacemaker Revision Except Device Replacement W Mcc,"$73,225 "
Cardiac Pacemaker Revision Except Device Replacement W/O Cc/Mcc,"$24,759 "
Cardiac Valve  Oth Maj Cardiothoracic Proc W Card Cath W Cc,"$126,027 "
Cardiac Valve  Oth Maj Cardiothoracic Proc W Card Cath W Mcc,"$216,010 "
Cardiac Valve  Oth Maj Cardiothoracic Proc W/O Card Cath W Cc,"$111,488 "
Cardiac Valve  Oth Maj Cardiothoracic Proc W/O Card Cath W Mcc,"$174,479 "
Cardiac Valve  Oth Maj Cardiothoracic Proc W/O Card Cath W/O Cc/Mcc,"$88,942 "
Carotid Artery Stent Procedure W Cc,"$45,036 "
Carotid Artery Stent Procedure W Mcc,"$74,559 "
Carotid Artery Stent Procedure W/O Cc/Mcc,"$30,588 "
Cellulitis W Mcc,"$26,281 "
Cellulitis W/O Mcc,"$11,207 "
Cervical Spinal Fusion W Cc,"$53,434 "
Cervical Spinal Fusion W Mcc,"$94,008 "
Cervical Spinal Fusion W/O Cc/Mcc,"$45,339 "
Cesarean Section W Cc/Mcc,"$18,800 "
Cesarean Section W/O Cc/Mcc,"$13,921 "
Chemo W Acute Leukemia As Sdx Or W High Dose Chemo Agent W Mcc,"$90,578 "
Chemo W Acute Leukemia As Sdx W Cc Or High Dose Chemo Agent,"$27,241 "
Chemo W Acute Leukemia As Sdx W/O Cc/Mcc,"$25,625 "
Chemotherapy W/O Acute Leukemia As Secondary Diagnosis W Cc,"$22,116 "
Chemotherapy W/O Acute Leukemia As Secondary Diagnosis W Mcc,"$36,076 "
Chest Pain,"$11,867 "
Cholecystectomy Except By Laparoscope W/O C.D.E. W Cc,"$56,065 "
Cholecystectomy Except By Laparoscope W/O C.D.E. W Mcc,"$73,217 "
Cholecystectomy Except By Laparoscope W/O C.D.E. W/O Cc/Mcc,"$42,145 "
Cholecystectomy W C.D.E. W Cc,"$53,531 "
Chronic Obstructive Pulmonary Disease W Cc,"$11,867 "
Chronic Obstructive Pulmonary Disease W Mcc,"$16,535 "
Chronic Obstructive Pulmonary Disease W/O Cc/Mcc,"$10,121 "
"Circulatory Disorders Except Ami, W Card Cath W Mcc","$57,815 "
"Circulatory Disorders Except Ami, W Card Cath W/O Mcc","$27,301 "
Cirrhosis  Alcoholic Hepatitis W Cc,"$13,271 "
Cirrhosis  Alcoholic Hepatitis W Mcc,"$46,875 "
Cirrhosis  Alcoholic Hepatitis W/O Cc/Mcc,"$7,211 "
Coagulation Disorders,"$56,658 "
Combined Anterior/Posterior Spinal Fusion W Cc,"$95,002 "
Combined Anterior/Posterior Spinal Fusion W Mcc,"$178,783 "
Combined Anterior/Posterior Spinal Fusion W/O Cc/Mcc,"$71,908 "
Complicated Peptic Ulcer W Cc,"$15,569 "
Complicated Peptic Ulcer W Mcc,"$38,040 "
Complicated Peptic Ulcer W/O Cc/Mcc,"$12,631 "
Complications Of Treatment W Cc,"$21,346 "
Complications Of Treatment W Mcc,"$35,502 "
Complications Of Treatment W/O Cc/Mcc,"$14,701 "
Concussion W Cc,"$15,962 "
Concussion W Mcc,"$16,300 "
Concussion W/O Cc/Mcc,"$3,000 "
Connective Tissue Disorders W Cc,"$27,853 "
Connective Tissue Disorders W Mcc,"$57,307 "
Connective Tissue Disorders W/O Cc/Mcc,"$14,726 "
Coronary Bypass W Cardiac Cath W Mcc,"$157,590 "
Coronary Bypass W Cardiac Cath W/O Mcc,"$120,800 "
Coronary Bypass W Ptca W Mcc,"$181,988 "
Coronary Bypass W Ptca W/O Mcc,"$147,618 "
Coronary Bypass W/O Cardiac Cath W Mcc,"$147,060 "
Coronary Bypass W/O Cardiac Cath W/O Mcc,"$103,779 "
Cranial  Peripheral Nerve Disorders W Mcc,"$30,413 "
Cranial  Peripheral Nerve Disorders W/O Mcc,"$21,142 "
Cranial/Facial Procedures W Cc/Mcc,"$70,793 "
Cranial/Facial Procedures W/O Cc/Mcc,"$45,037 "
Cranio W Major Dev Impl/Acute Complex Cns Pdx W/O Mcc,"$75,370 "
Craniotomy  Endovascular Intracranial Procedures W Cc,"$65,881 "
Craniotomy  Endovascular Intracranial Procedures W Mcc,"$89,887 "
Craniotomy  Endovascular Intracranial Procedures W/O Cc/Mcc,"$60,141 "
Craniotomy For Multiple Significant Trauma,"$185,602 "
Craniotomy W Major Device Implant Or Acute Cns Pdx W Mcc Or Chemotherapy Implant Or Epilepsy W Neurostimulator,"$103,412 "
"Dc, Conization, Laparoscopy  Tubal Interruption W Cc/Mcc","$28,905 "
"Dc, Conization, Laparoscopy  Tubal Interruption W/O Cc/Mcc","$27,697 "
Deep Vein Thrombophlebitis W Cc/Mcc,"$10,092 "
Degenerative Nervous System Disorders W Mcc,"$36,575 "
Degenerative Nervous System Disorders W/O Mcc,"$20,047 "
Dental  Oral Diseases W Cc,"$16,937 "
Dental  Oral Diseases W Mcc,"$23,825 "
Dental  Oral Diseases W/O Cc/Mcc,"$15,818 "
Depressive Neuroses,"$15,033 "
Diabetes W Cc,"$14,734 "
Diabetes W Mcc,"$27,623 "
Diabetes W/O Cc/Mcc,"$8,169 "
Digestive Malignancy W Cc,"$34,212 "
Digestive Malignancy W Mcc,"$39,704 "
Digestive Malignancy W/O Cc/Mcc,"$23,093 "
"Disorders Of Liver Except Malig,Cirr,Alc Hepa W Cc","$19,814 "
"Disorders Of Liver Except Malig,Cirr,Alc Hepa W Mcc","$45,298 "
"Disorders Of Liver Except Malig,Cirr,Alc Hepa W/O Cc/Mcc","$32,301 "
Disorders Of Pancreas Except Malignancy W Cc,"$17,265 "
Disorders Of Pancreas Except Malignancy W Mcc,"$31,383 "
Disorders Of Pancreas Except Malignancy W/O Cc/Mcc,"$16,315 "
Disorders Of Personality  Impulse Control,"$12,139 "
Disorders Of The Biliary Tract W Cc,"$30,600 "
Disorders Of The Biliary Tract W Mcc,"$48,408 "
Disorders Of The Biliary Tract W/O Cc/Mcc,"$32,205 "
Dysequilibrium,"$16,724 "
"Ear, Nose, Mouth  Throat Malignancy W Cc","$24,909 "
"Ear, Nose, Mouth  Throat Malignancy W Mcc","$37,071 "
"Ear, Nose, Mouth  Throat Malignancy W/O Cc/Mcc","$19,051 "
"Ecmo Or Trach W Mv >96 Hrs Or Pdx Exc Face, Mouth  Neck W Maj O.R.","$382,833 "
Ectopic Pregnancy,"$28,682 "
Endocrine Disorders W Cc,"$13,162 "
Endocrine Disorders W Mcc,"$37,014 "
Endocrine Disorders W/O Cc/Mcc,"$18,423 "
Endovascular Cardiac Valve Replacement W Mcc,"$117,989 "
Endovascular Cardiac Valve Replacement W/O Mcc,"$72,840 "
Epistaxis W Mcc,"$39,708 "
Epistaxis W/O Mcc,"$14,863 "
"Esophagitis, Gastroent  Misc Digest Disorders W Mcc","$23,849 "
"Esophagitis, Gastroent  Misc Digest Disorders W/O Mcc","$13,454 "
Extensive Burns Or Full Thickness Burns W Mv >96 Hrs W Skin Graft,"$370,167 "
Extensive Burns Or Full Thickness Burns W Mv >96 Hrs W/O Skin Graft,"$79,148 "
Extensive O.R. Procedure Unrelated To Principal Diagnosis W Cc,"$48,985 "
Extensive O.R. Procedure Unrelated To Principal Diagnosis W Mcc,"$99,865 "
Extensive O.R. Procedure Unrelated To Principal Diagnosis W/O Cc/Mcc,"$34,445 "
Extracranial Procedures W Cc,"$58,652 "
Extracranial Procedures W Mcc,"$99,734 "
Extracranial Procedures W/O Cc/Mcc,"$42,864 "
Extraocular Procedures Except Orbit,"$29,994 "
"Extreme Immaturity Or Respiratory Distress Syndrome, Neonate","$186,514 "
False Labor,"$4,946 "
Female Reproductive System Reconstructive Procedures,"$46,712 "
Fever,"$13,801 "
Foot Procedures W Cc,"$47,545 "
Foot Procedures W Mcc,"$42,407 "
Foot Procedures W/O Cc/Mcc,"$36,437 "
Fractures Of Femur W Mcc,"$31,461 "
Fractures Of Femur W/O Mcc,"$15,070 "
Fractures Of Hip  Pelvis W Mcc,"$32,004 "
Fractures Of Hip  Pelvis W/O Mcc,"$16,620 "
Full Term Neonate W Major Problems,"$43,562 "
Full Thickness Burn W Skin Graft Or Inhal Inj W Cc/Mcc,"$95,005 "
Full Thickness Burn W Skin Graft Or Inhal Inj W/O Cc/Mcc,"$30,877 "
Full Thickness Burn W/O Skin Grft Or Inhal Inj,"$16,682 "
"Fx, Sprn, Strn  Disl Except Femur, Hip, Pelvis  Thigh W Mcc","$30,044 "
"Fx, Sprn, Strn  Disl Except Femur, Hip, Pelvis  Thigh W/O Mcc","$18,904 "
G.I. Hemorrhage W Cc,"$26,329 "
G.I. Hemorrhage W Mcc,"$37,152 "
G.I. Hemorrhage W/O Cc/Mcc,"$12,430 "
G.I. Obstruction W Cc,"$14,479 "
G.I. Obstruction W Mcc,"$22,341 "
G.I. Obstruction W/O Cc/Mcc,"$10,204 "
"Hand Or Wrist Proc, Except Major Thumb Or Joint Proc W Cc/Mcc","$36,312 "
"Hand Or Wrist Proc, Except Major Thumb Or Joint Proc W/O Cc/Mcc","$25,415 "
Hand Procedures For Injuries,"$40,194 "
Headaches W Mcc,"$24,439 "
Headaches W/O Mcc,"$15,553 "
Heart Failure  Shock W Cc,"$17,598 "
Heart Failure  Shock W Mcc,"$28,410 "
Heart Failure  Shock W/O Cc/Mcc,"$14,263 "
Heart Transplant Or Implant Of Heart Assist System W Mcc,"$568,054 "
Heart Transplant Or Implant Of Heart Assist System W/O Mcc,"$252,709 "
Hepatobiliary Diagnostic Procedures W Cc,"$59,006 "
Hepatobiliary Diagnostic Procedures W Mcc,"$46,818 "
Hepatobiliary Diagnostic Procedures W/O Cc/Mcc,"$28,397 "
Hernia Procedures Except Inguinal  Femoral W Cc,"$44,206 "
Hernia Procedures Except Inguinal  Femoral W Mcc,"$112,331 "
Hernia Procedures Except Inguinal  Femoral W/O Cc/Mcc,"$42,812 "
Hip  Femur Procedures Except Major Joint W Cc,"$55,816 "
Hip  Femur Procedures Except Major Joint W Mcc,"$74,252 "
Hip  Femur Procedures Except Major Joint W/O Cc/Mcc,"$43,523 "
Hiv W Extensive O.R. Procedure W Mcc,"$111,914 "
Hiv W Extensive O.R. Procedure W/O Mcc,"$67,779 "
Hiv W Major Related Condition W Cc,"$25,316 "
Hiv W Major Related Condition W Mcc,"$56,845 "
Hiv W Major Related Condition W/O Cc/Mcc,"$14,505 "
Hiv W Or W/O Other Related Condition,"$31,367 "
Hypertension W Mcc,"$27,895 "
Hypertension W/O Mcc,"$16,761 "
Hypertensive Encephalopathy W Cc,"$21,959 "
Hypertensive Encephalopathy W Mcc,"$55,845 "
Hypertensive Encephalopathy W/O Cc/Mcc,"$19,018 "
Inborn And Other Disorders Of Metabolism,"$24,794 "
"Infections, Female Reproductive System W Cc","$11,759 "
"Infections, Female Reproductive System W Mcc","$5,405 "
"Infections, Female Reproductive System W/O Cc/Mcc","$12,608 "
Infectious  Parasitic Diseases W O.R. Procedure W Cc,"$54,870 "
Infectious  Parasitic Diseases W O.R. Procedure W Mcc,"$122,682 "
Inflammation Of The Male Reproductive System W Mcc,"$25,057 "
Inflammation Of The Male Reproductive System W/O Mcc,"$10,206 "
Inflammatory Bowel Disease W Cc,"$20,177 "
Inflammatory Bowel Disease W Mcc,"$40,907 "
Inflammatory Bowel Disease W/O Cc/Mcc,"$15,642 "
Inguinal  Femoral Hernia Procedures W Cc,"$38,954 "
Inguinal  Femoral Hernia Procedures W Mcc,"$49,617 "
Inguinal  Femoral Hernia Procedures W/O Cc/Mcc,"$26,260 "
Interstitial Lung Disease W Cc,"$34,045 "
Interstitial Lung Disease W Mcc,"$36,899 "
Interstitial Lung Disease W/O Cc/Mcc,"$8,000 "
Intracranial Hemorrhage Or Cerebral Infarction W Cc Or Tpa In 24 Hrs,"$25,059 "
Intracranial Hemorrhage Or Cerebral Infarction W Mcc,"$40,555 "
Intracranial Hemorrhage Or Cerebral Infarction W/O Cc/Mcc,"$21,289 "
Intracranial Vascular Procedures W Pdx Hemorrhage W Cc,"$109,949 "
Intracranial Vascular Procedures W Pdx Hemorrhage W Mcc,"$191,199 "
Intraocular Procedures W Cc/Mcc,"$27,269 "
Intraocular Procedures W/O Cc/Mcc,"$28,402 "
"Ischemic Stroke, Precerebral Occlusion Or Transient Ischemia W Thrombolytic Agent W Cc","$45,185 "
"Ischemic Stroke, Precerebral Occlusion Or Transient Ischemia W Thrombolytic Agent W Mcc","$58,208 "
"Ischemic Stroke, Precerebral Occlusion Or Transient Ischemia W Thrombolytic Agent W/O Cc/Mcc","$34,247 "
Kidney  Ureter Procedures For Neoplasm W Cc,"$62,305 "
Kidney  Ureter Procedures For Neoplasm W Mcc,"$85,716 "
Kidney  Ureter Procedures For Neoplasm W/O Cc/Mcc,"$58,332 "
Kidney  Ureter Procedures For Non-Neoplasm W Cc,"$60,468 "
Kidney  Ureter Procedures For Non-Neoplasm W Mcc,"$68,638 "
Kidney  Ureter Procedures For Non-Neoplasm W/O Cc/Mcc,"$44,184 "
Kidney  Urinary Tract Infections W Mcc,"$19,507 "
Kidney  Urinary Tract Infections W/O Mcc,"$11,592 "
Kidney  Urinary Tract Neoplasms W Cc,"$29,829 "
Kidney  Urinary Tract Neoplasms W Mcc,"$61,112 "
Kidney  Urinary Tract Signs  Symptoms W/O Mcc,"$7,452 "
Kidney Transplant,"$121,886 "
Knee Procedures W Pdx Of Infection W Cc,"$61,558 "
Knee Procedures W Pdx Of Infection W Mcc,"$51,790 "
Knee Procedures W Pdx Of Infection W/O Cc/Mcc,"$34,872 "
Knee Procedures W/O Pdx Of Infection W Cc/Mcc,"$52,182 "
Knee Procedures W/O Pdx Of Infection W/O Cc/Mcc,"$48,410 "
Laparoscopic Cholecystectomy W/O C.D.E. W Cc,"$47,043 "
Laparoscopic Cholecystectomy W/O C.D.E. W Mcc,"$58,352 "
Laparoscopic Cholecystectomy W/O C.D.E. W/O Cc/Mcc,"$34,893 "
"Limb Reattachment, Hip  Femur Proc For Multiple Significant Trauma","$158,653 "
Liver Transplant W Mcc Or Intestinal Transplant,"$304,322 "
Liver Transplant W/O Mcc,"$174,248 "
Local Excision  Removal Int Fix Devices Exc Hip  Femur W Cc,"$44,466 "
Local Excision  Removal Int Fix Devices Exc Hip  Femur W Mcc,"$66,517 "
Local Excision  Removal Int Fix Devices Exc Hip  Femur W/O Cc/Mcc,"$35,420 "
Local Excision  Removal Int Fix Devices Of Hip  Femur W Cc/Mcc,"$58,663 "
Local Excision  Removal Int Fix Devices Of Hip  Femur W/O Cc/Mcc,"$41,625 "
"Lower Extrem  Humer Proc Except Hip,Foot,Femur W Cc","$57,348 "
"Lower Extrem  Humer Proc Except Hip,Foot,Femur W Mcc","$79,024 "
"Lower Extrem  Humer Proc Except Hip,Foot,Femur W/O Cc/Mcc","$40,296 "
Lung Transplant,"$326,916 "
Lymphoma  Leukemia W Major O.R. Procedure W Cc,"$66,800 "
Lymphoma  Leukemia W Major O.R. Procedure W Mcc,"$161,437 "
Lymphoma  Leukemia W Major O.R. Procedure W/O Cc/Mcc,"$34,115 "
Lymphoma  Non-Acute Leukemia W Cc,"$40,389 "
Lymphoma  Non-Acute Leukemia W Mcc,"$85,872 "
Lymphoma  Non-Acute Leukemia W Other Proc W Cc,"$70,429 "
Lymphoma  Non-Acute Leukemia W Other Proc W Mcc,"$54,357 "
Lymphoma  Non-Acute Leukemia W Other Proc W/O Cc/Mcc,"$51,931 "
Lymphoma  Non-Acute Leukemia W/O Cc/Mcc,"$23,060 "
Major Bladder Procedures W Cc,"$73,960 "
Major Bladder Procedures W Mcc,"$155,547 "
Major Bladder Procedures W/O Cc/Mcc,"$68,732 "
Major Chest Procedures W Cc,"$65,051 "
Major Chest Procedures W Mcc,"$94,782 "
Major Chest Procedures W/O Cc/Mcc,"$48,741 "
Major Chest Trauma W Cc,"$20,846 "
Major Chest Trauma W Mcc,"$27,465 "
Major Chest Trauma W/O Cc/Mcc,"$11,720 "
Major Esophageal Disorders W Cc,"$16,133 "
Major Esophageal Disorders W Mcc,"$36,360 "
Major Esophageal Disorders W/O Cc/Mcc,"$19,549 "
Major Gastrointestinal Disorders  Peritoneal Infections W Cc,"$19,055 "
Major Gastrointestinal Disorders  Peritoneal Infections W Mcc,"$26,238 "
Major Gastrointestinal Disorders  Peritoneal Infections W/O Cc/Mcc,"$12,536 "
Major Head  Neck Procedures W Cc/Mcc Or Major Device,"$99,647 "
Major Head  Neck Procedures W/O Cc/Mcc,"$61,929 "
Major Hematol/Immun Diag Exc Sickle Cell Crisis  Coagul W Cc,"$19,693 "
Major Hematol/Immun Diag Exc Sickle Cell Crisis  Coagul W Mcc,"$43,993 "
Major Hematol/Immun Diag Exc Sickle Cell Crisis  Coagul W/O Cc/Mcc,"$6,430 "
Major Hip And Knee Joint Replacement Or Reattachment Of Lower Extremity W Mcc Or Total Ankle Replacement,"$60,090 "
Major Hip And Knee Joint Replacement Or Reattachment Of Lower Extremity W/O Mcc,"$36,590 "
Major Joint/Limb Reattachment Procedure Of Upper Extremities,"$46,325 "
Major Male Pelvic Procedures W Cc/Mcc,"$88,322 "
Major Male Pelvic Procedures W/O Cc/Mcc,"$64,415 "
Major Shoulder Or Elbow Joint Procedures W Cc/Mcc,"$57,640 "
Major Shoulder Or Elbow Joint Procedures W/O Cc/Mcc,"$34,147 "
Major Skin Disorders W Mcc,"$23,935 "
Major Skin Disorders W/O Mcc,"$14,653 "
Major Small  Large Bowel Procedures W Cc,"$69,555 "
Major Small  Large Bowel Procedures W Mcc,"$123,333 "
Major Small  Large Bowel Procedures W/O Cc/Mcc,"$51,932 "
Major Thumb Or Joint Procedures,"$45,714 "
Malignancy Of Hepatobiliary System Or Pancreas W Cc,"$20,356 "
Malignancy Of Hepatobiliary System Or Pancreas W Mcc,"$34,151 "
Malignancy Of Hepatobiliary System Or Pancreas W/O Cc/Mcc,"$13,416 "
"Malignancy, Female Reproductive System W Cc","$13,703 "
"Malignancy, Female Reproductive System W Mcc","$18,255 "
"Malignancy, Male Reproductive System W Cc","$6,640 "
Malignant Breast Disorders W Cc,"$28,244 "
Malignant Breast Disorders W Mcc,"$4,250 "
Malignant Breast Disorders W/O Cc/Mcc,"$16,150 "
Mastectomy For Malignancy W Cc/Mcc,"$42,089 "
Medical Back Problems W Mcc,"$27,573 "
Medical Back Problems W/O Mcc,"$20,095 "
Menstrual  Other Female Reproductive System Disorders W Cc/Mcc,"$8,367 "
Menstrual  Other Female Reproductive System Disorders W/O Cc/Mcc,"$10,874 "
Minor Bladder Procedures W Cc,"$44,997 "
Minor Bladder Procedures W Mcc,"$87,788 "
Minor Bladder Procedures W/O Cc/Mcc,"$39,354 "
Minor Skin Disorders W Mcc,"$16,224 "
Minor Skin Disorders W/O Mcc,"$10,762 "
Minor Small  Large Bowel Procedures W Cc,"$34,833 "
Minor Small  Large Bowel Procedures W Mcc,"$21,803 "
Minor Small  Large Bowel Procedures W/O Cc/Mcc,"$24,970 "
"Misc Disorders Of Nutrition,Metabolism,Fluids/Electrolytes W Mcc","$26,252 "
"Misc Disorders Of Nutrition,Metabolism,Fluids/Electrolytes W/O Mcc","$13,313 "
Mouth Procedures W Cc/Mcc,"$29,617 "
Mouth Procedures W/O Cc/Mcc,"$22,206 "
Multiple Sclerosis  Cerebellar Ataxia W Cc,"$27,408 "
Multiple Sclerosis  Cerebellar Ataxia W Mcc,"$51,954 "
Multiple Sclerosis  Cerebellar Ataxia W/O Cc/Mcc,"$20,509 "
Myeloprolif Disord Or Poorly Diff Neopl W Maj O.R. Proc W Cc,"$64,880 "
Myeloprolif Disord Or Poorly Diff Neopl W Maj O.R. Proc W Mcc,"$93,546 "
Myeloprolif Disord Or Poorly Diff Neopl W Maj O.R. Proc W/O Cc/Mcc,"$51,450 "
Myeloproliferative Disorders Or Poorly Differentiated Neoplasms W Other Procedure W Cc/Mcc,"$86,785 "
Neonate W Other Significant Problems,"$4,576 "
"Neonates, Died Or Transferred To Another Acute Care Facility","$161,897 "
Nervous System Neoplasms W Mcc,"$30,297 "
Nervous System Neoplasms W/O Mcc,"$19,952 "
Neurological Eye Disorders,"$22,714 "
Neuroses Except Depressive,"$11,667 "
Non-Bacterial Infect Of Nervous Sys Exc Viral Meningitis W Cc,"$41,840 "
Non-Bacterial Infect Of Nervous Sys Exc Viral Meningitis W Mcc,"$88,336 "
Non-Bacterial Infect Of Nervous Sys Exc Viral Meningitis W/O Cc/Mcc,"$40,124 "
Non-Extensive Burns,"$8,081 "
Non-Extensive O.R. Proc Unrelated To Principal Diagnosis W Cc,"$37,442 "
Non-Extensive O.R. Proc Unrelated To Principal Diagnosis W Mcc,"$86,355 "
Non-Extensive O.R. Proc Unrelated To Principal Diagnosis W/O Cc/Mcc,"$23,879 "
Non-Malignant Breast Disorders W Cc/Mcc,"$21,150 "
Non-Malignant Breast Disorders W/O Cc/Mcc,"$12,919 "
Nonspecific Cerebrovascular Disorders W Cc,"$20,871 "
Nonspecific Cerebrovascular Disorders W Mcc,"$38,549 "
Nonspecific Cerebrovascular Disorders W/O Cc/Mcc,"$13,810 "
Nonspecific Cva  Precerebral Occlusion W/O Infarct W Mcc,"$14,907 "
Nonspecific Cva  Precerebral Occlusion W/O Infarct W/O Mcc,"$27,072 "
Nontraumatic Stupor  Coma W Mcc,"$13,948 "
Nontraumatic Stupor  Coma W/O Mcc,"$34,859 "
Normal Newborn,"$1,312 "
O.R. Proc W Diagnoses Of Other Contact W Health Services W Cc,"$37,607 "
O.R. Proc W Diagnoses Of Other Contact W Health Services W Mcc,"$45,631 "
O.R. Proc W Diagnoses Of Other Contact W Health Services W/O Cc/Mcc,"$50,206 "
O.R. Procedure W Principal Diagnoses Of Mental Illness,"$94,055 "
O.R. Procedures For Obesity W Cc,"$43,574 "
O.R. Procedures For Obesity W Mcc,"$220,406 "
O.R. Procedures For Obesity W/O Cc/Mcc,"$38,217 "
Orbital Procedures W Cc/Mcc,"$49,327 "
Orbital Procedures W/O Cc/Mcc,"$51,513 "
Organic Disturbances  Intellectual Disability,"$18,859 "
Osteomyelitis W Cc,"$19,209 "
Osteomyelitis W Mcc,"$27,704 "
Osteomyelitis W/O Cc/Mcc,"$15,119 "
Other Antepartum Diagnoses W Medical Complications,"$13,023 "
Other Antepartum Diagnoses W/O Medical Complications,"$12,770 "
Other Cardiothoracic Procedures W Mcc,"$185,557 "
Other Cardiothoracic Procedures W/O Mcc,"$106,162 "
Other Circulatory System Diagnoses W Cc,"$22,848 "
Other Circulatory System Diagnoses W Mcc,"$42,339 "
Other Circulatory System Diagnoses W/O Cc/Mcc,"$16,290 "
Other Circulatory System O.R. Procedures,"$97,001 "
Other Digestive System Diagnoses W Cc,"$18,479 "
Other Digestive System Diagnoses W Mcc,"$43,551 "
Other Digestive System Diagnoses W/O Cc/Mcc,"$12,671 "
Other Digestive System O.R. Procedures W Cc,"$34,457 "
Other Digestive System O.R. Procedures W Mcc,"$64,192 "
Other Digestive System O.R. Procedures W/O Cc/Mcc,"$26,498 "
Other Disorders Of Nervous System W Cc,"$27,015 "
Other Disorders Of Nervous System W Mcc,"$34,149 "
Other Disorders Of Nervous System W/O Cc/Mcc,"$16,713 "
Other Disorders Of The Eye W Mcc,"$14,658 "
Other Disorders Of The Eye W/O Mcc,"$11,488 "
"Other Ear, Nose, Mouth  Throat Diagnoses W Cc","$16,876 "
"Other Ear, Nose, Mouth  Throat Diagnoses W Mcc","$26,829 "
"Other Ear, Nose, Mouth  Throat Diagnoses W/O Cc/Mcc","$14,352 "
"Other Ear, Nose, Mouth  Throat O.R. Procedures W Cc/Mcc","$63,643 "
"Other Ear, Nose, Mouth  Throat O.R. Procedures W/O Cc/Mcc","$29,222 "
"Other Endocrine, Nutrit  Metab O.R. Proc W Cc","$52,642 "
"Other Endocrine, Nutrit  Metab O.R. Proc W Mcc","$99,856 "
"Other Endocrine, Nutrit  Metab O.R. Proc W/O Cc/Mcc","$43,742 "
Other Factors Influencing Health Status,"$47,651 "
Other Female Reproductive System O.R. Procedures W Cc/Mcc,"$36,589 "
Other Female Reproductive System O.R. Procedures W/O Cc/Mcc,"$49,184 "
Other Heart Assist System Implant,"$186,452 "
Other Hepatobiliary Or Pancreas O.R. Procedures W Cc,"$37,235 "
Other Hepatobiliary Or Pancreas O.R. Procedures W Mcc,"$93,311 "
Other Infectious  Parasitic Diseases Diagnoses W Cc,"$24,617 "
Other Infectious  Parasitic Diseases Diagnoses W Mcc,"$62,109 "
Other Infectious  Parasitic Diseases Diagnoses W/O Cc/Mcc,"$15,669 "
"Other Injury, Poisoning  Toxic Effect Diag W Mcc","$35,268 "
"Other Injury, Poisoning  Toxic Effect Diag W/O Mcc","$14,694 "
Other Kidney  Urinary Tract Diagnoses W Cc,"$23,711 "
Other Kidney  Urinary Tract Diagnoses W Mcc,"$27,851 "
Other Kidney  Urinary Tract Diagnoses W/O Cc/Mcc,"$30,809 "
Other Kidney  Urinary Tract Procedures W Cc,"$44,737 "
Other Kidney  Urinary Tract Procedures W Mcc,"$85,738 "
Other Kidney  Urinary Tract Procedures W/O Cc/Mcc,"$38,347 "
Other Major Cardiovascular Procedures W Cc,"$59,568 "
Other Major Cardiovascular Procedures W Mcc,"$118,967 "
Other Major Cardiovascular Procedures W/O Cc/Mcc,"$56,320 "
Other Male Reproductive System Diagnoses W Cc/Mcc,"$24,957 "
Other Male Reproductive System Diagnoses W/O Cc/Mcc,"$14,520 "
Other Male Reproductive System O.R. Proc Exc Malignancy W Cc/Mcc,"$54,675 "
Other Male Reproductive System O.R. Proc For Malignancy W Cc/Mcc,"$47,580 "
Other Mental Disorder Diagnoses,"$15,845 "
Other Multiple Significant Trauma W Cc,"$28,859 "
Other Multiple Significant Trauma W Mcc,"$58,282 "
Other Multiple Significant Trauma W/O Cc/Mcc,"$15,793 "
Other Musculoskelet Sys  Conn Tiss O.R. Proc W Cc,"$61,088 "
Other Musculoskelet Sys  Conn Tiss O.R. Proc W Mcc,"$75,364 "
Other Musculoskelet Sys  Conn Tiss O.R. Proc W/O Cc/Mcc,"$42,513 "
Other Musculoskeletal Sys  Connective Tissue Diagnoses W Cc,"$20,345 "
Other Musculoskeletal Sys  Connective Tissue Diagnoses W Mcc,"$30,269 "
Other Musculoskeletal Sys  Connective Tissue Diagnoses W/O Cc/Mcc,"$24,496 "
Other Myeloprolif Dis Or Poorly Diff Neopl Diag W Cc,"$30,759 "
Other Myeloprolif Dis Or Poorly Diff Neopl Diag W Mcc,"$51,514 "
Other Myeloprolif Dis Or Poorly Diff Neopl Diag W/O Cc/Mcc,"$33,430 "
Other O.R. Proc Of The Blood  Blood Forming Organs W Cc,"$50,566 "
Other O.R. Proc Of The Blood  Blood Forming Organs W Mcc,"$93,066 "
Other O.R. Proc Of The Blood  Blood Forming Organs W/O Cc/Mcc,"$34,971 "
Other O.R. Procedures For Injuries W Cc,"$46,099 "
Other O.R. Procedures For Injuries W Mcc,"$92,207 "
Other O.R. Procedures For Injuries W/O Cc/Mcc,"$28,190 "
Other O.R. Procedures For Multiple Significant Trauma W Cc,"$95,652 "
Other O.R. Procedures For Multiple Significant Trauma W Mcc,"$177,120 "
Other O.R. Procedures For Multiple Significant Trauma W/O Cc/Mcc,"$62,411 "
Other Resp System O.R. Procedures W Cc,"$44,599 "
Other Resp System O.R. Procedures W Mcc,"$87,318 "
Other Resp System O.R. Procedures W/O Cc/Mcc,"$36,311 "
Other Respiratory System Diagnoses W Mcc,"$28,095 "
Other Respiratory System Diagnoses W/O Mcc,"$17,328 "
"Other Skin, Subcut Tiss  Breast Proc W Cc","$31,986 "
"Other Skin, Subcut Tiss  Breast Proc W Mcc","$54,941 "
"Other Skin, Subcut Tiss  Breast Proc W/O Cc/Mcc","$32,795 "
Other Vascular Procedures W Cc,"$57,273 "
Other Vascular Procedures W Mcc,"$90,375 "
Other Vascular Procedures W/O Cc/Mcc,"$52,466 "
Otitis Media  Uri W Mcc,"$22,066 "
Otitis Media  Uri W/O Mcc,"$7,875 "
"Pancreas, Liver  Shunt Procedures W Cc","$80,364 "
"Pancreas, Liver  Shunt Procedures W Mcc","$116,868 "
"Pancreas, Liver  Shunt Procedures W/O Cc/Mcc","$51,619 "
Pathological Fractures  Musculoskelet  Conn Tiss Malig W Cc,"$27,506 "
Pathological Fractures  Musculoskelet  Conn Tiss Malig W Mcc,"$37,285 "
Pathological Fractures  Musculoskelet  Conn Tiss Malig W/O Cc/Mcc,"$25,543 "
"Pelvic Evisceration, Rad Hysterectomy  Rad Vulvectomy W/O Cc/Mcc","$40,201 "
Penis Procedures W Cc/Mcc,"$78,381 "
Penis Procedures W/O Cc/Mcc,"$16,211 "
Perc Cardiovasc Proc W Drug-Eluting Stent W/O Mcc,"$37,300 "
Perc Cardiovasc Proc W Non-Drug-Eluting Stent W/O Mcc,"$32,456 "
Perc Cardiovasc Proc W/O Coronary Artery Stent W Mcc,"$81,186 "
Perc Cardiovasc Proc W/O Coronary Artery Stent W/O Mcc,"$36,331 "
Percutaneous Cardiovascular Procedures W Drug-Eluting Stent W Mcc Or 4+ Arteries Or Stents,"$57,966 "
Percutaneous Cardiovascular Procedures W Non-Drug-Eluting Stent W Mcc Or 4+ Arteries Or Stents,"$44,865 "
Percutaneous Intracardiac Procedures W Mcc,"$101,191 "
Percutaneous Intracardiac Procedures W/O Mcc,"$65,261 "
Periph/Cranial Nerve  Other Nerv Syst Proc W Cc Or Periph Neurostim,"$48,135 "
Periph/Cranial Nerve  Other Nerv Syst Proc W Mcc,"$71,742 "
Periph/Cranial Nerve  Other Nerv Syst Proc W/O Cc/Mcc,"$52,682 "
Peripheral Vascular Disorders W Cc,"$22,702 "
Peripheral Vascular Disorders W Mcc,"$47,735 "
Peripheral Vascular Disorders W/O Cc/Mcc,"$16,562 "
Peritoneal Adhesiolysis W Cc,"$56,490 "
Peritoneal Adhesiolysis W Mcc,"$185,972 "
Peritoneal Adhesiolysis W/O Cc/Mcc,"$42,533 "
Permanent Cardiac Pacemaker Implant W Cc,"$34,346 "
Permanent Cardiac Pacemaker Implant W Mcc,"$93,794 "
Permanent Cardiac Pacemaker Implant W/O Cc/Mcc,"$21,073 "
Pleural Effusion W Cc,"$19,950 "
Pleural Effusion W Mcc,"$26,746 "
Pleural Effusion W/O Cc/Mcc,"$11,175 "
Pneumothorax W Cc,"$20,597 "
Pneumothorax W Mcc,"$31,544 "
Pneumothorax W/O Cc/Mcc,"$9,190 "
Poisoning  Toxic Effects Of Drugs W Mcc,"$30,676 "
Poisoning  Toxic Effects Of Drugs W/O Mcc,"$15,579 "
Postoperative  Post-Traumatic Infections W Mcc,"$22,822 "
Postoperative  Post-Traumatic Infections W/O Mcc,"$25,510 "
Postoperative Or Post-Traumatic Infections W O.R. Proc W Cc,"$54,583 "
Postoperative Or Post-Traumatic Infections W O.R. Proc W Mcc,"$114,983 "
Postoperative Or Post-Traumatic Infections W O.R. Proc W/O Cc/Mcc,"$36,169 "
Postpartum  Post Abortion Diagnoses W O.R. Procedure,"$45,014 "
Postpartum  Post Abortion Diagnoses W/O O.R. Procedure,"$11,136 "
Prematurity W Major Problems,"$76,550 "
Prematurity W/O Major Problems,"$13,461 "
Psychoses,"$21,456 "
Pulmonary Edema  Respiratory Failure,"$20,979 "
Pulmonary Embolism W Mcc,"$35,149 "
Pulmonary Embolism W/O Mcc,"$19,812 "
Rectal Resection W/O Cc/Mcc,"$23,448 "
Red Blood Cell Disorders W Mcc,"$29,396 "
Red Blood Cell Disorders W/O Mcc,"$11,972 "
Renal Failure W Cc,"$15,213 "
Renal Failure W Mcc,"$32,462 "
Renal Failure W/O Cc/Mcc,"$10,057 "
Respiratory Infections  Inflammations W Cc,"$17,985 "
Respiratory Infections  Inflammations W Mcc,"$34,350 "
Respiratory Infections  Inflammations W/O Cc/Mcc,"$12,470 "
Respiratory Neoplasms W Cc,"$19,347 "
Respiratory Neoplasms W Mcc,"$22,689 "
Respiratory Neoplasms W/O Cc/Mcc,"$9,759 "
Respiratory Signs  Symptoms,"$15,715 "
Respiratory System Diagnosis W Ventilator Support <=96 Hours,"$35,878 "
Respiratory System Diagnosis W Ventilator Support >96 Hours,"$96,997 "
Reticuloendothelial  Immunity Disorders W Cc,"$16,783 "
Reticuloendothelial  Immunity Disorders W Mcc,"$35,375 "
Reticuloendothelial  Immunity Disorders W/O Cc/Mcc,"$7,697 "
Revision Of Hip Or Knee Replacement W Cc,"$55,253 "
Revision Of Hip Or Knee Replacement W Mcc,"$87,245 "
Revision Of Hip Or Knee Replacement W/O Cc/Mcc,"$46,602 "
Salivary Gland Procedures,"$10,348 "
Seizures W Mcc,"$31,176 "
Seizures W/O Mcc,"$17,919 "
Septic Arthritis W Cc,"$60,991 "
Septic Arthritis W Mcc,"$33,353 "
Septic Arthritis W/O Cc/Mcc,"$12,399 "
Septicemia Or Severe Sepsis W Mv >96 Hours,"$125,437 "
Septicemia Or Severe Sepsis W/O Mv >96 Hours W Mcc,"$39,402 "
Septicemia Or Severe Sepsis W/O Mv >96 Hours W/O Mcc,"$18,797 "
"Shoulder,Elbow Or Forearm Proc,Exc Major Joint Proc W Cc","$50,764 "
"Shoulder,Elbow Or Forearm Proc,Exc Major Joint Proc W Mcc","$65,626 "
"Shoulder,Elbow Or Forearm Proc,Exc Major Joint Proc W/O Cc/Mcc","$34,498 "
Signs  Symptoms Of Musculoskeletal System  Conn Tissue W Mcc,"$27,500 "
Signs  Symptoms Of Musculoskeletal System  Conn Tissue W/O Mcc,"$15,042 "
Signs  Symptoms W Mcc,"$17,018 "
Signs  Symptoms W/O Mcc,"$14,701 "
Simple Pneumonia  Pleurisy W Cc,"$11,639 "
Simple Pneumonia  Pleurisy W Mcc,"$17,860 "
Simple Pneumonia  Pleurisy W/O Cc/Mcc,"$6,485 "
Simultaneous Pancreas/Kidney Transplant,"$263,254 "
Sinus  Mastoid Procedures W Cc/Mcc,"$43,326 "
Sinus  Mastoid Procedures W/O Cc/Mcc,"$53,356 "
Skin Debridement W Cc,"$41,385 "
Skin Debridement W Mcc,"$45,851 "
Skin Debridement W/O Cc/Mcc,"$60,121 "
Skin Graft Exc For Skin Ulcer Or Cellulitis W Cc,"$82,463 "
Skin Graft Exc For Skin Ulcer Or Cellulitis W Mcc,"$171,314 "
Skin Graft Exc For Skin Ulcer Or Cellulitis W/O Cc/Mcc,"$61,585 "
Skin Graft For Skin Ulcer Or Cellulitis W Cc,"$47,591 "
Skin Graft For Skin Ulcer Or Cellulitis W Mcc,"$33,510 "
"Skin Grafts  Wound Debrid For Endoc, Nutrit  Metab Dis W Cc","$23,108 "
"Skin Grafts  Wound Debrid For Endoc, Nutrit  Metab Dis W Mcc","$50,877 "
Skin Grafts For Injuries W Cc/Mcc,"$124,354 "
Skin Grafts For Injuries W/O Cc/Mcc,"$34,805 "
Skin Ulcers W Cc,"$19,212 "
Skin Ulcers W Mcc,"$25,725 "
Skin Ulcers W/O Cc/Mcc,"$7,387 "
Soft Tissue Procedures W Cc,"$40,980 "
Soft Tissue Procedures W Mcc,"$79,610 "
Soft Tissue Procedures W/O Cc/Mcc,"$43,898 "
Spinal Disorders  Injuries W Cc/Mcc,"$64,200 "
Spinal Disorders  Injuries W/O Cc/Mcc,"$30,304 "
Spinal Fus Exc Cerv W Spinal Curv/Malig/Infec Or Ext Fus W Cc,"$116,083 "
Spinal Fus Exc Cerv W Spinal Curv/Malig/Infec Or Ext Fus W Mcc,"$138,185 "
Spinal Fus Exc Cerv W Spinal Curv/Malig/Infec Or Ext Fus W/O Cc/Mcc,"$111,622 "
Spinal Fusion Except Cervical W Mcc,"$114,990 "
Spinal Fusion Except Cervical W/O Mcc,"$69,664 "
Spinal Procedures W Cc Or Spinal Neurostimulators,"$55,316 "
Spinal Procedures W Mcc,"$96,339 "
Spinal Procedures W/O Cc/Mcc,"$39,564 "
Splenectomy W Cc,"$57,802 "
Splenectomy W Mcc,"$171,195 "
Splenectomy W/O Cc/Mcc,"$44,832 "
"Sprains, Strains,  Dislocations Of Hip, Pelvis  Thigh W Cc/Mcc","$32,043 "
"Stomach, Esophageal  Duodenal Proc W Cc","$69,438 "
"Stomach, Esophageal  Duodenal Proc W Mcc","$163,631 "
"Stomach, Esophageal  Duodenal Proc W/O Cc/Mcc","$36,452 "
Syncope  Collapse,"$15,035 "
"Tendonitis, Myositis  Bursitis W Mcc","$12,357 "
"Tendonitis, Myositis  Bursitis W/O Mcc","$10,881 "
Testes Procedures W Cc/Mcc,"$39,137 "
Testes Procedures W/O Cc/Mcc,"$18,771 "
Threatened Abortion,"$5,868 "
"Thyroid, Parathyroid  Thyroglossal Procedures W Cc","$46,336 "
"Thyroid, Parathyroid  Thyroglossal Procedures W Mcc","$64,659 "
"Thyroid, Parathyroid  Thyroglossal Procedures W/O Cc/Mcc","$33,197 "
"Trach W Mv >96 Hrs Or Pdx Exc Face, Mouth  Neck W/O Maj O.R.","$245,530 "
"Tracheostomy For Face,Mouth  Neck Diagnoses W Cc","$106,823 "
"Tracheostomy For Face,Mouth  Neck Diagnoses W Mcc","$113,907 "
"Tracheostomy For Face,Mouth  Neck Diagnoses W/O Cc/Mcc","$84,878 "
Transient Ischemia W/O Thrombolytic,"$21,963 "
Transurethral Procedures W Cc,"$30,646 "
Transurethral Procedures W Mcc,"$92,406 "
Transurethral Procedures W/O Cc/Mcc,"$31,714 "
Transurethral Prostatectomy W Cc/Mcc,"$34,240 "
Transurethral Prostatectomy W/O Cc/Mcc,"$24,005 "
"Trauma To The Skin, Subcut Tiss  Breast W Mcc","$36,676 "
"Trauma To The Skin, Subcut Tiss  Breast W/O Mcc","$18,219 "
Traumatic Injury W Mcc,"$79,379 "
Traumatic Injury W/O Mcc,"$14,008 "
"Traumatic Stupor  Coma, Coma <1 Hr W Cc","$20,455 "
"Traumatic Stupor  Coma, Coma <1 Hr W Mcc","$33,371 "
"Traumatic Stupor  Coma, Coma <1 Hr W/O Cc/Mcc","$13,620 "
"Traumatic Stupor  Coma, Coma >1 Hr W Cc","$25,015 "
"Traumatic Stupor  Coma, Coma >1 Hr W Mcc","$35,450 "
"Traumatic Stupor  Coma, Coma >1 Hr W/O Cc/Mcc","$15,999 "
Uncomplicated Peptic Ulcer W Mcc,"$15,086 "
Uncomplicated Peptic Ulcer W/O Mcc,"$17,254 "
Upper Limb  Toe Amputation For Circ System Disorders W Cc,"$22,010 "
Upper Limb  Toe Amputation For Circ System Disorders W Mcc,"$29,775 "
Urethral Procedures W/O Cc/Mcc,"$29,972 "
Urethral Stricture,"$5,252 "
Urinary Stones W/O Esw Lithotripsy W Mcc,"$12,679 "
Urinary Stones W/O Esw Lithotripsy W/O Mcc,"$16,887 "
Uterine  Adnexa Proc For Non-Malignancy W Cc/Mcc,"$42,804 "
Uterine  Adnexa Proc For Non-Malignancy W/O Cc/Mcc,"$34,629 "
Uterine  Adnexa Proc For Ovarian Or Adnexal Malignancy W Cc,"$51,559 "
Uterine  Adnexa Proc For Ovarian Or Adnexal Malignancy W Mcc,"$77,429 "
Uterine  Adnexa Proc For Ovarian Or Adnexal Malignancy W/O Cc/Mcc,"$41,005 "
"Uterine,Adnexa Proc For Non-Ovarian/Adnexal Malig W Cc","$57,199 "
"Uterine,Adnexa Proc For Non-Ovarian/Adnexal Malig W Mcc","$103,130 "
"Uterine,Adnexa Proc For Non-Ovarian/Adnexal Malig W/O Cc/Mcc","$42,663 "
"Vagina, Cervix  Vulva Procedures W Cc/Mcc","$48,259 "
"Vagina, Cervix  Vulva Procedures W/O Cc/Mcc","$27,174 "
Vaginal Delivery W Complicating Diagnoses,"$9,165 "
Vaginal Delivery W O.R. Proc Except Steril /Or Dc,"$21,367 "
Vaginal Delivery W Sterilization /Or Dc,"$16,860 "
Vaginal Delivery W/O Complicating Diagnoses,"$7,361 "
Vein Ligation  Stripping,"$40,941 "
Ventricular Shunt Procedures W Cc,"$38,256 "
Ventricular Shunt Procedures W Mcc,"$60,081 "
Ventricular Shunt Procedures W/O Cc/Mcc,"$31,530 "
Viral Illness W Mcc,"$15,616 "
Viral Illness W/O Mcc,"$19,332 "
Viral Meningitis W Cc/Mcc,"$25,020 "
Viral Meningitis W/O Cc/Mcc,"$10,798 "
"Wnd Debrid  Skn Grft Exc Hand, For Musculo-Conn Tiss Dis W Cc","$96,991 "
"Wnd Debrid  Skn Grft Exc Hand, For Musculo-Conn Tiss Dis W Mcc","$130,856 "
"Wnd Debrid  Skn Grft Exc Hand, For Musculo-Conn Tiss Dis W/O Cc/Mcc","$68,682 "
Wound Debridements For Injuries W Cc,"$46,473 "
Wound Debridements For Injuries W Mcc,"$149,553 "
Wound Debridements For Injuries W/O Cc/Mcc,"$24,013 "
