Johnston,,,
10/1/2017 to 9/30/2018 Average Charge by DRG,,,
Source: Strata,,,
By: M Hoffman 12-21-2018,,,
,,,
Location,MS DRG - Code,MS DRG - Description, Average Charge 
1041999 - JOHNSTON HOSPITAL,003,ECMO OR TRACH W MV GREATER THAN 96 HRS OR PDX EXC FACE MOUTH AND NECK W MAJ O.R.," 132,867 "
1041999 - JOHNSTON HOSPITAL,004,TRACH W MV GREATER THAN 96 HRS OR PDX EXC FACE MOUTH AND NECK W-O MAJ O.R.," 331,001 "
1041999 - JOHNSTON HOSPITAL,037,EXTRACRANIAL PROCEDURES W MCC," 58,876 "
1041999 - JOHNSTON HOSPITAL,038,EXTRACRANIAL PROCEDURES W CC," 51,159 "
1041999 - JOHNSTON HOSPITAL,039,EXTRACRANIAL PROCEDURES W-O CC-MCC," 31,534 "
1041999 - JOHNSTON HOSPITAL,041,PERIPH-CRANIAL NERVE AND OTHER NERV SYST PROC W CC OR PERIPH NEUROSTIM," 37,349 "
1041999 - JOHNSTON HOSPITAL,054,NERVOUS SYSTEM NEOPLASMS W MCC," 33,976 "
1041999 - JOHNSTON HOSPITAL,055,NERVOUS SYSTEM NEOPLASMS W-O MCC," 34,452 "
1041999 - JOHNSTON HOSPITAL,056,DEGENERATIVE NERVOUS SYSTEM DISORDERS W MCC," 22,538 "
1041999 - JOHNSTON HOSPITAL,057,DEGENERATIVE NERVOUS SYSTEM DISORDERS W-O MCC," 25,411 "
1041999 - JOHNSTON HOSPITAL,059,MULTIPLE SCLEROSIS AND CEREBELLAR ATAXIA W CC," 36,918 "
1041999 - JOHNSTON HOSPITAL,060,MULTIPLE SCLEROSIS AND CEREBELLAR ATAXIA W-O CC-MCC," 15,061 "
1041999 - JOHNSTON HOSPITAL,062,ISCHEMIC STROKE PRECEREBRAL OCCLUSION OR TRANSIENT ISCHEMIA W THROMBOLYTIC AGENT W CC," 46,302 "
1041999 - JOHNSTON HOSPITAL,064,INTRACRANIAL HEMORRHAGE OR CEREBRAL INFARCTION W MCC," 44,237 "
1041999 - JOHNSTON HOSPITAL,065,INTRACRANIAL HEMORRHAGE OR CEREBRAL INFARCTION W CC OR TPA IN 24 HRS," 29,318 "
1041999 - JOHNSTON HOSPITAL,066,INTRACRANIAL HEMORRHAGE OR CEREBRAL INFARCTION W-O CC-MCC," 22,737 "
1041999 - JOHNSTON HOSPITAL,068,NONSPECIFIC CVA AND PRECEREBRAL OCCLUSION W-O INFARCT W-O MCC," 24,154 "
1041999 - JOHNSTON HOSPITAL,069,TRANSIENT ISCHEMIA W-O THROMBOLYTIC," 22,661 "
1041999 - JOHNSTON HOSPITAL,070,NONSPECIFIC CEREBROVASCULAR DISORDERS W MCC," 40,764 "
1041999 - JOHNSTON HOSPITAL,071,NONSPECIFIC CEREBROVASCULAR DISORDERS W CC," 33,361 "
1041999 - JOHNSTON HOSPITAL,072,NONSPECIFIC CEREBROVASCULAR DISORDERS W-O CC-MCC," 27,428 "
1041999 - JOHNSTON HOSPITAL,073,CRANIAL AND PERIPHERAL NERVE DISORDERS W MCC," 19,856 "
1041999 - JOHNSTON HOSPITAL,074,CRANIAL AND PERIPHERAL NERVE DISORDERS W-O MCC," 19,015 "
1041999 - JOHNSTON HOSPITAL,075,VIRAL MENINGITIS W CC-MCC," 22,898 "
1041999 - JOHNSTON HOSPITAL,078,HYPERTENSIVE ENCEPHALOPATHY W CC," 28,822 "
1041999 - JOHNSTON HOSPITAL,080,NONTRAUMATIC STUPOR AND COMA W MCC," 33,358 "
1041999 - JOHNSTON HOSPITAL,088,CONCUSSION W MCC," 45,226 "
1041999 - JOHNSTON HOSPITAL,091,OTHER DISORDERS OF NERVOUS SYSTEM W MCC," 21,999 "
1041999 - JOHNSTON HOSPITAL,092,OTHER DISORDERS OF NERVOUS SYSTEM W CC," 30,758 "
1041999 - JOHNSTON HOSPITAL,093,OTHER DISORDERS OF NERVOUS SYSTEM W-O CC-MCC," 25,389 "
1041999 - JOHNSTON HOSPITAL,095,BACTERIAL AND TUBERCULOUS INFECTIONS OF NERVOUS SYSTEM W CC," 7,738 "
1041999 - JOHNSTON HOSPITAL,097,NON-BACTERIAL INFECT OF NERVOUS SYS EXC VIRAL MENINGITIS W MCC," 46,246 "
1041999 - JOHNSTON HOSPITAL,100,SEIZURES W MCC," 38,043 "
1041999 - JOHNSTON HOSPITAL,101,SEIZURES W-O MCC," 20,237 "
1041999 - JOHNSTON HOSPITAL,103,HEADACHES W-O MCC," 27,790 "
1041999 - JOHNSTON HOSPITAL,123,NEUROLOGICAL EYE DISORDERS," 24,009 "
1041999 - JOHNSTON HOSPITAL,125,OTHER DISORDERS OF THE EYE W-O MCC," 24,495 "
1041999 - JOHNSTON HOSPITAL,149,DYSEQUILIBRIUM," 22,737 "
1041999 - JOHNSTON HOSPITAL,152,OTITIS MEDIA AND URI W MCC," 39,815 "
1041999 - JOHNSTON HOSPITAL,153,OTITIS MEDIA AND URI W-O MCC," 17,722 "
1041999 - JOHNSTON HOSPITAL,155,OTHER EAR NOSE MOUTH AND THROAT DIAGNOSES W CC," 20,376 "
1041999 - JOHNSTON HOSPITAL,156,OTHER EAR NOSE MOUTH AND THROAT DIAGNOSES W-O CC-MCC," 5,893 "
1041999 - JOHNSTON HOSPITAL,157,DENTAL AND ORAL DISEASES W MCC," 25,117 "
1041999 - JOHNSTON HOSPITAL,158,DENTAL AND ORAL DISEASES W CC," 23,453 "
1041999 - JOHNSTON HOSPITAL,159,DENTAL AND ORAL DISEASES W-O CC-MCC," 13,960 "
1041999 - JOHNSTON HOSPITAL,163,MAJOR CHEST PROCEDURES W MCC," 81,828 "
1041999 - JOHNSTON HOSPITAL,164,MAJOR CHEST PROCEDURES W CC," 66,949 "
1041999 - JOHNSTON HOSPITAL,165,MAJOR CHEST PROCEDURES W-O CC-MCC," 51,883 "
1041999 - JOHNSTON HOSPITAL,166,OTHER RESP SYSTEM O.R. PROCEDURES W MCC," 88,068 "
1041999 - JOHNSTON HOSPITAL,167,OTHER RESP SYSTEM O.R. PROCEDURES W CC," 46,672 "
1041999 - JOHNSTON HOSPITAL,168,OTHER RESP SYSTEM O.R. PROCEDURES W-O CC-MCC," 36,931 "
1041999 - JOHNSTON HOSPITAL,175,PULMONARY EMBOLISM W MCC," 31,229 "
1041999 - JOHNSTON HOSPITAL,176,PULMONARY EMBOLISM W-O MCC," 20,689 "
1041999 - JOHNSTON HOSPITAL,177,RESPIRATORY INFECTIONS AND INFLAMMATIONS W MCC," 40,994 "
1041999 - JOHNSTON HOSPITAL,178,RESPIRATORY INFECTIONS AND INFLAMMATIONS W CC," 28,529 "
1041999 - JOHNSTON HOSPITAL,179,RESPIRATORY INFECTIONS AND INFLAMMATIONS W-O CC-MCC," 19,926 "
1041999 - JOHNSTON HOSPITAL,180,RESPIRATORY NEOPLASMS W MCC," 32,152 "
1041999 - JOHNSTON HOSPITAL,181,RESPIRATORY NEOPLASMS W CC," 26,944 "
1041999 - JOHNSTON HOSPITAL,182,RESPIRATORY NEOPLASMS W-O CC-MCC," 15,320 "
1041999 - JOHNSTON HOSPITAL,183,MAJOR CHEST TRAUMA W MCC," 24,364 "
1041999 - JOHNSTON HOSPITAL,186,PLEURAL EFFUSION W MCC," 35,703 "
1041999 - JOHNSTON HOSPITAL,187,PLEURAL EFFUSION W CC," 25,632 "
1041999 - JOHNSTON HOSPITAL,188,PLEURAL EFFUSION W-O CC-MCC," 12,530 "
1041999 - JOHNSTON HOSPITAL,189,PULMONARY EDEMA AND RESPIRATORY FAILURE," 32,825 "
1041999 - JOHNSTON HOSPITAL,190,CHRONIC OBSTRUCTIVE PULMONARY DISEASE W MCC," 28,046 "
1041999 - JOHNSTON HOSPITAL,191,CHRONIC OBSTRUCTIVE PULMONARY DISEASE W CC," 23,049 "
1041999 - JOHNSTON HOSPITAL,192,CHRONIC OBSTRUCTIVE PULMONARY DISEASE W-O CC-MCC," 18,094 "
1041999 - JOHNSTON HOSPITAL,193,SIMPLE PNEUMONIA AND PLEURISY W MCC," 36,668 "
1041999 - JOHNSTON HOSPITAL,194,SIMPLE PNEUMONIA AND PLEURISY W CC," 22,225 "
1041999 - JOHNSTON HOSPITAL,195,SIMPLE PNEUMONIA AND PLEURISY W-O CC-MCC," 18,582 "
1041999 - JOHNSTON HOSPITAL,196,INTERSTITIAL LUNG DISEASE W MCC," 31,153 "
1041999 - JOHNSTON HOSPITAL,197,INTERSTITIAL LUNG DISEASE W CC," 31,690 "
1041999 - JOHNSTON HOSPITAL,199,PNEUMOTHORAX W MCC," 30,171 "
1041999 - JOHNSTON HOSPITAL,200,PNEUMOTHORAX W CC," 13,579 "
1041999 - JOHNSTON HOSPITAL,201,PNEUMOTHORAX W-O CC-MCC," 20,050 "
1041999 - JOHNSTON HOSPITAL,202,BRONCHITIS AND ASTHMA W CC-MCC," 21,169 "
1041999 - JOHNSTON HOSPITAL,203,BRONCHITIS AND ASTHMA W-O CC-MCC," 21,180 "
1041999 - JOHNSTON HOSPITAL,204,RESPIRATORY SIGNS AND SYMPTOMS," 15,723 "
1041999 - JOHNSTON HOSPITAL,205,OTHER RESPIRATORY SYSTEM DIAGNOSES W MCC," 35,670 "
1041999 - JOHNSTON HOSPITAL,206,OTHER RESPIRATORY SYSTEM DIAGNOSES W-O MCC," 22,429 "
1041999 - JOHNSTON HOSPITAL,207,RESPIRATORY SYSTEM DIAGNOSIS W VENTILATOR SUPPORT GREATER THAN 96 HOURS," 113,204 "
1041999 - JOHNSTON HOSPITAL,208,RESPIRATORY SYSTEM DIAGNOSIS W VENTILATOR SUPPORT LESS THAN =96 HOURS," 51,621 "
1041999 - JOHNSTON HOSPITAL,226,CARDIAC DEFIBRILLATOR IMPLANT W-O CARDIAC CATH W MCC," 190,514 "
1041999 - JOHNSTON HOSPITAL,227,CARDIAC DEFIBRILLATOR IMPLANT W-O CARDIAC CATH W-O MCC," 126,411 "
1041999 - JOHNSTON HOSPITAL,239,AMPUTATION FOR CIRC SYS DISORDERS EXC UPPER LIMB AND TOE W MCC," 103,391 "
1041999 - JOHNSTON HOSPITAL,240,AMPUTATION FOR CIRC SYS DISORDERS EXC UPPER LIMB AND TOE W CC," 63,520 "
1041999 - JOHNSTON HOSPITAL,241,AMPUTATION FOR CIRC SYS DISORDERS EXC UPPER LIMB AND TOE W-O CC-MCC," 16,003 "
1041999 - JOHNSTON HOSPITAL,242,PERMANENT CARDIAC PACEMAKER IMPLANT W MCC," 86,657 "
1041999 - JOHNSTON HOSPITAL,243,PERMANENT CARDIAC PACEMAKER IMPLANT W CC," 93,992 "
1041999 - JOHNSTON HOSPITAL,244,PERMANENT CARDIAC PACEMAKER IMPLANT W-O CC-MCC," 61,740 "
1041999 - JOHNSTON HOSPITAL,245,AICD GENERATOR PROCEDURES," 213,994 "
1041999 - JOHNSTON HOSPITAL,246,PERCUTANEOUS CARDIOVASCULAR PROCEDURES W DRUG-ELUTING STENT W MCC OR 4+ ARTERIES OR STENTS," 114,884 "
1041999 - JOHNSTON HOSPITAL,247,PERC CARDIOVASC PROC W DRUG-ELUTING STENT W-O MCC," 83,722 "
1041999 - JOHNSTON HOSPITAL,249,PERC CARDIOVASC PROC W NON-DRUG-ELUTING STENT W-O MCC," 62,415 "
1041999 - JOHNSTON HOSPITAL,250,PERC CARDIOVASC PROC W-O CORONARY ARTERY STENT W MCC," 123,561 "
1041999 - JOHNSTON HOSPITAL,251,PERC CARDIOVASC PROC W-O CORONARY ARTERY STENT W-O MCC," 60,623 "
1041999 - JOHNSTON HOSPITAL,252,OTHER VASCULAR PROCEDURES W MCC," 77,005 "
1041999 - JOHNSTON HOSPITAL,253,OTHER VASCULAR PROCEDURES W CC," 55,032 "
1041999 - JOHNSTON HOSPITAL,254,OTHER VASCULAR PROCEDURES W-O CC-MCC," 41,605 "
1041999 - JOHNSTON HOSPITAL,255,UPPER LIMB AND TOE AMPUTATION FOR CIRC SYSTEM DISORDERS W MCC," 33,975 "
1041999 - JOHNSTON HOSPITAL,256,UPPER LIMB AND TOE AMPUTATION FOR CIRC SYSTEM DISORDERS W CC," 46,555 "
1041999 - JOHNSTON HOSPITAL,260,CARDIAC PACEMAKER REVISION EXCEPT DEVICE REPLACEMENT W MCC," 37,193 "
1041999 - JOHNSTON HOSPITAL,263,VEIN LIGATION AND STRIPPING," 57,543 "
1041999 - JOHNSTON HOSPITAL,264,OTHER CIRCULATORY SYSTEM O.R. PROCEDURES," 66,710 "
1041999 - JOHNSTON HOSPITAL,270,OTHER MAJOR CARDIOVASCULAR PROCEDURES W MCC," 80,151 "
1041999 - JOHNSTON HOSPITAL,271,OTHER MAJOR CARDIOVASCULAR PROCEDURES W CC," 60,310 "
1041999 - JOHNSTON HOSPITAL,272,OTHER MAJOR CARDIOVASCULAR PROCEDURES W-O CC-MCC," 46,223 "
1041999 - JOHNSTON HOSPITAL,273,PERCUTANEOUS INTRACARDIAC PROCEDURES W MCC," 78,188 "
1041999 - JOHNSTON HOSPITAL,280,ACUTE MYOCARDIAL INFARCTION DISCHARGED ALIVE W MCC," 39,876 "
1041999 - JOHNSTON HOSPITAL,281,ACUTE MYOCARDIAL INFARCTION DISCHARGED ALIVE W CC," 28,924 "
1041999 - JOHNSTON HOSPITAL,282,ACUTE MYOCARDIAL INFARCTION DISCHARGED ALIVE W-O CC-MCC," 24,521 "
1041999 - JOHNSTON HOSPITAL,283,ACUTE MYOCARDIAL INFARCTION EXPIRED W MCC," 36,728 "
1041999 - JOHNSTON HOSPITAL,286,CIRCULATORY DISORDERS EXCEPT AMI W CARD CATH W MCC," 48,930 "
1041999 - JOHNSTON HOSPITAL,287,CIRCULATORY DISORDERS EXCEPT AMI W CARD CATH W-O MCC," 37,564 "
1041999 - JOHNSTON HOSPITAL,288,ACUTE AND SUBACUTE ENDOCARDITIS W MCC," 49,033 "
1041999 - JOHNSTON HOSPITAL,289,ACUTE AND SUBACUTE ENDOCARDITIS W CC," 18,717 "
1041999 - JOHNSTON HOSPITAL,291,HEART FAILURE AND SHOCK W MCC," 29,709 "
1041999 - JOHNSTON HOSPITAL,292,HEART FAILURE AND SHOCK W CC," 20,954 "
1041999 - JOHNSTON HOSPITAL,293,HEART FAILURE AND SHOCK W-O CC-MCC," 16,811 "
1041999 - JOHNSTON HOSPITAL,295,DEEP VEIN THROMBOPHLEBITIS W-O CC-MCC," 23,895 "
1041999 - JOHNSTON HOSPITAL,299,PERIPHERAL VASCULAR DISORDERS W MCC," 22,366 "
1041999 - JOHNSTON HOSPITAL,300,PERIPHERAL VASCULAR DISORDERS W CC," 20,101 "
1041999 - JOHNSTON HOSPITAL,301,PERIPHERAL VASCULAR DISORDERS W-O CC-MCC," 17,500 "
1041999 - JOHNSTON HOSPITAL,302,ATHEROSCLEROSIS W MCC," 32,392 "
1041999 - JOHNSTON HOSPITAL,303,ATHEROSCLEROSIS W-O MCC," 20,489 "
1041999 - JOHNSTON HOSPITAL,304,HYPERTENSION W MCC," 31,874 "
1041999 - JOHNSTON HOSPITAL,305,HYPERTENSION W-O MCC," 21,418 "
1041999 - JOHNSTON HOSPITAL,306,CARDIAC CONGENITAL AND VALVULAR DISORDERS W MCC," 12,830 "
1041999 - JOHNSTON HOSPITAL,308,CARDIAC ARRHYTHMIA AND CONDUCTION DISORDERS W MCC," 28,906 "
1041999 - JOHNSTON HOSPITAL,309,CARDIAC ARRHYTHMIA AND CONDUCTION DISORDERS W CC," 20,304 "
1041999 - JOHNSTON HOSPITAL,310,CARDIAC ARRHYTHMIA AND CONDUCTION DISORDERS W-O CC-MCC," 17,482 "
1041999 - JOHNSTON HOSPITAL,311,ANGINA PECTORIS," 15,570 "
1041999 - JOHNSTON HOSPITAL,312,SYNCOPE AND COLLAPSE," 21,992 "
1041999 - JOHNSTON HOSPITAL,313,CHEST PAIN," 21,218 "
1041999 - JOHNSTON HOSPITAL,314,OTHER CIRCULATORY SYSTEM DIAGNOSES W MCC," 33,313 "
1041999 - JOHNSTON HOSPITAL,315,OTHER CIRCULATORY SYSTEM DIAGNOSES W CC," 24,662 "
1041999 - JOHNSTON HOSPITAL,316,OTHER CIRCULATORY SYSTEM DIAGNOSES W-O CC-MCC," 21,877 "
1041999 - JOHNSTON HOSPITAL,326,STOMACH ESOPHAGEAL AND DUODENAL PROC W MCC," 133,245 "
1041999 - JOHNSTON HOSPITAL,327,STOMACH ESOPHAGEAL AND DUODENAL PROC W CC," 69,664 "
1041999 - JOHNSTON HOSPITAL,328,STOMACH ESOPHAGEAL AND DUODENAL PROC W-O CC-MCC," 46,566 "
1041999 - JOHNSTON HOSPITAL,329,MAJOR SMALL AND LARGE BOWEL PROCEDURES W MCC," 125,309 "
1041999 - JOHNSTON HOSPITAL,330,MAJOR SMALL AND LARGE BOWEL PROCEDURES W CC," 64,715 "
1041999 - JOHNSTON HOSPITAL,331,MAJOR SMALL AND LARGE BOWEL PROCEDURES W-O CC-MCC," 48,187 "
1041999 - JOHNSTON HOSPITAL,335,PERITONEAL ADHESIOLYSIS W MCC," 94,788 "
1041999 - JOHNSTON HOSPITAL,336,PERITONEAL ADHESIOLYSIS W CC," 61,288 "
1041999 - JOHNSTON HOSPITAL,337,PERITONEAL ADHESIOLYSIS W-O CC-MCC," 60,948 "
1041999 - JOHNSTON HOSPITAL,338,APPENDECTOMY W COMPLICATED PRINCIPAL DIAG W MCC," 41,241 "
1041999 - JOHNSTON HOSPITAL,339,APPENDECTOMY W COMPLICATED PRINCIPAL DIAG W CC," 45,642 "
1041999 - JOHNSTON HOSPITAL,340,APPENDECTOMY W COMPLICATED PRINCIPAL DIAG W-O CC-MCC," 35,116 "
1041999 - JOHNSTON HOSPITAL,341,APPENDECTOMY W-O COMPLICATED PRINCIPAL DIAG W MCC," 51,461 "
1041999 - JOHNSTON HOSPITAL,342,APPENDECTOMY W-O COMPLICATED PRINCIPAL DIAG W CC," 34,506 "
1041999 - JOHNSTON HOSPITAL,343,APPENDECTOMY W-O COMPLICATED PRINCIPAL DIAG W-O CC-MCC," 30,089 "
1041999 - JOHNSTON HOSPITAL,345,MINOR SMALL AND LARGE BOWEL PROCEDURES W CC," 43,263 "
1041999 - JOHNSTON HOSPITAL,346,MINOR SMALL AND LARGE BOWEL PROCEDURES W-O CC-MCC," 16,446 "
1041999 - JOHNSTON HOSPITAL,348,ANAL AND STOMAL PROCEDURES W CC," 40,040 "
1041999 - JOHNSTON HOSPITAL,351,INGUINAL AND FEMORAL HERNIA PROCEDURES W CC," 38,978 "
1041999 - JOHNSTON HOSPITAL,354,HERNIA PROCEDURES EXCEPT INGUINAL AND FEMORAL W CC," 75,529 "
1041999 - JOHNSTON HOSPITAL,355,HERNIA PROCEDURES EXCEPT INGUINAL AND FEMORAL W-O CC-MCC," 44,712 "
1041999 - JOHNSTON HOSPITAL,356,OTHER DIGESTIVE SYSTEM O.R. PROCEDURES W MCC," 73,998 "
1041999 - JOHNSTON HOSPITAL,357,OTHER DIGESTIVE SYSTEM O.R. PROCEDURES W CC," 67,411 "
1041999 - JOHNSTON HOSPITAL,358,OTHER DIGESTIVE SYSTEM O.R. PROCEDURES W-O CC-MCC," 32,184 "
1041999 - JOHNSTON HOSPITAL,368,MAJOR ESOPHAGEAL DISORDERS W MCC," 39,331 "
1041999 - JOHNSTON HOSPITAL,369,MAJOR ESOPHAGEAL DISORDERS W CC," 22,288 "
1041999 - JOHNSTON HOSPITAL,370,MAJOR ESOPHAGEAL DISORDERS W-O CC-MCC," 20,845 "
1041999 - JOHNSTON HOSPITAL,371,MAJOR GASTROINTESTINAL DISORDERS AND PERITONEAL INFECTIONS W MCC," 34,486 "
1041999 - JOHNSTON HOSPITAL,372,MAJOR GASTROINTESTINAL DISORDERS AND PERITONEAL INFECTIONS W CC," 23,772 "
1041999 - JOHNSTON HOSPITAL,373,MAJOR GASTROINTESTINAL DISORDERS AND PERITONEAL INFECTIONS W-O CC-MCC," 18,799 "
1041999 - JOHNSTON HOSPITAL,374,DIGESTIVE MALIGNANCY W MCC," 45,756 "
1041999 - JOHNSTON HOSPITAL,375,DIGESTIVE MALIGNANCY W CC," 32,502 "
1041999 - JOHNSTON HOSPITAL,376,DIGESTIVE MALIGNANCY W-O CC-MCC," 22,278 "
1041999 - JOHNSTON HOSPITAL,377,G.I. HEMORRHAGE W MCC," 40,543 "
1041999 - JOHNSTON HOSPITAL,378,G.I. HEMORRHAGE W CC," 27,582 "
1041999 - JOHNSTON HOSPITAL,379,G.I. HEMORRHAGE W-O CC-MCC," 22,528 "
1041999 - JOHNSTON HOSPITAL,381,COMPLICATED PEPTIC ULCER W CC," 24,514 "
1041999 - JOHNSTON HOSPITAL,382,COMPLICATED PEPTIC ULCER W-O CC-MCC," 16,914 "
1041999 - JOHNSTON HOSPITAL,384,UNCOMPLICATED PEPTIC ULCER W-O MCC," 18,385 "
1041999 - JOHNSTON HOSPITAL,385,INFLAMMATORY BOWEL DISEASE W MCC," 49,576 "
1041999 - JOHNSTON HOSPITAL,386,INFLAMMATORY BOWEL DISEASE W CC," 27,832 "
1041999 - JOHNSTON HOSPITAL,387,INFLAMMATORY BOWEL DISEASE W-O CC-MCC," 20,256 "
1041999 - JOHNSTON HOSPITAL,388,G.I. OBSTRUCTION W MCC," 45,696 "
1041999 - JOHNSTON HOSPITAL,389,G.I. OBSTRUCTION W CC," 25,369 "
1041999 - JOHNSTON HOSPITAL,390,G.I. OBSTRUCTION W-O CC-MCC," 18,003 "
1041999 - JOHNSTON HOSPITAL,391,ESOPHAGITIS GASTROENT AND MISC DIGEST DISORDERS W MCC," 27,852 "
1041999 - JOHNSTON HOSPITAL,392,ESOPHAGITIS GASTROENT AND MISC DIGEST DISORDERS W-O MCC," 23,162 "
1041999 - JOHNSTON HOSPITAL,393,OTHER DIGESTIVE SYSTEM DIAGNOSES W MCC," 35,784 "
1041999 - JOHNSTON HOSPITAL,394,OTHER DIGESTIVE SYSTEM DIAGNOSES W CC," 22,908 "
1041999 - JOHNSTON HOSPITAL,395,OTHER DIGESTIVE SYSTEM DIAGNOSES W-O CC-MCC," 19,170 "
1041999 - JOHNSTON HOSPITAL,412,CHOLECYSTECTOMY W C.D.E. W CC," 43,165 "
1041999 - JOHNSTON HOSPITAL,413,CHOLECYSTECTOMY W C.D.E. W-O CC-MCC," 24,762 "
1041999 - JOHNSTON HOSPITAL,417,LAPAROSCOPIC CHOLECYSTECTOMY W-O C.D.E. W MCC," 63,275 "
1041999 - JOHNSTON HOSPITAL,418,LAPAROSCOPIC CHOLECYSTECTOMY W-O C.D.E. W CC," 41,070 "
1041999 - JOHNSTON HOSPITAL,419,LAPAROSCOPIC CHOLECYSTECTOMY W-O C.D.E. W-O CC-MCC," 33,171 "
1041999 - JOHNSTON HOSPITAL,420,HEPATOBILIARY DIAGNOSTIC PROCEDURES W MCC," 39,267 "
1041999 - JOHNSTON HOSPITAL,421,HEPATOBILIARY DIAGNOSTIC PROCEDURES W CC," 42,105 "
1041999 - JOHNSTON HOSPITAL,432,CIRRHOSIS AND ALCOHOLIC HEPATITIS W MCC," 52,039 "
1041999 - JOHNSTON HOSPITAL,433,CIRRHOSIS AND ALCOHOLIC HEPATITIS W CC," 27,822 "
1041999 - JOHNSTON HOSPITAL,435,MALIGNANCY OF HEPATOBILIARY SYSTEM OR PANCREAS W MCC," 41,821 "
1041999 - JOHNSTON HOSPITAL,436,MALIGNANCY OF HEPATOBILIARY SYSTEM OR PANCREAS W CC," 20,374 "
1041999 - JOHNSTON HOSPITAL,438,DISORDERS OF PANCREAS EXCEPT MALIGNANCY W MCC," 33,404 "
1041999 - JOHNSTON HOSPITAL,439,DISORDERS OF PANCREAS EXCEPT MALIGNANCY W CC," 24,344 "
1041999 - JOHNSTON HOSPITAL,440,DISORDERS OF PANCREAS EXCEPT MALIGNANCY W-O CC-MCC," 18,672 "
1041999 - JOHNSTON HOSPITAL,441,DISORDERS OF LIVER EXCEPT MALIGCIRRALC HEPA W MCC," 32,076 "
1041999 - JOHNSTON HOSPITAL,442,DISORDERS OF LIVER EXCEPT MALIGCIRRALC HEPA W CC," 22,395 "
1041999 - JOHNSTON HOSPITAL,443,DISORDERS OF LIVER EXCEPT MALIGCIRRALC HEPA W-O CC-MCC," 22,958 "
1041999 - JOHNSTON HOSPITAL,444,DISORDERS OF THE BILIARY TRACT W MCC," 45,402 "
1041999 - JOHNSTON HOSPITAL,445,DISORDERS OF THE BILIARY TRACT W CC," 29,999 "
1041999 - JOHNSTON HOSPITAL,446,DISORDERS OF THE BILIARY TRACT W-O CC-MCC," 21,315 "
1041999 - JOHNSTON HOSPITAL,463,WND DEBRID AND SKN GRFT EXC HAND FOR MUSCULO-CONN TISS DIS W MCC," 51,300 "
1041999 - JOHNSTON HOSPITAL,464,WND DEBRID AND SKN GRFT EXC HAND FOR MUSCULO-CONN TISS DIS W CC," 87,429 "
1041999 - JOHNSTON HOSPITAL,465,WND DEBRID AND SKN GRFT EXC HAND FOR MUSCULO-CONN TISS DIS W-O CC-MCC," 26,392 "
1041999 - JOHNSTON HOSPITAL,466,REVISION OF HIP OR KNEE REPLACEMENT W MCC," 81,164 "
1041999 - JOHNSTON HOSPITAL,467,REVISION OF HIP OR KNEE REPLACEMENT W CC," 87,578 "
1041999 - JOHNSTON HOSPITAL,468,REVISION OF HIP OR KNEE REPLACEMENT W-O CC-MCC," 43,085 "
1041999 - JOHNSTON HOSPITAL,469,MAJOR HIP AND KNEE JOINT REPLACEMENT OR REATTACHMENT OF LOWER EXTREMITY W MCC OR TOTAL ANKLE REPLACEMENT," 71,762 "
1041999 - JOHNSTON HOSPITAL,470,MAJOR HIP AND KNEE JOINT REPLACEMENT OR REATTACHMENT OF LOWER EXTREMITY W-O MCC," 53,831 "
1041999 - JOHNSTON HOSPITAL,474,AMPUTATION FOR MUSCULOSKELETAL SYS AND CONN TISSUE DIS W MCC," 58,580 "
1041999 - JOHNSTON HOSPITAL,475,AMPUTATION FOR MUSCULOSKELETAL SYS AND CONN TISSUE DIS W CC," 44,939 "
1041999 - JOHNSTON HOSPITAL,478,BIOPSIES OF MUSCULOSKELETAL SYSTEM AND CONNECTIVE TISSUE W CC," 38,746 "
1041999 - JOHNSTON HOSPITAL,480,HIP AND FEMUR PROCEDURES EXCEPT MAJOR JOINT W MCC," 61,256 "
1041999 - JOHNSTON HOSPITAL,481,HIP AND FEMUR PROCEDURES EXCEPT MAJOR JOINT W CC," 50,833 "
1041999 - JOHNSTON HOSPITAL,482,HIP AND FEMUR PROCEDURES EXCEPT MAJOR JOINT W-O CC-MCC," 46,187 "
1041999 - JOHNSTON HOSPITAL,483,MAJOR JOINT-LIMB REATTACHMENT PROCEDURE OF UPPER EXTREMITIES," 58,698 "
1041999 - JOHNSTON HOSPITAL,485,KNEE PROCEDURES W PDX OF INFECTION W MCC," 87,710 "
1041999 - JOHNSTON HOSPITAL,488,KNEE PROCEDURES W-O PDX OF INFECTION W CC-MCC," 44,586 "
1041999 - JOHNSTON HOSPITAL,489,KNEE PROCEDURES W-O PDX OF INFECTION W-O CC-MCC," 36,070 "
1041999 - JOHNSTON HOSPITAL,492,LOWER EXTREM AND HUMER PROC EXCEPT HIPFOOTFEMUR W MCC," 58,360 "
1041999 - JOHNSTON HOSPITAL,493,LOWER EXTREM AND HUMER PROC EXCEPT HIPFOOTFEMUR W CC," 95,232 "
1041999 - JOHNSTON HOSPITAL,494,LOWER EXTREM AND HUMER PROC EXCEPT HIPFOOTFEMUR W-O CC-MCC," 48,569 "
1041999 - JOHNSTON HOSPITAL,500,SOFT TISSUE PROCEDURES W MCC," 38,631 "
1041999 - JOHNSTON HOSPITAL,501,SOFT TISSUE PROCEDURES W CC," 37,582 "
1041999 - JOHNSTON HOSPITAL,502,SOFT TISSUE PROCEDURES W-O CC-MCC," 32,540 "
1041999 - JOHNSTON HOSPITAL,503,FOOT PROCEDURES W MCC," 60,201 "
1041999 - JOHNSTON HOSPITAL,504,FOOT PROCEDURES W CC," 34,023 "
1041999 - JOHNSTON HOSPITAL,507,MAJOR SHOULDER OR ELBOW JOINT PROCEDURES W CC-MCC," 28,339 "
1041999 - JOHNSTON HOSPITAL,509,ARTHROSCOPY," 36,056 "
1041999 - JOHNSTON HOSPITAL,510,SHOULDERELBOW OR FOREARM PROCEXC MAJOR JOINT PROC W MCC," 71,912 "
1041999 - JOHNSTON HOSPITAL,511,SHOULDERELBOW OR FOREARM PROCEXC MAJOR JOINT PROC W CC," 49,378 "
1041999 - JOHNSTON HOSPITAL,512,SHOULDERELBOW OR FOREARM PROCEXC MAJOR JOINT PROC W-O CC-MCC," 35,922 "
1041999 - JOHNSTON HOSPITAL,513,HAND OR WRIST PROC EXCEPT MAJOR THUMB OR JOINT PROC W CC-MCC," 28,244 "
1041999 - JOHNSTON HOSPITAL,533,FRACTURES OF FEMUR W MCC," 30,675 "
1041999 - JOHNSTON HOSPITAL,534,FRACTURES OF FEMUR W-O MCC," 15,539 "
1041999 - JOHNSTON HOSPITAL,535,FRACTURES OF HIP AND PELVIS W MCC," 27,828 "
1041999 - JOHNSTON HOSPITAL,536,FRACTURES OF HIP AND PELVIS W-O MCC," 20,422 "
1041999 - JOHNSTON HOSPITAL,537,SPRAINS STRAINS AND DISLOCATIONS OF HIP PELVIS AND THIGH W CC-MCC," 21,376 "
1041999 - JOHNSTON HOSPITAL,539,OSTEOMYELITIS W MCC," 35,990 "
1041999 - JOHNSTON HOSPITAL,540,OSTEOMYELITIS W CC," 33,795 "
1041999 - JOHNSTON HOSPITAL,541,OSTEOMYELITIS W-O CC-MCC," 17,800 "
1041999 - JOHNSTON HOSPITAL,543,PATHOLOGICAL FRACTURES AND MUSCULOSKELET AND CONN TISS MALIG W CC," 25,400 "
1041999 - JOHNSTON HOSPITAL,544,PATHOLOGICAL FRACTURES AND MUSCULOSKELET AND CONN TISS MALIG W-O CC-MCC," 20,995 "
1041999 - JOHNSTON HOSPITAL,545,CONNECTIVE TISSUE DISORDERS W MCC," 46,244 "
1041999 - JOHNSTON HOSPITAL,548,SEPTIC ARTHRITIS W MCC," 55,668 "
1041999 - JOHNSTON HOSPITAL,549,SEPTIC ARTHRITIS W CC," 28,935 "
1041999 - JOHNSTON HOSPITAL,551,MEDICAL BACK PROBLEMS W MCC," 38,609 "
1041999 - JOHNSTON HOSPITAL,552,MEDICAL BACK PROBLEMS W-O MCC," 30,569 "
1041999 - JOHNSTON HOSPITAL,553,BONE DISEASES AND ARTHROPATHIES W MCC," 28,373 "
1041999 - JOHNSTON HOSPITAL,554,BONE DISEASES AND ARTHROPATHIES W-O MCC," 15,675 "
1041999 - JOHNSTON HOSPITAL,556,SIGNS AND SYMPTOMS OF MUSCULOSKELETAL SYSTEM AND CONN TISSUE W-O MCC," 20,715 "
1041999 - JOHNSTON HOSPITAL,557,TENDONITIS MYOSITIS AND BURSITIS W MCC," 39,716 "
1041999 - JOHNSTON HOSPITAL,558,TENDONITIS MYOSITIS AND BURSITIS W-O MCC," 19,147 "
1041999 - JOHNSTON HOSPITAL,559,AFTERCARE MUSCULOSKELETAL SYSTEM AND CONNECTIVE TISSUE W MCC," 22,586 "
1041999 - JOHNSTON HOSPITAL,560,AFTERCARE MUSCULOSKELETAL SYSTEM AND CONNECTIVE TISSUE W CC," 23,773 "
1041999 - JOHNSTON HOSPITAL,562,FX SPRN STRN AND DISL EXCEPT FEMUR HIP PELVIS AND THIGH W MCC," 24,626 "
1041999 - JOHNSTON HOSPITAL,563,FX SPRN STRN AND DISL EXCEPT FEMUR HIP PELVIS AND THIGH W-O MCC," 26,868 "
1041999 - JOHNSTON HOSPITAL,564,OTHER MUSCULOSKELETAL SYS AND CONNECTIVE TISSUE DIAGNOSES W MCC," 47,388 "
1041999 - JOHNSTON HOSPITAL,565,OTHER MUSCULOSKELETAL SYS AND CONNECTIVE TISSUE DIAGNOSES W CC," 22,637 "
1041999 - JOHNSTON HOSPITAL,566,OTHER MUSCULOSKELETAL SYS AND CONNECTIVE TISSUE DIAGNOSES W-O CC-MCC," 18,951 "
1041999 - JOHNSTON HOSPITAL,570,SKIN DEBRIDEMENT W MCC," 33,302 "
1041999 - JOHNSTON HOSPITAL,571,SKIN DEBRIDEMENT W CC," 34,110 "
1041999 - JOHNSTON HOSPITAL,572,SKIN DEBRIDEMENT W-O CC-MCC," 18,977 "
1041999 - JOHNSTON HOSPITAL,573,SKIN GRAFT FOR SKIN ULCER OR CELLULITIS W MCC," 53,959 "
1041999 - JOHNSTON HOSPITAL,574,SKIN GRAFT FOR SKIN ULCER OR CELLULITIS W CC," 68,448 "
1041999 - JOHNSTON HOSPITAL,579,OTHER SKIN SUBCUT TISS AND BREAST PROC W MCC," 52,232 "
1041999 - JOHNSTON HOSPITAL,580,OTHER SKIN SUBCUT TISS AND BREAST PROC W CC," 25,419 "
1041999 - JOHNSTON HOSPITAL,581,OTHER SKIN SUBCUT TISS AND BREAST PROC W-O CC-MCC," 22,927 "
1041999 - JOHNSTON HOSPITAL,582,MASTECTOMY FOR MALIGNANCY W CC-MCC," 52,816 "
1041999 - JOHNSTON HOSPITAL,583,MASTECTOMY FOR MALIGNANCY W-O CC-MCC," 38,525 "
1041999 - JOHNSTON HOSPITAL,592,SKIN ULCERS W MCC," 15,721 "
1041999 - JOHNSTON HOSPITAL,593,SKIN ULCERS W CC," 40,661 "
1041999 - JOHNSTON HOSPITAL,594,SKIN ULCERS W-O CC-MCC," 12,306 "
1041999 - JOHNSTON HOSPITAL,596,MAJOR SKIN DISORDERS W-O MCC," 8,994 "
1041999 - JOHNSTON HOSPITAL,597,MALIGNANT BREAST DISORDERS W MCC," 93,000 "
1041999 - JOHNSTON HOSPITAL,600,NON-MALIGNANT BREAST DISORDERS W CC-MCC," 15,071 "
1041999 - JOHNSTON HOSPITAL,601,NON-MALIGNANT BREAST DISORDERS W-O CC-MCC," 7,426 "
1041999 - JOHNSTON HOSPITAL,602,CELLULITIS W MCC," 31,532 "
1041999 - JOHNSTON HOSPITAL,603,CELLULITIS W-O MCC," 17,658 "
1041999 - JOHNSTON HOSPITAL,604,TRAUMA TO THE SKIN SUBCUT TISS AND BREAST W MCC," 38,419 "
1041999 - JOHNSTON HOSPITAL,605,TRAUMA TO THE SKIN SUBCUT TISS AND BREAST W-O MCC," 27,671 "
1041999 - JOHNSTON HOSPITAL,606,MINOR SKIN DISORDERS W MCC," 21,658 "
1041999 - JOHNSTON HOSPITAL,607,MINOR SKIN DISORDERS W-O MCC," 16,637 "
1041999 - JOHNSTON HOSPITAL,616,AMPUTAT OF LOWER LIMB FOR ENDOCRINENUTRITAND METABOL DIS W MCC," 63,789 "
1041999 - JOHNSTON HOSPITAL,617,AMPUTAT OF LOWER LIMB FOR ENDOCRINENUTRITAND METABOL DIS W CC," 38,975 "
1041999 - JOHNSTON HOSPITAL,622,SKIN GRAFTS AND WOUND DEBRID FOR ENDOC NUTRIT AND METAB DIS W MCC," 26,091 "
1041999 - JOHNSTON HOSPITAL,623,SKIN GRAFTS AND WOUND DEBRID FOR ENDOC NUTRIT AND METAB DIS W CC," 34,961 "
1041999 - JOHNSTON HOSPITAL,628,OTHER ENDOCRINE NUTRIT AND METAB O.R. PROC W MCC," 63,278 "
1041999 - JOHNSTON HOSPITAL,629,OTHER ENDOCRINE NUTRIT AND METAB O.R. PROC W CC," 51,384 "
1041999 - JOHNSTON HOSPITAL,637,DIABETES W MCC," 29,680 "
1041999 - JOHNSTON HOSPITAL,638,DIABETES W CC," 23,729 "
1041999 - JOHNSTON HOSPITAL,639,DIABETES W-O CC-MCC," 16,538 "
1041999 - JOHNSTON HOSPITAL,640,MISC DISORDERS OF NUTRITIONMETABOLISMFLUIDS-ELECTROLYTES W MCC," 27,981 "
1041999 - JOHNSTON HOSPITAL,641,MISC DISORDERS OF NUTRITIONMETABOLISMFLUIDS-ELECTROLYTES W-O MCC," 19,177 "
1041999 - JOHNSTON HOSPITAL,642,INBORN AND OTHER DISORDERS OF METABOLISM," 9,763 "
1041999 - JOHNSTON HOSPITAL,643,ENDOCRINE DISORDERS W MCC," 34,650 "
1041999 - JOHNSTON HOSPITAL,644,ENDOCRINE DISORDERS W CC," 24,879 "
1041999 - JOHNSTON HOSPITAL,645,ENDOCRINE DISORDERS W-O CC-MCC," 17,470 "
1041999 - JOHNSTON HOSPITAL,656,KIDNEY AND URETER PROCEDURES FOR NEOPLASM W MCC," 57,425 "
1041999 - JOHNSTON HOSPITAL,657,KIDNEY AND URETER PROCEDURES FOR NEOPLASM W CC," 57,146 "
1041999 - JOHNSTON HOSPITAL,658,KIDNEY AND URETER PROCEDURES FOR NEOPLASM W-O CC-MCC," 56,515 "
1041999 - JOHNSTON HOSPITAL,659,KIDNEY AND URETER PROCEDURES FOR NON-NEOPLASM W MCC," 118,856 "
1041999 - JOHNSTON HOSPITAL,660,KIDNEY AND URETER PROCEDURES FOR NON-NEOPLASM W CC," 34,062 "
1041999 - JOHNSTON HOSPITAL,661,KIDNEY AND URETER PROCEDURES FOR NON-NEOPLASM W-O CC-MCC," 46,131 "
1041999 - JOHNSTON HOSPITAL,663,MINOR BLADDER PROCEDURES W CC," 52,080 "
1041999 - JOHNSTON HOSPITAL,665,PROSTATECTOMY W MCC," 122,731 "
1041999 - JOHNSTON HOSPITAL,666,PROSTATECTOMY W CC," 50,558 "
1041999 - JOHNSTON HOSPITAL,668,TRANSURETHRAL PROCEDURES W MCC," 47,539 "
1041999 - JOHNSTON HOSPITAL,669,TRANSURETHRAL PROCEDURES W CC," 31,820 "
1041999 - JOHNSTON HOSPITAL,670,TRANSURETHRAL PROCEDURES W-O CC-MCC," 28,848 "
1041999 - JOHNSTON HOSPITAL,671,URETHRAL PROCEDURES W CC-MCC," 33,596 "
1041999 - JOHNSTON HOSPITAL,673,OTHER KIDNEY AND URINARY TRACT PROCEDURES W MCC," 105,374 "
1041999 - JOHNSTON HOSPITAL,674,OTHER KIDNEY AND URINARY TRACT PROCEDURES W CC," 40,364 "
1041999 - JOHNSTON HOSPITAL,682,RENAL FAILURE W MCC," 33,467 "
1041999 - JOHNSTON HOSPITAL,683,RENAL FAILURE W CC," 23,252 "
1041999 - JOHNSTON HOSPITAL,684,RENAL FAILURE W-O CC-MCC," 19,256 "
1041999 - JOHNSTON HOSPITAL,686,KIDNEY AND URINARY TRACT NEOPLASMS W MCC," 28,751 "
1041999 - JOHNSTON HOSPITAL,689,KIDNEY AND URINARY TRACT INFECTIONS W MCC," 23,819 "
1041999 - JOHNSTON HOSPITAL,690,KIDNEY AND URINARY TRACT INFECTIONS W-O MCC," 20,846 "
1041999 - JOHNSTON HOSPITAL,693,URINARY STONES W-O ESW LITHOTRIPSY W MCC," 51,003 "
1041999 - JOHNSTON HOSPITAL,694,URINARY STONES W-O ESW LITHOTRIPSY W-O MCC," 26,096 "
1041999 - JOHNSTON HOSPITAL,696,KIDNEY AND URINARY TRACT SIGNS AND SYMPTOMS W-O MCC," 22,689 "
1041999 - JOHNSTON HOSPITAL,698,OTHER KIDNEY AND URINARY TRACT DIAGNOSES W MCC," 42,816 "
1041999 - JOHNSTON HOSPITAL,699,OTHER KIDNEY AND URINARY TRACT DIAGNOSES W CC," 19,180 "
1041999 - JOHNSTON HOSPITAL,700,OTHER KIDNEY AND URINARY TRACT DIAGNOSES W-O CC-MCC," 15,546 "
1041999 - JOHNSTON HOSPITAL,707,MAJOR MALE PELVIC PROCEDURES W CC-MCC," 60,153 "
1041999 - JOHNSTON HOSPITAL,708,MAJOR MALE PELVIC PROCEDURES W-O CC-MCC," 55,506 "
1041999 - JOHNSTON HOSPITAL,711,TESTES PROCEDURES W CC-MCC," 32,927 "
1041999 - JOHNSTON HOSPITAL,713,TRANSURETHRAL PROSTATECTOMY W CC-MCC," 40,238 "
1041999 - JOHNSTON HOSPITAL,723,MALIGNANCY MALE REPRODUCTIVE SYSTEM W CC," 18,038 "
1041999 - JOHNSTON HOSPITAL,725,BENIGN PROSTATIC HYPERTROPHY W MCC," 51,533 "
1041999 - JOHNSTON HOSPITAL,727,INFLAMMATION OF THE MALE REPRODUCTIVE SYSTEM W MCC," 15,169 "
1041999 - JOHNSTON HOSPITAL,728,INFLAMMATION OF THE MALE REPRODUCTIVE SYSTEM W-O MCC," 12,317 "
1041999 - JOHNSTON HOSPITAL,742,UTERINE AND ADNEXA PROC FOR NON-MALIGNANCY W CC-MCC," 52,520 "
1041999 - JOHNSTON HOSPITAL,743,UTERINE AND ADNEXA PROC FOR NON-MALIGNANCY W-O CC-MCC," 34,715 "
1041999 - JOHNSTON HOSPITAL,744,DANDC CONIZATION LAPAROSCOPY AND TUBAL INTERRUPTION W CC-MCC," 36,093 "
1041999 - JOHNSTON HOSPITAL,745,DANDC CONIZATION LAPAROSCOPY AND TUBAL INTERRUPTION W-O CC-MCC," 32,620 "
1041999 - JOHNSTON HOSPITAL,746,VAGINA CERVIX AND VULVA PROCEDURES W CC-MCC," 12,014 "
1041999 - JOHNSTON HOSPITAL,750,OTHER FEMALE REPRODUCTIVE SYSTEM O.R. PROCEDURES W-O CC-MCC," 27,169 "
1041999 - JOHNSTON HOSPITAL,754,MALIGNANCY FEMALE REPRODUCTIVE SYSTEM W MCC," 25,683 "
1041999 - JOHNSTON HOSPITAL,755,MALIGNANCY FEMALE REPRODUCTIVE SYSTEM W CC," 18,501 "
1041999 - JOHNSTON HOSPITAL,758,INFECTIONS FEMALE REPRODUCTIVE SYSTEM W CC," 26,993 "
1041999 - JOHNSTON HOSPITAL,759,INFECTIONS FEMALE REPRODUCTIVE SYSTEM W-O CC-MCC," 12,563 "
1041999 - JOHNSTON HOSPITAL,760,MENSTRUAL AND OTHER FEMALE REPRODUCTIVE SYSTEM DISORDERS W CC-MCC," 15,849 "
1041999 - JOHNSTON HOSPITAL,765,CESAREAN SECTION W CC-MCC," 24,723 "
1041999 - JOHNSTON HOSPITAL,766,CESAREAN SECTION W-O CC-MCC," 22,621 "
1041999 - JOHNSTON HOSPITAL,767,VAGINAL DELIVERY W STERILIZATION AND-OR DANDC," 24,829 "
1041999 - JOHNSTON HOSPITAL,769,POSTPARTUM AND POST ABORTION DIAGNOSES W O.R. PROCEDURE," 50,477 "
1041999 - JOHNSTON HOSPITAL,770,ABORTION W DANDC ASPIRATION CURETTAGE OR HYSTEROTOMY," 27,565 "
1041999 - JOHNSTON HOSPITAL,774,VAGINAL DELIVERY W COMPLICATING DIAGNOSES," 14,775 "
1041999 - JOHNSTON HOSPITAL,775,VAGINAL DELIVERY W-O COMPLICATING DIAGNOSES," 13,358 "
1041999 - JOHNSTON HOSPITAL,776,POSTPARTUM AND POST ABORTION DIAGNOSES W-O O.R. PROCEDURE," 10,076 "
1041999 - JOHNSTON HOSPITAL,777,ECTOPIC PREGNANCY," 38,555 "
1041999 - JOHNSTON HOSPITAL,779,ABORTION W-O DANDC," 8,221 "
1041999 - JOHNSTON HOSPITAL,781,OTHER ANTEPARTUM DIAGNOSES W MEDICAL COMPLICATIONS," 13,312 "
1041999 - JOHNSTON HOSPITAL,782,OTHER ANTEPARTUM DIAGNOSES W-O MEDICAL COMPLICATIONS," 8,002 "
1041999 - JOHNSTON HOSPITAL,789,NEONATES DIED OR TRANSFERRED TO ANOTHER ACUTE CARE FACILITY," 3,051 "
1041999 - JOHNSTON HOSPITAL,790,EXTREME IMMATURITY OR RESPIRATORY DISTRESS SYNDROME NEONATE," 2,144 "
1041999 - JOHNSTON HOSPITAL,791,PREMATURITY W MAJOR PROBLEMS," 6,987 "
1041999 - JOHNSTON HOSPITAL,792,PREMATURITY W-O MAJOR PROBLEMS," 4,731 "
1041999 - JOHNSTON HOSPITAL,793,FULL TERM NEONATE W MAJOR PROBLEMS," 5,722 "
1041999 - JOHNSTON HOSPITAL,794,NEONATE W OTHER SIGNIFICANT PROBLEMS," 3,756 "
1041999 - JOHNSTON HOSPITAL,795,NORMAL NEWBORN," 3,311 "
1041999 - JOHNSTON HOSPITAL,808,MAJOR HEMATOL-IMMUN DIAG EXC SICKLE CELL CRISIS AND COAGUL W MCC," 53,686 "
1041999 - JOHNSTON HOSPITAL,809,MAJOR HEMATOL-IMMUN DIAG EXC SICKLE CELL CRISIS AND COAGUL W CC," 22,165 "
1041999 - JOHNSTON HOSPITAL,811,RED BLOOD CELL DISORDERS W MCC," 34,388 "
1041999 - JOHNSTON HOSPITAL,812,RED BLOOD CELL DISORDERS W-O MCC," 20,743 "
1041999 - JOHNSTON HOSPITAL,813,COAGULATION DISORDERS," 28,150 "
1041999 - JOHNSTON HOSPITAL,815,RETICULOENDOTHELIAL AND IMMUNITY DISORDERS W CC," 24,494 "
1041999 - JOHNSTON HOSPITAL,816,RETICULOENDOTHELIAL AND IMMUNITY DISORDERS W-O CC-MCC," 18,162 "
1041999 - JOHNSTON HOSPITAL,824,LYMPHOMA AND NON-ACUTE LEUKEMIA W OTHER PROC W CC," 48,784 "
1041999 - JOHNSTON HOSPITAL,825,LYMPHOMA AND NON-ACUTE LEUKEMIA W OTHER PROC W-O CC-MCC," 37,213 "
1041999 - JOHNSTON HOSPITAL,840,LYMPHOMA AND NON-ACUTE LEUKEMIA W MCC," 41,961 "
1041999 - JOHNSTON HOSPITAL,841,LYMPHOMA AND NON-ACUTE LEUKEMIA W CC," 26,459 "
1041999 - JOHNSTON HOSPITAL,842,LYMPHOMA AND NON-ACUTE LEUKEMIA W-O CC-MCC," 28,537 "
1041999 - JOHNSTON HOSPITAL,853,INFECTIOUS AND PARASITIC DISEASES W O.R. PROCEDURE W MCC," 102,251 "
1041999 - JOHNSTON HOSPITAL,854,INFECTIOUS AND PARASITIC DISEASES W O.R. PROCEDURE W CC," 43,315 "
1041999 - JOHNSTON HOSPITAL,856,POSTOPERATIVE OR POST-TRAUMATIC INFECTIONS W O.R. PROC W MCC," 55,369 "
1041999 - JOHNSTON HOSPITAL,857,POSTOPERATIVE OR POST-TRAUMATIC INFECTIONS W O.R. PROC W CC," 48,352 "
1041999 - JOHNSTON HOSPITAL,862,POSTOPERATIVE AND POST-TRAUMATIC INFECTIONS W MCC," 31,032 "
1041999 - JOHNSTON HOSPITAL,863,POSTOPERATIVE AND POST-TRAUMATIC INFECTIONS W-O MCC," 22,335 "
1041999 - JOHNSTON HOSPITAL,864,FEVER," 24,611 "
1041999 - JOHNSTON HOSPITAL,865,VIRAL ILLNESS W MCC," 19,423 "
1041999 - JOHNSTON HOSPITAL,866,VIRAL ILLNESS W-O MCC," 26,790 "
1041999 - JOHNSTON HOSPITAL,867,OTHER INFECTIOUS AND PARASITIC DISEASES DIAGNOSES W MCC," 24,375 "
1041999 - JOHNSTON HOSPITAL,868,OTHER INFECTIOUS AND PARASITIC DISEASES DIAGNOSES W CC," 18,614 "
1041999 - JOHNSTON HOSPITAL,869,OTHER INFECTIOUS AND PARASITIC DISEASES DIAGNOSES W-O CC-MCC," 24,235 "
1041999 - JOHNSTON HOSPITAL,870,SEPTICEMIA OR SEVERE SEPSIS W MV GREATER THAN 96 HOURS," 113,051 "
1041999 - JOHNSTON HOSPITAL,871,SEPTICEMIA OR SEVERE SEPSIS W-O MV GREATER THAN 96 HOURS W MCC," 39,797 "
1041999 - JOHNSTON HOSPITAL,872,SEPTICEMIA OR SEVERE SEPSIS W-O MV GREATER THAN 96 HOURS W-O MCC," 26,170 "
1041999 - JOHNSTON HOSPITAL,876,O.R. PROCEDURE W PRINCIPAL DIAGNOSES OF MENTAL ILLNESS," 32,165 "
1041999 - JOHNSTON HOSPITAL,880,ACUTE ADJUSTMENT REACTION AND PSYCHOSOCIAL DYSFUNCTION," 13,726 "
1041999 - JOHNSTON HOSPITAL,881,DEPRESSIVE NEUROSES," 11,943 "
1041999 - JOHNSTON HOSPITAL,882,NEUROSES EXCEPT DEPRESSIVE," 11,698 "
1041999 - JOHNSTON HOSPITAL,883,DISORDERS OF PERSONALITY AND IMPULSE CONTROL," 18,344 "
1041999 - JOHNSTON HOSPITAL,884,ORGANIC DISTURBANCES AND INTELLECTUAL DISABILITY," 26,139 "
1041999 - JOHNSTON HOSPITAL,885,PSYCHOSES," 18,337 "
1041999 - JOHNSTON HOSPITAL,886,BEHAVIORAL AND DEVELOPMENTAL DISORDERS," 76,235 "
1041999 - JOHNSTON HOSPITAL,894,ALCOHOL-DRUG ABUSE OR DEPENDENCE LEFT AMA," 25,459 "
1041999 - JOHNSTON HOSPITAL,896,ALCOHOL-DRUG ABUSE OR DEPENDENCE W-O REHABILITATION THERAPY W MCC," 28,821 "
1041999 - JOHNSTON HOSPITAL,897,ALCOHOL-DRUG ABUSE OR DEPENDENCE W-O REHABILITATION THERAPY W-O MCC," 20,341 "
1041999 - JOHNSTON HOSPITAL,902,WOUND DEBRIDEMENTS FOR INJURIES W CC," 36,399 "
1041999 - JOHNSTON HOSPITAL,907,OTHER O.R. PROCEDURES FOR INJURIES W MCC," 19,784 "
1041999 - JOHNSTON HOSPITAL,908,OTHER O.R. PROCEDURES FOR INJURIES W CC," 55,584 "
1041999 - JOHNSTON HOSPITAL,914,TRAUMATIC INJURY W-O MCC," 16,546 "
1041999 - JOHNSTON HOSPITAL,916,ALLERGIC REACTIONS W-O MCC," 19,347 "
1041999 - JOHNSTON HOSPITAL,917,POISONING AND TOXIC EFFECTS OF DRUGS W MCC," 30,539 "
1041999 - JOHNSTON HOSPITAL,918,POISONING AND TOXIC EFFECTS OF DRUGS W-O MCC," 21,217 "
1041999 - JOHNSTON HOSPITAL,919,COMPLICATIONS OF TREATMENT W MCC," 40,415 "
1041999 - JOHNSTON HOSPITAL,920,COMPLICATIONS OF TREATMENT W CC," 19,243 "
1041999 - JOHNSTON HOSPITAL,921,COMPLICATIONS OF TREATMENT W-O CC-MCC," 11,984 "
1041999 - JOHNSTON HOSPITAL,922,OTHER INJURY POISONING AND TOXIC EFFECT DIAG W MCC," 35,804 "
1041999 - JOHNSTON HOSPITAL,923,OTHER INJURY POISONING AND TOXIC EFFECT DIAG W-O MCC," 13,100 "
1041999 - JOHNSTON HOSPITAL,935,NON-EXTENSIVE BURNS," 15,456 "
1041999 - JOHNSTON HOSPITAL,939,O.R. PROC W DIAGNOSES OF OTHER CONTACT W HEALTH SERVICES W MCC," 123,517 "
1041999 - JOHNSTON HOSPITAL,940,O.R. PROC W DIAGNOSES OF OTHER CONTACT W HEALTH SERVICES W CC," 31,965 "
1041999 - JOHNSTON HOSPITAL,947,SIGNS AND SYMPTOMS W MCC," 31,381 "
1041999 - JOHNSTON HOSPITAL,948,SIGNS AND SYMPTOMS W-O MCC," 17,698 "
1041999 - JOHNSTON HOSPITAL,949,AFTERCARE W CC-MCC," 16,578 "
1041999 - JOHNSTON HOSPITAL,951,OTHER FACTORS INFLUENCING HEALTH STATUS," 10,385 "
1041999 - JOHNSTON HOSPITAL,963,OTHER MULTIPLE SIGNIFICANT TRAUMA W MCC," 29,706 "
1041999 - JOHNSTON HOSPITAL,964,OTHER MULTIPLE SIGNIFICANT TRAUMA W CC," 24,084 "
1041999 - JOHNSTON HOSPITAL,965,OTHER MULTIPLE SIGNIFICANT TRAUMA W-O CC-MCC," 21,901 "
1041999 - JOHNSTON HOSPITAL,974,HIV W MAJOR RELATED CONDITION W MCC," 67,995 "
1041999 - JOHNSTON HOSPITAL,975,HIV W MAJOR RELATED CONDITION W CC," 26,930 "
1041999 - JOHNSTON HOSPITAL,976,HIV W MAJOR RELATED CONDITION W-O CC-MCC," 21,975 "
1041999 - JOHNSTON HOSPITAL,981,EXTENSIVE O.R. PROCEDURE UNRELATED TO PRINCIPAL DIAGNOSIS W MCC," 119,185 "
1041999 - JOHNSTON HOSPITAL,982,EXTENSIVE O.R. PROCEDURE UNRELATED TO PRINCIPAL DIAGNOSIS W CC," 47,978 "
1041999 - JOHNSTON HOSPITAL,983,EXTENSIVE O.R. PROCEDURE UNRELATED TO PRINCIPAL DIAGNOSIS W-O CC-MCC," 72,629 "
1041999 - JOHNSTON HOSPITAL,987,NON-EXTENSIVE O.R. PROC UNRELATED TO PRINCIPAL DIAGNOSIS W MCC," 101,977 "
1041999 - JOHNSTON HOSPITAL,988,NON-EXTENSIVE O.R. PROC UNRELATED TO PRINCIPAL DIAGNOSIS W CC," 36,613 "
1041999 - JOHNSTON HOSPITAL,989,NON-EXTENSIVE O.R. PROC UNRELATED TO PRINCIPAL DIAGNOSIS W-O CC-MCC," 20,105 "
