UNC Hospitals,,,
10/1/2017 to 9/30/2018 Average Charge by DRG,,,
Source: Strata,,,
By: M Hoffman 12-21-2018 ,,,
,,,
Location,MS DRG - Code,MS DRG - Description, Average Charge 
1070999 - UNC HOSPITALS,001,HEART TRANSPLANT OR IMPLANT OF HEART ASSIST SYSTEM W MCC," 619,190 "
1070999 - UNC HOSPITALS,002,HEART TRANSPLANT OR IMPLANT OF HEART ASSIST SYSTEM W-O MCC," 325,019 "
1070999 - UNC HOSPITALS,003,ECMO OR TRACH W MV GREATER THAN 96 HRS OR PDX EXC FACE MOUTH AND NECK W MAJ O.R.," 611,059 "
1070999 - UNC HOSPITALS,004,TRACH W MV GREATER THAN 96 HRS OR PDX EXC FACE MOUTH AND NECK W-O MAJ O.R.," 467,556 "
1070999 - UNC HOSPITALS,005,LIVER TRANSPLANT W MCC OR INTESTINAL TRANSPLANT," 396,200 "
1070999 - UNC HOSPITALS,006,LIVER TRANSPLANT W-O MCC," 230,087 "
1070999 - UNC HOSPITALS,007,LUNG TRANSPLANT," 483,327 "
1070999 - UNC HOSPITALS,008,SIMULTANEOUS PANCREAS-KIDNEY TRANSPLANT," 391,833 "
1070999 - UNC HOSPITALS,011,TRACHEOSTOMY FOR FACEMOUTH AND NECK DIAGNOSES W MCC," 134,823 "
1070999 - UNC HOSPITALS,012,TRACHEOSTOMY FOR FACEMOUTH AND NECK DIAGNOSES W CC," 87,304 "
1070999 - UNC HOSPITALS,013,TRACHEOSTOMY FOR FACEMOUTH AND NECK DIAGNOSES W-O CC-MCC," 68,385 "
1070999 - UNC HOSPITALS,014,ALLOGENEIC BONE MARROW TRANSPLANT," 367,008 "
1070999 - UNC HOSPITALS,016,AUTOLOGOUS BONE MARROW TRANSPLANT W CC-MCC," 161,252 "
1070999 - UNC HOSPITALS,017,AUTOLOGOUS BONE MARROW TRANSPLANT W-O CC-MCC," 139,628 "
1070999 - UNC HOSPITALS,020,INTRACRANIAL VASCULAR PROCEDURES W PDX HEMORRHAGE W MCC," 192,348 "
1070999 - UNC HOSPITALS,021,INTRACRANIAL VASCULAR PROCEDURES W PDX HEMORRHAGE W CC," 161,087 "
1070999 - UNC HOSPITALS,022,INTRACRANIAL VASCULAR PROCEDURES W PDX HEMORRHAGE W-O CC-MCC," 143,450 "
1070999 - UNC HOSPITALS,023,CRANIOTOMY W MAJOR DEVICE IMPLANT OR ACUTE CNS PDX W MCC OR CHEMOTHERAPY IMPLANT OR EPILEPSY W NEUROSTIMULATOR," 145,658 "
1070999 - UNC HOSPITALS,024,CRANIO W MAJOR DEV IMPL-ACUTE COMPLEX CNS PDX W-O MCC," 90,720 "
1070999 - UNC HOSPITALS,025,CRANIOTOMY AND ENDOVASCULAR INTRACRANIAL PROCEDURES W MCC," 86,840 "
1070999 - UNC HOSPITALS,026,CRANIOTOMY AND ENDOVASCULAR INTRACRANIAL PROCEDURES W CC," 55,800 "
1070999 - UNC HOSPITALS,027,CRANIOTOMY AND ENDOVASCULAR INTRACRANIAL PROCEDURES W-O CC-MCC," 52,110 "
1070999 - UNC HOSPITALS,028,SPINAL PROCEDURES W MCC," 125,431 "
1070999 - UNC HOSPITALS,029,SPINAL PROCEDURES W CC OR SPINAL NEUROSTIMULATORS," 81,907 "
1070999 - UNC HOSPITALS,030,SPINAL PROCEDURES W-O CC-MCC," 54,693 "
1070999 - UNC HOSPITALS,031,VENTRICULAR SHUNT PROCEDURES W MCC," 69,978 "
1070999 - UNC HOSPITALS,032,VENTRICULAR SHUNT PROCEDURES W CC," 35,899 "
1070999 - UNC HOSPITALS,033,VENTRICULAR SHUNT PROCEDURES W-O CC-MCC," 31,858 "
1070999 - UNC HOSPITALS,035,CAROTID ARTERY STENT PROCEDURE W CC," 50,306 "
1070999 - UNC HOSPITALS,036,CAROTID ARTERY STENT PROCEDURE W-O CC-MCC," 35,849 "
1070999 - UNC HOSPITALS,037,EXTRACRANIAL PROCEDURES W MCC," 119,005 "
1070999 - UNC HOSPITALS,038,EXTRACRANIAL PROCEDURES W CC," 50,353 "
1070999 - UNC HOSPITALS,039,EXTRACRANIAL PROCEDURES W-O CC-MCC," 31,714 "
1070999 - UNC HOSPITALS,040,PERIPH-CRANIAL NERVE AND OTHER NERV SYST PROC W MCC," 70,810 "
1070999 - UNC HOSPITALS,041,PERIPH-CRANIAL NERVE AND OTHER NERV SYST PROC W CC OR PERIPH NEUROSTIM," 46,332 "
1070999 - UNC HOSPITALS,042,PERIPH-CRANIAL NERVE AND OTHER NERV SYST PROC W-O CC-MCC," 33,808 "
1070999 - UNC HOSPITALS,052,SPINAL DISORDERS AND INJURIES W CC-MCC," 63,515 "
1070999 - UNC HOSPITALS,053,SPINAL DISORDERS AND INJURIES W-O CC-MCC," 54,791 "
1070999 - UNC HOSPITALS,054,NERVOUS SYSTEM NEOPLASMS W MCC," 37,751 "
1070999 - UNC HOSPITALS,055,NERVOUS SYSTEM NEOPLASMS W-O MCC," 35,703 "
1070999 - UNC HOSPITALS,056,DEGENERATIVE NERVOUS SYSTEM DISORDERS W MCC," 63,566 "
1070999 - UNC HOSPITALS,057,DEGENERATIVE NERVOUS SYSTEM DISORDERS W-O MCC," 52,078 "
1070999 - UNC HOSPITALS,058,MULTIPLE SCLEROSIS AND CEREBELLAR ATAXIA W MCC," 99,457 "
1070999 - UNC HOSPITALS,059,MULTIPLE SCLEROSIS AND CEREBELLAR ATAXIA W CC," 40,056 "
1070999 - UNC HOSPITALS,060,MULTIPLE SCLEROSIS AND CEREBELLAR ATAXIA W-O CC-MCC," 26,242 "
1070999 - UNC HOSPITALS,061,ISCHEMIC STROKE PRECEREBRAL OCCLUSION OR TRANSIENT ISCHEMIA W THROMBOLYTIC AGENT W MCC," 78,186 "
1070999 - UNC HOSPITALS,062,ISCHEMIC STROKE PRECEREBRAL OCCLUSION OR TRANSIENT ISCHEMIA W THROMBOLYTIC AGENT W CC," 47,587 "
1070999 - UNC HOSPITALS,063,ISCHEMIC STROKE PRECEREBRAL OCCLUSION OR TRANSIENT ISCHEMIA W THROMBOLYTIC AGENT W-O CC-MCC," 40,183 "
1070999 - UNC HOSPITALS,064,INTRACRANIAL HEMORRHAGE OR CEREBRAL INFARCTION W MCC," 53,585 "
1070999 - UNC HOSPITALS,065,INTRACRANIAL HEMORRHAGE OR CEREBRAL INFARCTION W CC OR TPA IN 24 HRS," 30,079 "
1070999 - UNC HOSPITALS,066,INTRACRANIAL HEMORRHAGE OR CEREBRAL INFARCTION W-O CC-MCC," 26,736 "
1070999 - UNC HOSPITALS,067,NONSPECIFIC CVA AND PRECEREBRAL OCCLUSION W-O INFARCT W MCC," 22,913 "
1070999 - UNC HOSPITALS,068,NONSPECIFIC CVA AND PRECEREBRAL OCCLUSION W-O INFARCT W-O MCC," 17,133 "
1070999 - UNC HOSPITALS,069,TRANSIENT ISCHEMIA W-O THROMBOLYTIC," 24,142 "
1070999 - UNC HOSPITALS,070,NONSPECIFIC CEREBROVASCULAR DISORDERS W MCC," 53,074 "
1070999 - UNC HOSPITALS,071,NONSPECIFIC CEREBROVASCULAR DISORDERS W CC," 57,288 "
1070999 - UNC HOSPITALS,072,NONSPECIFIC CEREBROVASCULAR DISORDERS W-O CC-MCC," 18,605 "
1070999 - UNC HOSPITALS,073,CRANIAL AND PERIPHERAL NERVE DISORDERS W MCC," 53,221 "
1070999 - UNC HOSPITALS,074,CRANIAL AND PERIPHERAL NERVE DISORDERS W-O MCC," 32,191 "
1070999 - UNC HOSPITALS,075,VIRAL MENINGITIS W CC-MCC," 15,428 "
1070999 - UNC HOSPITALS,076,VIRAL MENINGITIS W-O CC-MCC," 13,407 "
1070999 - UNC HOSPITALS,078,HYPERTENSIVE ENCEPHALOPATHY W CC," 20,160 "
1070999 - UNC HOSPITALS,080,NONTRAUMATIC STUPOR AND COMA W MCC," 16,024 "
1070999 - UNC HOSPITALS,081,NONTRAUMATIC STUPOR AND COMA W-O MCC," 14,531 "
1070999 - UNC HOSPITALS,082,TRAUMATIC STUPOR AND COMA COMA GREATER THAN 1 HR W MCC," 50,889 "
1070999 - UNC HOSPITALS,083,TRAUMATIC STUPOR AND COMA COMA GREATER THAN 1 HR W CC," 38,610 "
1070999 - UNC HOSPITALS,084,TRAUMATIC STUPOR AND COMA COMA GREATER THAN 1 HR W-O CC-MCC," 26,162 "
1070999 - UNC HOSPITALS,085,TRAUMATIC STUPOR AND COMA COMA LESS THAN 1 HR W MCC," 46,358 "
1070999 - UNC HOSPITALS,086,TRAUMATIC STUPOR AND COMA COMA LESS THAN 1 HR W CC," 33,586 "
1070999 - UNC HOSPITALS,087,TRAUMATIC STUPOR AND COMA COMA LESS THAN 1 HR W-O CC-MCC," 14,597 "
1070999 - UNC HOSPITALS,089,CONCUSSION W CC," 25,883 "
1070999 - UNC HOSPITALS,090,CONCUSSION W-O CC-MCC," 17,936 "
1070999 - UNC HOSPITALS,091,OTHER DISORDERS OF NERVOUS SYSTEM W MCC," 54,193 "
1070999 - UNC HOSPITALS,092,OTHER DISORDERS OF NERVOUS SYSTEM W CC," 30,335 "
1070999 - UNC HOSPITALS,093,OTHER DISORDERS OF NERVOUS SYSTEM W-O CC-MCC," 19,199 "
1070999 - UNC HOSPITALS,094,BACTERIAL AND TUBERCULOUS INFECTIONS OF NERVOUS SYSTEM W MCC," 102,291 "
1070999 - UNC HOSPITALS,095,BACTERIAL AND TUBERCULOUS INFECTIONS OF NERVOUS SYSTEM W CC," 61,738 "
1070999 - UNC HOSPITALS,096,BACTERIAL AND TUBERCULOUS INFECTIONS OF NERVOUS SYSTEM W-O CC-MCC," 45,371 "
1070999 - UNC HOSPITALS,097,NON-BACTERIAL INFECT OF NERVOUS SYS EXC VIRAL MENINGITIS W MCC," 126,672 "
1070999 - UNC HOSPITALS,098,NON-BACTERIAL INFECT OF NERVOUS SYS EXC VIRAL MENINGITIS W CC," 78,880 "
1070999 - UNC HOSPITALS,099,NON-BACTERIAL INFECT OF NERVOUS SYS EXC VIRAL MENINGITIS W-O CC-MCC," 48,883 "
1070999 - UNC HOSPITALS,100,SEIZURES W MCC," 41,113 "
1070999 - UNC HOSPITALS,101,SEIZURES W-O MCC," 25,721 "
1070999 - UNC HOSPITALS,102,HEADACHES W MCC," 31,630 "
1070999 - UNC HOSPITALS,103,HEADACHES W-O MCC," 19,435 "
1070999 - UNC HOSPITALS,113,ORBITAL PROCEDURES W CC-MCC," 51,407 "
1070999 - UNC HOSPITALS,114,ORBITAL PROCEDURES W-O CC-MCC," 38,628 "
1070999 - UNC HOSPITALS,115,EXTRAOCULAR PROCEDURES EXCEPT ORBIT," 33,042 "
1070999 - UNC HOSPITALS,116,INTRAOCULAR PROCEDURES W CC-MCC," 115,341 "
1070999 - UNC HOSPITALS,117,INTRAOCULAR PROCEDURES W-O CC-MCC," 31,084 "
1070999 - UNC HOSPITALS,121,ACUTE MAJOR EYE INFECTIONS W CC-MCC," 31,375 "
1070999 - UNC HOSPITALS,122,ACUTE MAJOR EYE INFECTIONS W-O CC-MCC," 7,588 "
1070999 - UNC HOSPITALS,123,NEUROLOGICAL EYE DISORDERS," 22,034 "
1070999 - UNC HOSPITALS,124,OTHER DISORDERS OF THE EYE W MCC," 14,795 "
1070999 - UNC HOSPITALS,125,OTHER DISORDERS OF THE EYE W-O MCC," 23,594 "
1070999 - UNC HOSPITALS,129,MAJOR HEAD AND NECK PROCEDURES W CC-MCC OR MAJOR DEVICE," 64,665 "
1070999 - UNC HOSPITALS,130,MAJOR HEAD AND NECK PROCEDURES W-O CC-MCC," 40,934 "
1070999 - UNC HOSPITALS,131,CRANIAL-FACIAL PROCEDURES W CC-MCC," 54,595 "
1070999 - UNC HOSPITALS,132,CRANIAL-FACIAL PROCEDURES W-O CC-MCC," 36,301 "
1070999 - UNC HOSPITALS,133,OTHER EAR NOSE MOUTH AND THROAT O.R. PROCEDURES W CC-MCC," 40,230 "
1070999 - UNC HOSPITALS,134,OTHER EAR NOSE MOUTH AND THROAT O.R. PROCEDURES W-O CC-MCC," 24,252 "
1070999 - UNC HOSPITALS,135,SINUS AND MASTOID PROCEDURES W CC-MCC," 32,331 "
1070999 - UNC HOSPITALS,136,SINUS AND MASTOID PROCEDURES W-O CC-MCC," 25,694 "
1070999 - UNC HOSPITALS,137,MOUTH PROCEDURES W CC-MCC," 29,021 "
1070999 - UNC HOSPITALS,138,MOUTH PROCEDURES W-O CC-MCC," 22,675 "
1070999 - UNC HOSPITALS,139,SALIVARY GLAND PROCEDURES," 23,490 "
1070999 - UNC HOSPITALS,146,EAR NOSE MOUTH AND THROAT MALIGNANCY W MCC," 58,491 "
1070999 - UNC HOSPITALS,147,EAR NOSE MOUTH AND THROAT MALIGNANCY W CC," 20,574 "
1070999 - UNC HOSPITALS,148,EAR NOSE MOUTH AND THROAT MALIGNANCY W-O CC-MCC," 28,023 "
1070999 - UNC HOSPITALS,149,DYSEQUILIBRIUM," 28,151 "
1070999 - UNC HOSPITALS,150,EPISTAXIS W MCC," 23,234 "
1070999 - UNC HOSPITALS,151,EPISTAXIS W-O MCC," 23,061 "
1070999 - UNC HOSPITALS,152,OTITIS MEDIA AND URI W MCC," 24,448 "
1070999 - UNC HOSPITALS,153,OTITIS MEDIA AND URI W-O MCC," 12,804 "
1070999 - UNC HOSPITALS,154,OTHER EAR NOSE MOUTH AND THROAT DIAGNOSES W MCC," 46,726 "
1070999 - UNC HOSPITALS,155,OTHER EAR NOSE MOUTH AND THROAT DIAGNOSES W CC," 23,316 "
1070999 - UNC HOSPITALS,156,OTHER EAR NOSE MOUTH AND THROAT DIAGNOSES W-O CC-MCC," 17,255 "
1070999 - UNC HOSPITALS,157,DENTAL AND ORAL DISEASES W MCC," 55,766 "
1070999 - UNC HOSPITALS,158,DENTAL AND ORAL DISEASES W CC," 20,776 "
1070999 - UNC HOSPITALS,159,DENTAL AND ORAL DISEASES W-O CC-MCC," 17,655 "
1070999 - UNC HOSPITALS,163,MAJOR CHEST PROCEDURES W MCC," 117,450 "
1070999 - UNC HOSPITALS,164,MAJOR CHEST PROCEDURES W CC," 54,099 "
1070999 - UNC HOSPITALS,165,MAJOR CHEST PROCEDURES W-O CC-MCC," 42,867 "
1070999 - UNC HOSPITALS,166,OTHER RESP SYSTEM O.R. PROCEDURES W MCC," 108,115 "
1070999 - UNC HOSPITALS,167,OTHER RESP SYSTEM O.R. PROCEDURES W CC," 46,105 "
1070999 - UNC HOSPITALS,168,OTHER RESP SYSTEM O.R. PROCEDURES W-O CC-MCC," 34,351 "
1070999 - UNC HOSPITALS,175,PULMONARY EMBOLISM W MCC," 38,622 "
1070999 - UNC HOSPITALS,176,PULMONARY EMBOLISM W-O MCC," 22,365 "
1070999 - UNC HOSPITALS,177,RESPIRATORY INFECTIONS AND INFLAMMATIONS W MCC," 54,132 "
1070999 - UNC HOSPITALS,178,RESPIRATORY INFECTIONS AND INFLAMMATIONS W CC," 34,430 "
1070999 - UNC HOSPITALS,179,RESPIRATORY INFECTIONS AND INFLAMMATIONS W-O CC-MCC," 21,438 "
1070999 - UNC HOSPITALS,180,RESPIRATORY NEOPLASMS W MCC," 46,241 "
1070999 - UNC HOSPITALS,181,RESPIRATORY NEOPLASMS W CC," 26,603 "
1070999 - UNC HOSPITALS,182,RESPIRATORY NEOPLASMS W-O CC-MCC," 34,120 "
1070999 - UNC HOSPITALS,183,MAJOR CHEST TRAUMA W MCC," 33,408 "
1070999 - UNC HOSPITALS,184,MAJOR CHEST TRAUMA W CC," 31,508 "
1070999 - UNC HOSPITALS,185,MAJOR CHEST TRAUMA W-O CC-MCC," 27,899 "
1070999 - UNC HOSPITALS,186,PLEURAL EFFUSION W MCC," 29,872 "
1070999 - UNC HOSPITALS,187,PLEURAL EFFUSION W CC," 36,407 "
1070999 - UNC HOSPITALS,188,PLEURAL EFFUSION W-O CC-MCC," 22,861 "
1070999 - UNC HOSPITALS,189,PULMONARY EDEMA AND RESPIRATORY FAILURE," 41,661 "
1070999 - UNC HOSPITALS,190,CHRONIC OBSTRUCTIVE PULMONARY DISEASE W MCC," 50,884 "
1070999 - UNC HOSPITALS,191,CHRONIC OBSTRUCTIVE PULMONARY DISEASE W CC," 21,276 "
1070999 - UNC HOSPITALS,192,CHRONIC OBSTRUCTIVE PULMONARY DISEASE W-O CC-MCC," 17,595 "
1070999 - UNC HOSPITALS,193,SIMPLE PNEUMONIA AND PLEURISY W MCC," 35,224 "
1070999 - UNC HOSPITALS,194,SIMPLE PNEUMONIA AND PLEURISY W CC," 19,569 "
1070999 - UNC HOSPITALS,195,SIMPLE PNEUMONIA AND PLEURISY W-O CC-MCC," 11,382 "
1070999 - UNC HOSPITALS,196,INTERSTITIAL LUNG DISEASE W MCC," 55,659 "
1070999 - UNC HOSPITALS,197,INTERSTITIAL LUNG DISEASE W CC," 33,880 "
1070999 - UNC HOSPITALS,198,INTERSTITIAL LUNG DISEASE W-O CC-MCC," 21,418 "
1070999 - UNC HOSPITALS,199,PNEUMOTHORAX W MCC," 38,353 "
1070999 - UNC HOSPITALS,200,PNEUMOTHORAX W CC," 27,648 "
1070999 - UNC HOSPITALS,201,PNEUMOTHORAX W-O CC-MCC," 11,970 "
1070999 - UNC HOSPITALS,202,BRONCHITIS AND ASTHMA W CC-MCC," 22,400 "
1070999 - UNC HOSPITALS,203,BRONCHITIS AND ASTHMA W-O CC-MCC," 11,922 "
1070999 - UNC HOSPITALS,204,RESPIRATORY SIGNS AND SYMPTOMS," 16,861 "
1070999 - UNC HOSPITALS,205,OTHER RESPIRATORY SYSTEM DIAGNOSES W MCC," 43,590 "
1070999 - UNC HOSPITALS,206,OTHER RESPIRATORY SYSTEM DIAGNOSES W-O MCC," 23,205 "
1070999 - UNC HOSPITALS,207,RESPIRATORY SYSTEM DIAGNOSIS W VENTILATOR SUPPORT GREATER THAN 96 HOURS," 137,198 "
1070999 - UNC HOSPITALS,208,RESPIRATORY SYSTEM DIAGNOSIS W VENTILATOR SUPPORT LESS THAN =96 HOURS," 70,658 "
1070999 - UNC HOSPITALS,215,OTHER HEART ASSIST SYSTEM IMPLANT," 219,831 "
1070999 - UNC HOSPITALS,216,CARDIAC VALVE AND OTH MAJ CARDIOTHORACIC PROC W CARD CATH W MCC," 272,742 "
1070999 - UNC HOSPITALS,217,CARDIAC VALVE AND OTH MAJ CARDIOTHORACIC PROC W CARD CATH W CC," 150,027 "
1070999 - UNC HOSPITALS,218,CARDIAC VALVE AND OTH MAJ CARDIOTHORACIC PROC W CARD CATH W-O CC-MCC," 52,148 "
1070999 - UNC HOSPITALS,219,CARDIAC VALVE AND OTH MAJ CARDIOTHORACIC PROC W-O CARD CATH W MCC," 211,070 "
1070999 - UNC HOSPITALS,220,CARDIAC VALVE AND OTH MAJ CARDIOTHORACIC PROC W-O CARD CATH W CC," 108,415 "
1070999 - UNC HOSPITALS,221,CARDIAC VALVE AND OTH MAJ CARDIOTHORACIC PROC W-O CARD CATH W-O CC-MCC," 79,056 "
1070999 - UNC HOSPITALS,222,CARDIAC DEFIB IMPLANT W CARDIAC CATH W AMI-HF-SHOCK W MCC," 149,972 "
1070999 - UNC HOSPITALS,223,CARDIAC DEFIB IMPLANT W CARDIAC CATH W AMI-HF-SHOCK W-O MCC," 155,703 "
1070999 - UNC HOSPITALS,224,CARDIAC DEFIB IMPLANT W CARDIAC CATH W-O AMI-HF-SHOCK W MCC," 168,597 "
1070999 - UNC HOSPITALS,225,CARDIAC DEFIB IMPLANT W CARDIAC CATH W-O AMI-HF-SHOCK W-O MCC," 159,967 "
1070999 - UNC HOSPITALS,226,CARDIAC DEFIBRILLATOR IMPLANT W-O CARDIAC CATH W MCC," 154,819 "
1070999 - UNC HOSPITALS,227,CARDIAC DEFIBRILLATOR IMPLANT W-O CARDIAC CATH W-O MCC," 115,459 "
1070999 - UNC HOSPITALS,228,OTHER CARDIOTHORACIC PROCEDURES W MCC," 160,079 "
1070999 - UNC HOSPITALS,229,OTHER CARDIOTHORACIC PROCEDURES W-O MCC," 83,837 "
1070999 - UNC HOSPITALS,231,CORONARY BYPASS W PTCA W MCC," 171,826 "
1070999 - UNC HOSPITALS,232,CORONARY BYPASS W PTCA W-O MCC," 168,178 "
1070999 - UNC HOSPITALS,233,CORONARY BYPASS W CARDIAC CATH W MCC," 158,848 "
1070999 - UNC HOSPITALS,234,CORONARY BYPASS W CARDIAC CATH W-O MCC," 103,552 "
1070999 - UNC HOSPITALS,235,CORONARY BYPASS W-O CARDIAC CATH W MCC," 108,767 "
1070999 - UNC HOSPITALS,236,CORONARY BYPASS W-O CARDIAC CATH W-O MCC," 76,674 "
1070999 - UNC HOSPITALS,239,AMPUTATION FOR CIRC SYS DISORDERS EXC UPPER LIMB AND TOE W MCC," 144,596 "
1070999 - UNC HOSPITALS,240,AMPUTATION FOR CIRC SYS DISORDERS EXC UPPER LIMB AND TOE W CC," 67,835 "
1070999 - UNC HOSPITALS,241,AMPUTATION FOR CIRC SYS DISORDERS EXC UPPER LIMB AND TOE W-O CC-MCC," 48,559 "
1070999 - UNC HOSPITALS,242,PERMANENT CARDIAC PACEMAKER IMPLANT W MCC," 81,800 "
1070999 - UNC HOSPITALS,243,PERMANENT CARDIAC PACEMAKER IMPLANT W CC," 57,860 "
1070999 - UNC HOSPITALS,244,PERMANENT CARDIAC PACEMAKER IMPLANT W-O CC-MCC," 53,225 "
1070999 - UNC HOSPITALS,245,AICD GENERATOR PROCEDURES," 104,061 "
1070999 - UNC HOSPITALS,246,PERCUTANEOUS CARDIOVASCULAR PROCEDURES W DRUG-ELUTING STENT W MCC OR 4+ ARTERIES OR STENTS," 79,062 "
1070999 - UNC HOSPITALS,247,PERC CARDIOVASC PROC W DRUG-ELUTING STENT W-O MCC," 60,137 "
1070999 - UNC HOSPITALS,249,PERC CARDIOVASC PROC W NON-DRUG-ELUTING STENT W-O MCC," 58,086 "
1070999 - UNC HOSPITALS,250,PERC CARDIOVASC PROC W-O CORONARY ARTERY STENT W MCC," 49,450 "
1070999 - UNC HOSPITALS,251,PERC CARDIOVASC PROC W-O CORONARY ARTERY STENT W-O MCC," 36,026 "
1070999 - UNC HOSPITALS,252,OTHER VASCULAR PROCEDURES W MCC," 92,952 "
1070999 - UNC HOSPITALS,253,OTHER VASCULAR PROCEDURES W CC," 62,218 "
1070999 - UNC HOSPITALS,254,OTHER VASCULAR PROCEDURES W-O CC-MCC," 43,514 "
1070999 - UNC HOSPITALS,255,UPPER LIMB AND TOE AMPUTATION FOR CIRC SYSTEM DISORDERS W MCC," 71,394 "
1070999 - UNC HOSPITALS,256,UPPER LIMB AND TOE AMPUTATION FOR CIRC SYSTEM DISORDERS W CC," 30,284 "
1070999 - UNC HOSPITALS,260,CARDIAC PACEMAKER REVISION EXCEPT DEVICE REPLACEMENT W MCC," 104,155 "
1070999 - UNC HOSPITALS,261,CARDIAC PACEMAKER REVISION EXCEPT DEVICE REPLACEMENT W CC," 45,199 "
1070999 - UNC HOSPITALS,264,OTHER CIRCULATORY SYSTEM O.R. PROCEDURES," 85,608 "
1070999 - UNC HOSPITALS,265,AICD LEAD PROCEDURES," 122,769 "
1070999 - UNC HOSPITALS,266,ENDOVASCULAR CARDIAC VALVE REPLACEMENT W MCC," 123,711 "
1070999 - UNC HOSPITALS,267,ENDOVASCULAR CARDIAC VALVE REPLACEMENT W-O MCC," 88,986 "
1070999 - UNC HOSPITALS,268,AORTIC AND HEART ASSIST PROCEDURES EXCEPT PULSATION BALLOON W MCC," 179,491 "
1070999 - UNC HOSPITALS,269,AORTIC AND HEART ASSIST PROCEDURES EXCEPT PULSATION BALLOON W-O MCC," 115,568 "
1070999 - UNC HOSPITALS,270,OTHER MAJOR CARDIOVASCULAR PROCEDURES W MCC," 150,019 "
1070999 - UNC HOSPITALS,271,OTHER MAJOR CARDIOVASCULAR PROCEDURES W CC," 64,023 "
1070999 - UNC HOSPITALS,272,OTHER MAJOR CARDIOVASCULAR PROCEDURES W-O CC-MCC," 61,097 "
1070999 - UNC HOSPITALS,273,PERCUTANEOUS INTRACARDIAC PROCEDURES W MCC," 102,580 "
1070999 - UNC HOSPITALS,274,PERCUTANEOUS INTRACARDIAC PROCEDURES W-O MCC," 72,503 "
1070999 - UNC HOSPITALS,280,ACUTE MYOCARDIAL INFARCTION DISCHARGED ALIVE W MCC," 43,866 "
1070999 - UNC HOSPITALS,281,ACUTE MYOCARDIAL INFARCTION DISCHARGED ALIVE W CC," 21,800 "
1070999 - UNC HOSPITALS,282,ACUTE MYOCARDIAL INFARCTION DISCHARGED ALIVE W-O CC-MCC," 16,429 "
1070999 - UNC HOSPITALS,283,ACUTE MYOCARDIAL INFARCTION EXPIRED W MCC," 38,571 "
1070999 - UNC HOSPITALS,286,CIRCULATORY DISORDERS EXCEPT AMI W CARD CATH W MCC," 84,100 "
1070999 - UNC HOSPITALS,287,CIRCULATORY DISORDERS EXCEPT AMI W CARD CATH W-O MCC," 37,448 "
1070999 - UNC HOSPITALS,288,ACUTE AND SUBACUTE ENDOCARDITIS W MCC," 76,233 "
1070999 - UNC HOSPITALS,289,ACUTE AND SUBACUTE ENDOCARDITIS W CC," 36,762 "
1070999 - UNC HOSPITALS,290,ACUTE AND SUBACUTE ENDOCARDITIS W-O CC-MCC," 15,091 "
1070999 - UNC HOSPITALS,291,HEART FAILURE AND SHOCK W MCC," 35,783 "
1070999 - UNC HOSPITALS,292,HEART FAILURE AND SHOCK W CC," 23,520 "
1070999 - UNC HOSPITALS,293,HEART FAILURE AND SHOCK W-O CC-MCC," 14,655 "
1070999 - UNC HOSPITALS,294,DEEP VEIN THROMBOPHLEBITIS W CC-MCC," 19,445 "
1070999 - UNC HOSPITALS,296,CARDIAC ARREST UNEXPLAINED W MCC," 39,099 "
1070999 - UNC HOSPITALS,298,CARDIAC ARREST UNEXPLAINED W-O CC-MCC," 6,533 "
1070999 - UNC HOSPITALS,299,PERIPHERAL VASCULAR DISORDERS W MCC," 58,131 "
1070999 - UNC HOSPITALS,300,PERIPHERAL VASCULAR DISORDERS W CC," 32,562 "
1070999 - UNC HOSPITALS,301,PERIPHERAL VASCULAR DISORDERS W-O CC-MCC," 17,704 "
1070999 - UNC HOSPITALS,302,ATHEROSCLEROSIS W MCC," 29,149 "
1070999 - UNC HOSPITALS,303,ATHEROSCLEROSIS W-O MCC," 15,342 "
1070999 - UNC HOSPITALS,304,HYPERTENSION W MCC," 30,892 "
1070999 - UNC HOSPITALS,305,HYPERTENSION W-O MCC," 22,051 "
1070999 - UNC HOSPITALS,306,CARDIAC CONGENITAL AND VALVULAR DISORDERS W MCC," 33,138 "
1070999 - UNC HOSPITALS,307,CARDIAC CONGENITAL AND VALVULAR DISORDERS W-O MCC," 16,103 "
1070999 - UNC HOSPITALS,308,CARDIAC ARRHYTHMIA AND CONDUCTION DISORDERS W MCC," 30,377 "
1070999 - UNC HOSPITALS,309,CARDIAC ARRHYTHMIA AND CONDUCTION DISORDERS W CC," 17,932 "
1070999 - UNC HOSPITALS,310,CARDIAC ARRHYTHMIA AND CONDUCTION DISORDERS W-O CC-MCC," 10,835 "
1070999 - UNC HOSPITALS,311,ANGINA PECTORIS," 12,631 "
1070999 - UNC HOSPITALS,312,SYNCOPE AND COLLAPSE," 21,976 "
1070999 - UNC HOSPITALS,313,CHEST PAIN," 15,703 "
1070999 - UNC HOSPITALS,314,OTHER CIRCULATORY SYSTEM DIAGNOSES W MCC," 72,392 "
1070999 - UNC HOSPITALS,315,OTHER CIRCULATORY SYSTEM DIAGNOSES W CC," 30,618 "
1070999 - UNC HOSPITALS,316,OTHER CIRCULATORY SYSTEM DIAGNOSES W-O CC-MCC," 19,691 "
1070999 - UNC HOSPITALS,326,STOMACH ESOPHAGEAL AND DUODENAL PROC W MCC," 130,782 "
1070999 - UNC HOSPITALS,327,STOMACH ESOPHAGEAL AND DUODENAL PROC W CC," 62,023 "
1070999 - UNC HOSPITALS,328,STOMACH ESOPHAGEAL AND DUODENAL PROC W-O CC-MCC," 33,134 "
1070999 - UNC HOSPITALS,329,MAJOR SMALL AND LARGE BOWEL PROCEDURES W MCC," 111,230 "
1070999 - UNC HOSPITALS,330,MAJOR SMALL AND LARGE BOWEL PROCEDURES W CC," 53,047 "
1070999 - UNC HOSPITALS,331,MAJOR SMALL AND LARGE BOWEL PROCEDURES W-O CC-MCC," 35,791 "
1070999 - UNC HOSPITALS,332,RECTAL RESECTION W MCC," 50,458 "
1070999 - UNC HOSPITALS,333,RECTAL RESECTION W CC," 58,794 "
1070999 - UNC HOSPITALS,334,RECTAL RESECTION W-O CC-MCC," 35,946 "
1070999 - UNC HOSPITALS,335,PERITONEAL ADHESIOLYSIS W MCC," 123,212 "
1070999 - UNC HOSPITALS,336,PERITONEAL ADHESIOLYSIS W CC," 49,642 "
1070999 - UNC HOSPITALS,337,PERITONEAL ADHESIOLYSIS W-O CC-MCC," 39,151 "
1070999 - UNC HOSPITALS,338,APPENDECTOMY W COMPLICATED PRINCIPAL DIAG W MCC," 77,831 "
1070999 - UNC HOSPITALS,339,APPENDECTOMY W COMPLICATED PRINCIPAL DIAG W CC," 42,769 "
1070999 - UNC HOSPITALS,340,APPENDECTOMY W COMPLICATED PRINCIPAL DIAG W-O CC-MCC," 31,277 "
1070999 - UNC HOSPITALS,341,APPENDECTOMY W-O COMPLICATED PRINCIPAL DIAG W MCC," 51,130 "
1070999 - UNC HOSPITALS,342,APPENDECTOMY W-O COMPLICATED PRINCIPAL DIAG W CC," 33,773 "
1070999 - UNC HOSPITALS,343,APPENDECTOMY W-O COMPLICATED PRINCIPAL DIAG W-O CC-MCC," 23,150 "
1070999 - UNC HOSPITALS,344,MINOR SMALL AND LARGE BOWEL PROCEDURES W MCC," 48,310 "
1070999 - UNC HOSPITALS,345,MINOR SMALL AND LARGE BOWEL PROCEDURES W CC," 31,089 "
1070999 - UNC HOSPITALS,346,MINOR SMALL AND LARGE BOWEL PROCEDURES W-O CC-MCC," 23,683 "
1070999 - UNC HOSPITALS,347,ANAL AND STOMAL PROCEDURES W MCC," 190,529 "
1070999 - UNC HOSPITALS,348,ANAL AND STOMAL PROCEDURES W CC," 41,429 "
1070999 - UNC HOSPITALS,349,ANAL AND STOMAL PROCEDURES W-O CC-MCC," 19,832 "
1070999 - UNC HOSPITALS,350,INGUINAL AND FEMORAL HERNIA PROCEDURES W MCC," 62,560 "
1070999 - UNC HOSPITALS,351,INGUINAL AND FEMORAL HERNIA PROCEDURES W CC," 32,794 "
1070999 - UNC HOSPITALS,352,INGUINAL AND FEMORAL HERNIA PROCEDURES W-O CC-MCC," 23,078 "
1070999 - UNC HOSPITALS,353,HERNIA PROCEDURES EXCEPT INGUINAL AND FEMORAL W MCC," 185,607 "
1070999 - UNC HOSPITALS,354,HERNIA PROCEDURES EXCEPT INGUINAL AND FEMORAL W CC," 33,238 "
1070999 - UNC HOSPITALS,355,HERNIA PROCEDURES EXCEPT INGUINAL AND FEMORAL W-O CC-MCC," 28,193 "
1070999 - UNC HOSPITALS,356,OTHER DIGESTIVE SYSTEM O.R. PROCEDURES W MCC," 81,524 "
1070999 - UNC HOSPITALS,357,OTHER DIGESTIVE SYSTEM O.R. PROCEDURES W CC," 48,170 "
1070999 - UNC HOSPITALS,358,OTHER DIGESTIVE SYSTEM O.R. PROCEDURES W-O CC-MCC," 32,753 "
1070999 - UNC HOSPITALS,368,MAJOR ESOPHAGEAL DISORDERS W MCC," 34,692 "
1070999 - UNC HOSPITALS,369,MAJOR ESOPHAGEAL DISORDERS W CC," 25,643 "
1070999 - UNC HOSPITALS,370,MAJOR ESOPHAGEAL DISORDERS W-O CC-MCC," 27,076 "
1070999 - UNC HOSPITALS,371,MAJOR GASTROINTESTINAL DISORDERS AND PERITONEAL INFECTIONS W MCC," 45,888 "
1070999 - UNC HOSPITALS,372,MAJOR GASTROINTESTINAL DISORDERS AND PERITONEAL INFECTIONS W CC," 25,619 "
1070999 - UNC HOSPITALS,373,MAJOR GASTROINTESTINAL DISORDERS AND PERITONEAL INFECTIONS W-O CC-MCC," 20,183 "
1070999 - UNC HOSPITALS,374,DIGESTIVE MALIGNANCY W MCC," 56,098 "
1070999 - UNC HOSPITALS,375,DIGESTIVE MALIGNANCY W CC," 32,623 "
1070999 - UNC HOSPITALS,376,DIGESTIVE MALIGNANCY W-O CC-MCC," 20,800 "
1070999 - UNC HOSPITALS,377,G.I. HEMORRHAGE W MCC," 44,607 "
1070999 - UNC HOSPITALS,378,G.I. HEMORRHAGE W CC," 26,320 "
1070999 - UNC HOSPITALS,379,G.I. HEMORRHAGE W-O CC-MCC," 12,203 "
1070999 - UNC HOSPITALS,380,COMPLICATED PEPTIC ULCER W MCC," 43,251 "
1070999 - UNC HOSPITALS,381,COMPLICATED PEPTIC ULCER W CC," 28,719 "
1070999 - UNC HOSPITALS,382,COMPLICATED PEPTIC ULCER W-O CC-MCC," 23,999 "
1070999 - UNC HOSPITALS,383,UNCOMPLICATED PEPTIC ULCER W MCC," 48,105 "
1070999 - UNC HOSPITALS,384,UNCOMPLICATED PEPTIC ULCER W-O MCC," 22,978 "
1070999 - UNC HOSPITALS,385,INFLAMMATORY BOWEL DISEASE W MCC," 34,961 "
1070999 - UNC HOSPITALS,386,INFLAMMATORY BOWEL DISEASE W CC," 26,497 "
1070999 - UNC HOSPITALS,387,INFLAMMATORY BOWEL DISEASE W-O CC-MCC," 22,489 "
1070999 - UNC HOSPITALS,388,G.I. OBSTRUCTION W MCC," 41,987 "
1070999 - UNC HOSPITALS,389,G.I. OBSTRUCTION W CC," 21,438 "
1070999 - UNC HOSPITALS,390,G.I. OBSTRUCTION W-O CC-MCC," 13,630 "
1070999 - UNC HOSPITALS,391,ESOPHAGITIS GASTROENT AND MISC DIGEST DISORDERS W MCC," 35,098 "
1070999 - UNC HOSPITALS,392,ESOPHAGITIS GASTROENT AND MISC DIGEST DISORDERS W-O MCC," 19,976 "
1070999 - UNC HOSPITALS,393,OTHER DIGESTIVE SYSTEM DIAGNOSES W MCC," 38,192 "
1070999 - UNC HOSPITALS,394,OTHER DIGESTIVE SYSTEM DIAGNOSES W CC," 24,383 "
1070999 - UNC HOSPITALS,395,OTHER DIGESTIVE SYSTEM DIAGNOSES W-O CC-MCC," 17,674 "
1070999 - UNC HOSPITALS,405,PANCREAS LIVER AND SHUNT PROCEDURES W MCC," 136,870 "
1070999 - UNC HOSPITALS,406,PANCREAS LIVER AND SHUNT PROCEDURES W CC," 67,351 "
1070999 - UNC HOSPITALS,407,PANCREAS LIVER AND SHUNT PROCEDURES W-O CC-MCC," 40,438 "
1070999 - UNC HOSPITALS,408,BILIARY TRACT PROC EXCEPT ONLY CHOLECYST W OR W-O C.D.E. W MCC," 122,879 "
1070999 - UNC HOSPITALS,409,BILIARY TRACT PROC EXCEPT ONLY CHOLECYST W OR W-O C.D.E. W CC," 110,642 "
1070999 - UNC HOSPITALS,410,BILIARY TRACT PROC EXCEPT ONLY CHOLECYST W OR W-O C.D.E. W-O CC-MCC," 53,558 "
1070999 - UNC HOSPITALS,414,CHOLECYSTECTOMY EXCEPT BY LAPAROSCOPE W-O C.D.E. W MCC," 78,763 "
1070999 - UNC HOSPITALS,415,CHOLECYSTECTOMY EXCEPT BY LAPAROSCOPE W-O C.D.E. W CC," 49,985 "
1070999 - UNC HOSPITALS,416,CHOLECYSTECTOMY EXCEPT BY LAPAROSCOPE W-O C.D.E. W-O CC-MCC," 27,872 "
1070999 - UNC HOSPITALS,417,LAPAROSCOPIC CHOLECYSTECTOMY W-O C.D.E. W MCC," 46,980 "
1070999 - UNC HOSPITALS,418,LAPAROSCOPIC CHOLECYSTECTOMY W-O C.D.E. W CC," 42,068 "
1070999 - UNC HOSPITALS,419,LAPAROSCOPIC CHOLECYSTECTOMY W-O C.D.E. W-O CC-MCC," 33,089 "
1070999 - UNC HOSPITALS,420,HEPATOBILIARY DIAGNOSTIC PROCEDURES W MCC," 130,757 "
1070999 - UNC HOSPITALS,421,HEPATOBILIARY DIAGNOSTIC PROCEDURES W CC," 49,115 "
1070999 - UNC HOSPITALS,422,HEPATOBILIARY DIAGNOSTIC PROCEDURES W-O CC-MCC," 36,622 "
1070999 - UNC HOSPITALS,423,OTHER HEPATOBILIARY OR PANCREAS O.R. PROCEDURES W MCC," 67,045 "
1070999 - UNC HOSPITALS,424,OTHER HEPATOBILIARY OR PANCREAS O.R. PROCEDURES W CC," 58,026 "
1070999 - UNC HOSPITALS,432,CIRRHOSIS AND ALCOHOLIC HEPATITIS W MCC," 63,950 "
1070999 - UNC HOSPITALS,433,CIRRHOSIS AND ALCOHOLIC HEPATITIS W CC," 28,488 "
1070999 - UNC HOSPITALS,434,CIRRHOSIS AND ALCOHOLIC HEPATITIS W-O CC-MCC," 19,966 "
1070999 - UNC HOSPITALS,435,MALIGNANCY OF HEPATOBILIARY SYSTEM OR PANCREAS W MCC," 39,035 "
1070999 - UNC HOSPITALS,436,MALIGNANCY OF HEPATOBILIARY SYSTEM OR PANCREAS W CC," 35,857 "
1070999 - UNC HOSPITALS,437,MALIGNANCY OF HEPATOBILIARY SYSTEM OR PANCREAS W-O CC-MCC," 22,204 "
1070999 - UNC HOSPITALS,438,DISORDERS OF PANCREAS EXCEPT MALIGNANCY W MCC," 47,450 "
1070999 - UNC HOSPITALS,439,DISORDERS OF PANCREAS EXCEPT MALIGNANCY W CC," 25,829 "
1070999 - UNC HOSPITALS,440,DISORDERS OF PANCREAS EXCEPT MALIGNANCY W-O CC-MCC," 18,109 "
1070999 - UNC HOSPITALS,441,DISORDERS OF LIVER EXCEPT MALIGCIRRALC HEPA W MCC," 57,784 "
1070999 - UNC HOSPITALS,442,DISORDERS OF LIVER EXCEPT MALIGCIRRALC HEPA W CC," 29,032 "
1070999 - UNC HOSPITALS,443,DISORDERS OF LIVER EXCEPT MALIGCIRRALC HEPA W-O CC-MCC," 18,711 "
1070999 - UNC HOSPITALS,444,DISORDERS OF THE BILIARY TRACT W MCC," 34,863 "
1070999 - UNC HOSPITALS,445,DISORDERS OF THE BILIARY TRACT W CC," 28,785 "
1070999 - UNC HOSPITALS,446,DISORDERS OF THE BILIARY TRACT W-O CC-MCC," 18,749 "
1070999 - UNC HOSPITALS,453,COMBINED ANTERIOR-POSTERIOR SPINAL FUSION W MCC," 298,247 "
1070999 - UNC HOSPITALS,454,COMBINED ANTERIOR-POSTERIOR SPINAL FUSION W CC," 175,101 "
1070999 - UNC HOSPITALS,455,COMBINED ANTERIOR-POSTERIOR SPINAL FUSION W-O CC-MCC," 111,340 "
1070999 - UNC HOSPITALS,456,SPINAL FUS EXC CERV W SPINAL CURV-MALIG-INFEC OR EXT FUS W MCC," 150,130 "
1070999 - UNC HOSPITALS,457,SPINAL FUS EXC CERV W SPINAL CURV-MALIG-INFEC OR EXT FUS W CC," 143,027 "
1070999 - UNC HOSPITALS,458,SPINAL FUS EXC CERV W SPINAL CURV-MALIG-INFEC OR EXT FUS W-O CC-MCC," 120,407 "
1070999 - UNC HOSPITALS,459,SPINAL FUSION EXCEPT CERVICAL W MCC," 158,080 "
1070999 - UNC HOSPITALS,460,SPINAL FUSION EXCEPT CERVICAL W-O MCC," 92,526 "
1070999 - UNC HOSPITALS,463,WND DEBRID AND SKN GRFT EXC HAND FOR MUSCULO-CONN TISS DIS W MCC," 128,411 "
1070999 - UNC HOSPITALS,464,WND DEBRID AND SKN GRFT EXC HAND FOR MUSCULO-CONN TISS DIS W CC," 68,742 "
1070999 - UNC HOSPITALS,465,WND DEBRID AND SKN GRFT EXC HAND FOR MUSCULO-CONN TISS DIS W-O CC-MCC," 44,426 "
1070999 - UNC HOSPITALS,466,REVISION OF HIP OR KNEE REPLACEMENT W MCC," 297,633 "
1070999 - UNC HOSPITALS,467,REVISION OF HIP OR KNEE REPLACEMENT W CC," 91,694 "
1070999 - UNC HOSPITALS,468,REVISION OF HIP OR KNEE REPLACEMENT W-O CC-MCC," 91,044 "
1070999 - UNC HOSPITALS,469,MAJOR HIP AND KNEE JOINT REPLACEMENT OR REATTACHMENT OF LOWER EXTREMITY W MCC OR TOTAL ANKLE REPLACEMENT," 76,747 "
1070999 - UNC HOSPITALS,470,MAJOR HIP AND KNEE JOINT REPLACEMENT OR REATTACHMENT OF LOWER EXTREMITY W-O MCC," 48,657 "
1070999 - UNC HOSPITALS,471,CERVICAL SPINAL FUSION W MCC," 82,168 "
1070999 - UNC HOSPITALS,472,CERVICAL SPINAL FUSION W CC," 73,069 "
1070999 - UNC HOSPITALS,473,CERVICAL SPINAL FUSION W-O CC-MCC," 63,963 "
1070999 - UNC HOSPITALS,474,AMPUTATION FOR MUSCULOSKELETAL SYS AND CONN TISSUE DIS W MCC," 63,713 "
1070999 - UNC HOSPITALS,475,AMPUTATION FOR MUSCULOSKELETAL SYS AND CONN TISSUE DIS W CC," 49,659 "
1070999 - UNC HOSPITALS,476,AMPUTATION FOR MUSCULOSKELETAL SYS AND CONN TISSUE DIS W-O CC-MCC," 33,274 "
1070999 - UNC HOSPITALS,477,BIOPSIES OF MUSCULOSKELETAL SYSTEM AND CONNECTIVE TISSUE W MCC," 93,605 "
1070999 - UNC HOSPITALS,478,BIOPSIES OF MUSCULOSKELETAL SYSTEM AND CONNECTIVE TISSUE W CC," 45,977 "
1070999 - UNC HOSPITALS,479,BIOPSIES OF MUSCULOSKELETAL SYSTEM AND CONNECTIVE TISSUE W-O CC-MCC," 36,004 "
1070999 - UNC HOSPITALS,480,HIP AND FEMUR PROCEDURES EXCEPT MAJOR JOINT W MCC," 81,290 "
1070999 - UNC HOSPITALS,481,HIP AND FEMUR PROCEDURES EXCEPT MAJOR JOINT W CC," 45,418 "
1070999 - UNC HOSPITALS,482,HIP AND FEMUR PROCEDURES EXCEPT MAJOR JOINT W-O CC-MCC," 37,151 "
1070999 - UNC HOSPITALS,483,MAJOR JOINT-LIMB REATTACHMENT PROCEDURE OF UPPER EXTREMITIES," 51,584 "
1070999 - UNC HOSPITALS,485,KNEE PROCEDURES W PDX OF INFECTION W MCC," 97,590 "
1070999 - UNC HOSPITALS,486,KNEE PROCEDURES W PDX OF INFECTION W CC," 49,745 "
1070999 - UNC HOSPITALS,487,KNEE PROCEDURES W PDX OF INFECTION W-O CC-MCC," 37,425 "
1070999 - UNC HOSPITALS,488,KNEE PROCEDURES W-O PDX OF INFECTION W CC-MCC," 70,854 "
1070999 - UNC HOSPITALS,489,KNEE PROCEDURES W-O PDX OF INFECTION W-O CC-MCC," 52,635 "
1070999 - UNC HOSPITALS,492,LOWER EXTREM AND HUMER PROC EXCEPT HIPFOOTFEMUR W MCC," 122,192 "
1070999 - UNC HOSPITALS,493,LOWER EXTREM AND HUMER PROC EXCEPT HIPFOOTFEMUR W CC," 56,911 "
1070999 - UNC HOSPITALS,494,LOWER EXTREM AND HUMER PROC EXCEPT HIPFOOTFEMUR W-O CC-MCC," 36,978 "
1070999 - UNC HOSPITALS,495,LOCAL EXCISION AND REMOVAL INT FIX DEVICES EXC HIP AND FEMUR W MCC," 100,491 "
1070999 - UNC HOSPITALS,496,LOCAL EXCISION AND REMOVAL INT FIX DEVICES EXC HIP AND FEMUR W CC," 43,446 "
1070999 - UNC HOSPITALS,497,LOCAL EXCISION AND REMOVAL INT FIX DEVICES EXC HIP AND FEMUR W-O CC-MCC," 34,480 "
1070999 - UNC HOSPITALS,498,LOCAL EXCISION AND REMOVAL INT FIX DEVICES OF HIP AND FEMUR W CC-MCC," 57,143 "
1070999 - UNC HOSPITALS,499,LOCAL EXCISION AND REMOVAL INT FIX DEVICES OF HIP AND FEMUR W-O CC-MCC," 36,216 "
1070999 - UNC HOSPITALS,500,SOFT TISSUE PROCEDURES W MCC," 106,800 "
1070999 - UNC HOSPITALS,501,SOFT TISSUE PROCEDURES W CC," 57,237 "
1070999 - UNC HOSPITALS,502,SOFT TISSUE PROCEDURES W-O CC-MCC," 35,104 "
1070999 - UNC HOSPITALS,503,FOOT PROCEDURES W MCC," 67,530 "
1070999 - UNC HOSPITALS,504,FOOT PROCEDURES W CC," 50,870 "
1070999 - UNC HOSPITALS,505,FOOT PROCEDURES W-O CC-MCC," 27,743 "
1070999 - UNC HOSPITALS,506,MAJOR THUMB OR JOINT PROCEDURES," 36,347 "
1070999 - UNC HOSPITALS,507,MAJOR SHOULDER OR ELBOW JOINT PROCEDURES W CC-MCC," 69,126 "
1070999 - UNC HOSPITALS,510,SHOULDERELBOW OR FOREARM PROCEXC MAJOR JOINT PROC W MCC," 97,417 "
1070999 - UNC HOSPITALS,511,SHOULDERELBOW OR FOREARM PROCEXC MAJOR JOINT PROC W CC," 44,444 "
1070999 - UNC HOSPITALS,512,SHOULDERELBOW OR FOREARM PROCEXC MAJOR JOINT PROC W-O CC-MCC," 45,666 "
1070999 - UNC HOSPITALS,513,HAND OR WRIST PROC EXCEPT MAJOR THUMB OR JOINT PROC W CC-MCC," 44,151 "
1070999 - UNC HOSPITALS,514,HAND OR WRIST PROC EXCEPT MAJOR THUMB OR JOINT PROC W-O CC-MCC," 30,345 "
1070999 - UNC HOSPITALS,515,OTHER MUSCULOSKELET SYS AND CONN TISS O.R. PROC W MCC," 187,289 "
1070999 - UNC HOSPITALS,516,OTHER MUSCULOSKELET SYS AND CONN TISS O.R. PROC W CC," 54,710 "
1070999 - UNC HOSPITALS,517,OTHER MUSCULOSKELET SYS AND CONN TISS O.R. PROC W-O CC-MCC," 39,594 "
1070999 - UNC HOSPITALS,518,BACK AND NECK PROC EXC SPINAL FUSION W MCC OR DISC DEVICE-NEUROSTIM," 90,809 "
1070999 - UNC HOSPITALS,519,BACK AND NECK PROC EXC SPINAL FUSION W CC," 62,997 "
1070999 - UNC HOSPITALS,520,BACK AND NECK PROC EXC SPINAL FUSION W-O CC-MCC," 69,111 "
1070999 - UNC HOSPITALS,533,FRACTURES OF FEMUR W MCC," 107,612 "
1070999 - UNC HOSPITALS,534,FRACTURES OF FEMUR W-O MCC," 11,789 "
1070999 - UNC HOSPITALS,535,FRACTURES OF HIP AND PELVIS W MCC," 26,862 "
1070999 - UNC HOSPITALS,536,FRACTURES OF HIP AND PELVIS W-O MCC," 21,103 "
1070999 - UNC HOSPITALS,537,SPRAINS STRAINS AND DISLOCATIONS OF HIP PELVIS AND THIGH W CC-MCC," 14,777 "
1070999 - UNC HOSPITALS,538,SPRAINS STRAINS AND DISLOCATIONS OF HIP PELVIS AND THIGH W-O CC-MCC," 7,963 "
1070999 - UNC HOSPITALS,539,OSTEOMYELITIS W MCC," 68,055 "
1070999 - UNC HOSPITALS,540,OSTEOMYELITIS W CC," 37,404 "
1070999 - UNC HOSPITALS,541,OSTEOMYELITIS W-O CC-MCC," 26,419 "
1070999 - UNC HOSPITALS,542,PATHOLOGICAL FRACTURES AND MUSCULOSKELET AND CONN TISS MALIG W MCC," 57,260 "
1070999 - UNC HOSPITALS,543,PATHOLOGICAL FRACTURES AND MUSCULOSKELET AND CONN TISS MALIG W CC," 42,842 "
1070999 - UNC HOSPITALS,544,PATHOLOGICAL FRACTURES AND MUSCULOSKELET AND CONN TISS MALIG W-O CC-MCC," 23,265 "
1070999 - UNC HOSPITALS,545,CONNECTIVE TISSUE DISORDERS W MCC," 69,055 "
1070999 - UNC HOSPITALS,546,CONNECTIVE TISSUE DISORDERS W CC," 40,662 "
1070999 - UNC HOSPITALS,547,CONNECTIVE TISSUE DISORDERS W-O CC-MCC," 42,618 "
1070999 - UNC HOSPITALS,548,SEPTIC ARTHRITIS W MCC," 56,885 "
1070999 - UNC HOSPITALS,549,SEPTIC ARTHRITIS W CC," 55,797 "
1070999 - UNC HOSPITALS,550,SEPTIC ARTHRITIS W-O CC-MCC," 15,520 "
1070999 - UNC HOSPITALS,551,MEDICAL BACK PROBLEMS W MCC," 69,885 "
1070999 - UNC HOSPITALS,552,MEDICAL BACK PROBLEMS W-O MCC," 27,952 "
1070999 - UNC HOSPITALS,553,BONE DISEASES AND ARTHROPATHIES W MCC," 497,928 "
1070999 - UNC HOSPITALS,554,BONE DISEASES AND ARTHROPATHIES W-O MCC," 25,133 "
1070999 - UNC HOSPITALS,555,SIGNS AND SYMPTOMS OF MUSCULOSKELETAL SYSTEM AND CONN TISSUE W MCC," 33,390 "
1070999 - UNC HOSPITALS,556,SIGNS AND SYMPTOMS OF MUSCULOSKELETAL SYSTEM AND CONN TISSUE W-O MCC," 24,967 "
1070999 - UNC HOSPITALS,557,TENDONITIS MYOSITIS AND BURSITIS W MCC," 44,546 "
1070999 - UNC HOSPITALS,558,TENDONITIS MYOSITIS AND BURSITIS W-O MCC," 26,426 "
1070999 - UNC HOSPITALS,559,AFTERCARE MUSCULOSKELETAL SYSTEM AND CONNECTIVE TISSUE W MCC," 75,113 "
1070999 - UNC HOSPITALS,560,AFTERCARE MUSCULOSKELETAL SYSTEM AND CONNECTIVE TISSUE W CC," 39,162 "
1070999 - UNC HOSPITALS,561,AFTERCARE MUSCULOSKELETAL SYSTEM AND CONNECTIVE TISSUE W-O CC-MCC," 29,908 "
1070999 - UNC HOSPITALS,562,FX SPRN STRN AND DISL EXCEPT FEMUR HIP PELVIS AND THIGH W MCC," 25,684 "
1070999 - UNC HOSPITALS,563,FX SPRN STRN AND DISL EXCEPT FEMUR HIP PELVIS AND THIGH W-O MCC," 22,401 "
1070999 - UNC HOSPITALS,564,OTHER MUSCULOSKELETAL SYS AND CONNECTIVE TISSUE DIAGNOSES W MCC," 39,166 "
1070999 - UNC HOSPITALS,565,OTHER MUSCULOSKELETAL SYS AND CONNECTIVE TISSUE DIAGNOSES W CC," 22,535 "
1070999 - UNC HOSPITALS,566,OTHER MUSCULOSKELETAL SYS AND CONNECTIVE TISSUE DIAGNOSES W-O CC-MCC," 19,819 "
1070999 - UNC HOSPITALS,570,SKIN DEBRIDEMENT W MCC," 98,671 "
1070999 - UNC HOSPITALS,571,SKIN DEBRIDEMENT W CC," 41,363 "
1070999 - UNC HOSPITALS,572,SKIN DEBRIDEMENT W-O CC-MCC," 28,872 "
1070999 - UNC HOSPITALS,573,SKIN GRAFT FOR SKIN ULCER OR CELLULITIS W MCC," 385,560 "
1070999 - UNC HOSPITALS,574,SKIN GRAFT FOR SKIN ULCER OR CELLULITIS W CC," 64,297 "
1070999 - UNC HOSPITALS,575,SKIN GRAFT FOR SKIN ULCER OR CELLULITIS W-O CC-MCC," 14,814 "
1070999 - UNC HOSPITALS,576,SKIN GRAFT EXC FOR SKIN ULCER OR CELLULITIS W MCC," 234,024 "
1070999 - UNC HOSPITALS,577,SKIN GRAFT EXC FOR SKIN ULCER OR CELLULITIS W CC," 75,266 "
1070999 - UNC HOSPITALS,578,SKIN GRAFT EXC FOR SKIN ULCER OR CELLULITIS W-O CC-MCC," 38,005 "
1070999 - UNC HOSPITALS,579,OTHER SKIN SUBCUT TISS AND BREAST PROC W MCC," 136,117 "
1070999 - UNC HOSPITALS,580,OTHER SKIN SUBCUT TISS AND BREAST PROC W CC," 33,120 "
1070999 - UNC HOSPITALS,581,OTHER SKIN SUBCUT TISS AND BREAST PROC W-O CC-MCC," 24,254 "
1070999 - UNC HOSPITALS,582,MASTECTOMY FOR MALIGNANCY W CC-MCC," 44,067 "
1070999 - UNC HOSPITALS,583,MASTECTOMY FOR MALIGNANCY W-O CC-MCC," 37,466 "
1070999 - UNC HOSPITALS,584,BREAST BIOPSY LOCAL EXCISION AND OTHER BREAST PROCEDURES W CC-MCC," 55,333 "
1070999 - UNC HOSPITALS,585,BREAST BIOPSY LOCAL EXCISION AND OTHER BREAST PROCEDURES W-O CC-MCC," 42,350 "
1070999 - UNC HOSPITALS,592,SKIN ULCERS W MCC," 27,892 "
1070999 - UNC HOSPITALS,593,SKIN ULCERS W CC," 19,030 "
1070999 - UNC HOSPITALS,595,MAJOR SKIN DISORDERS W MCC," 90,175 "
1070999 - UNC HOSPITALS,596,MAJOR SKIN DISORDERS W-O MCC," 27,369 "
1070999 - UNC HOSPITALS,597,MALIGNANT BREAST DISORDERS W MCC," 28,076 "
1070999 - UNC HOSPITALS,598,MALIGNANT BREAST DISORDERS W CC," 28,470 "
1070999 - UNC HOSPITALS,600,NON-MALIGNANT BREAST DISORDERS W CC-MCC," 37,034 "
1070999 - UNC HOSPITALS,601,NON-MALIGNANT BREAST DISORDERS W-O CC-MCC," 15,483 "
1070999 - UNC HOSPITALS,602,CELLULITIS W MCC," 34,122 "
1070999 - UNC HOSPITALS,603,CELLULITIS W-O MCC," 16,333 "
1070999 - UNC HOSPITALS,604,TRAUMA TO THE SKIN SUBCUT TISS AND BREAST W MCC," 113,001 "
1070999 - UNC HOSPITALS,605,TRAUMA TO THE SKIN SUBCUT TISS AND BREAST W-O MCC," 22,003 "
1070999 - UNC HOSPITALS,606,MINOR SKIN DISORDERS W MCC," 42,587 "
1070999 - UNC HOSPITALS,607,MINOR SKIN DISORDERS W-O MCC," 23,768 "
1070999 - UNC HOSPITALS,614,ADRENAL AND PITUITARY PROCEDURES W CC-MCC," 68,499 "
1070999 - UNC HOSPITALS,615,ADRENAL AND PITUITARY PROCEDURES W-O CC-MCC," 37,915 "
1070999 - UNC HOSPITALS,616,AMPUTAT OF LOWER LIMB FOR ENDOCRINENUTRITAND METABOL DIS W MCC," 72,155 "
1070999 - UNC HOSPITALS,617,AMPUTAT OF LOWER LIMB FOR ENDOCRINENUTRITAND METABOL DIS W CC," 46,284 "
1070999 - UNC HOSPITALS,619,O.R. PROCEDURES FOR OBESITY W MCC," 37,121 "
1070999 - UNC HOSPITALS,620,O.R. PROCEDURES FOR OBESITY W CC," 41,104 "
1070999 - UNC HOSPITALS,621,O.R. PROCEDURES FOR OBESITY W-O CC-MCC," 31,928 "
1070999 - UNC HOSPITALS,622,SKIN GRAFTS AND WOUND DEBRID FOR ENDOC NUTRIT AND METAB DIS W MCC," 52,212 "
1070999 - UNC HOSPITALS,623,SKIN GRAFTS AND WOUND DEBRID FOR ENDOC NUTRIT AND METAB DIS W CC," 45,298 "
1070999 - UNC HOSPITALS,624,SKIN GRAFTS AND WOUND DEBRID FOR ENDOC NUTRIT AND METAB DIS W-O CC-MCC," 14,773 "
1070999 - UNC HOSPITALS,625,THYROID PARATHYROID AND THYROGLOSSAL PROCEDURES W MCC," 48,151 "
1070999 - UNC HOSPITALS,626,THYROID PARATHYROID AND THYROGLOSSAL PROCEDURES W CC," 41,254 "
1070999 - UNC HOSPITALS,627,THYROID PARATHYROID AND THYROGLOSSAL PROCEDURES W-O CC-MCC," 26,414 "
1070999 - UNC HOSPITALS,628,OTHER ENDOCRINE NUTRIT AND METAB O.R. PROC W MCC," 173,780 "
1070999 - UNC HOSPITALS,629,OTHER ENDOCRINE NUTRIT AND METAB O.R. PROC W CC," 47,146 "
1070999 - UNC HOSPITALS,630,OTHER ENDOCRINE NUTRIT AND METAB O.R. PROC W-O CC-MCC," 27,792 "
1070999 - UNC HOSPITALS,637,DIABETES W MCC," 36,235 "
1070999 - UNC HOSPITALS,638,DIABETES W CC," 23,604 "
1070999 - UNC HOSPITALS,639,DIABETES W-O CC-MCC," 14,872 "
1070999 - UNC HOSPITALS,640,MISC DISORDERS OF NUTRITIONMETABOLISMFLUIDS-ELECTROLYTES W MCC," 32,616 "
1070999 - UNC HOSPITALS,641,MISC DISORDERS OF NUTRITIONMETABOLISMFLUIDS-ELECTROLYTES W-O MCC," 20,865 "
1070999 - UNC HOSPITALS,642,INBORN AND OTHER DISORDERS OF METABOLISM," 71,858 "
1070999 - UNC HOSPITALS,643,ENDOCRINE DISORDERS W MCC," 43,361 "
1070999 - UNC HOSPITALS,644,ENDOCRINE DISORDERS W CC," 23,150 "
1070999 - UNC HOSPITALS,645,ENDOCRINE DISORDERS W-O CC-MCC," 14,830 "
1070999 - UNC HOSPITALS,652,KIDNEY TRANSPLANT," 185,081 "
1070999 - UNC HOSPITALS,653,MAJOR BLADDER PROCEDURES W MCC," 126,899 "
1070999 - UNC HOSPITALS,654,MAJOR BLADDER PROCEDURES W CC," 58,652 "
1070999 - UNC HOSPITALS,655,MAJOR BLADDER PROCEDURES W-O CC-MCC," 47,688 "
1070999 - UNC HOSPITALS,656,KIDNEY AND URETER PROCEDURES FOR NEOPLASM W MCC," 84,416 "
1070999 - UNC HOSPITALS,657,KIDNEY AND URETER PROCEDURES FOR NEOPLASM W CC," 41,255 "
1070999 - UNC HOSPITALS,658,KIDNEY AND URETER PROCEDURES FOR NEOPLASM W-O CC-MCC," 29,724 "
1070999 - UNC HOSPITALS,659,KIDNEY AND URETER PROCEDURES FOR NON-NEOPLASM W MCC," 205,981 "
1070999 - UNC HOSPITALS,660,KIDNEY AND URETER PROCEDURES FOR NON-NEOPLASM W CC," 31,456 "
1070999 - UNC HOSPITALS,661,KIDNEY AND URETER PROCEDURES FOR NON-NEOPLASM W-O CC-MCC," 31,803 "
1070999 - UNC HOSPITALS,663,MINOR BLADDER PROCEDURES W CC," 23,919 "
1070999 - UNC HOSPITALS,664,MINOR BLADDER PROCEDURES W-O CC-MCC," 25,362 "
1070999 - UNC HOSPITALS,667,PROSTATECTOMY W-O CC-MCC," 14,872 "
1070999 - UNC HOSPITALS,668,TRANSURETHRAL PROCEDURES W MCC," 56,089 "
1070999 - UNC HOSPITALS,669,TRANSURETHRAL PROCEDURES W CC," 30,541 "
1070999 - UNC HOSPITALS,670,TRANSURETHRAL PROCEDURES W-O CC-MCC," 17,697 "
1070999 - UNC HOSPITALS,671,URETHRAL PROCEDURES W CC-MCC," 26,967 "
1070999 - UNC HOSPITALS,672,URETHRAL PROCEDURES W-O CC-MCC," 23,880 "
1070999 - UNC HOSPITALS,673,OTHER KIDNEY AND URINARY TRACT PROCEDURES W MCC," 116,771 "
1070999 - UNC HOSPITALS,674,OTHER KIDNEY AND URINARY TRACT PROCEDURES W CC," 49,201 "
1070999 - UNC HOSPITALS,675,OTHER KIDNEY AND URINARY TRACT PROCEDURES W-O CC-MCC," 29,479 "
1070999 - UNC HOSPITALS,682,RENAL FAILURE W MCC," 40,986 "
1070999 - UNC HOSPITALS,683,RENAL FAILURE W CC," 22,546 "
1070999 - UNC HOSPITALS,684,RENAL FAILURE W-O CC-MCC," 14,474 "
1070999 - UNC HOSPITALS,686,KIDNEY AND URINARY TRACT NEOPLASMS W MCC," 59,436 "
1070999 - UNC HOSPITALS,687,KIDNEY AND URINARY TRACT NEOPLASMS W CC," 24,889 "
1070999 - UNC HOSPITALS,689,KIDNEY AND URINARY TRACT INFECTIONS W MCC," 31,355 "
1070999 - UNC HOSPITALS,690,KIDNEY AND URINARY TRACT INFECTIONS W-O MCC," 18,175 "
1070999 - UNC HOSPITALS,693,URINARY STONES W-O ESW LITHOTRIPSY W MCC," 47,719 "
1070999 - UNC HOSPITALS,694,URINARY STONES W-O ESW LITHOTRIPSY W-O MCC," 23,166 "
1070999 - UNC HOSPITALS,695,KIDNEY AND URINARY TRACT SIGNS AND SYMPTOMS W MCC," 33,303 "
1070999 - UNC HOSPITALS,696,KIDNEY AND URINARY TRACT SIGNS AND SYMPTOMS W-O MCC," 14,193 "
1070999 - UNC HOSPITALS,697,URETHRAL STRICTURE," 18,899 "
1070999 - UNC HOSPITALS,698,OTHER KIDNEY AND URINARY TRACT DIAGNOSES W MCC," 42,985 "
1070999 - UNC HOSPITALS,699,OTHER KIDNEY AND URINARY TRACT DIAGNOSES W CC," 31,120 "
1070999 - UNC HOSPITALS,700,OTHER KIDNEY AND URINARY TRACT DIAGNOSES W-O CC-MCC," 26,328 "
1070999 - UNC HOSPITALS,707,MAJOR MALE PELVIC PROCEDURES W CC-MCC," 36,133 "
1070999 - UNC HOSPITALS,708,MAJOR MALE PELVIC PROCEDURES W-O CC-MCC," 28,916 "
1070999 - UNC HOSPITALS,709,PENIS PROCEDURES W CC-MCC," 39,285 "
1070999 - UNC HOSPITALS,710,PENIS PROCEDURES W-O CC-MCC," 22,901 "
1070999 - UNC HOSPITALS,711,TESTES PROCEDURES W CC-MCC," 31,850 "
1070999 - UNC HOSPITALS,712,TESTES PROCEDURES W-O CC-MCC," 18,832 "
1070999 - UNC HOSPITALS,713,TRANSURETHRAL PROSTATECTOMY W CC-MCC," 63,320 "
1070999 - UNC HOSPITALS,714,TRANSURETHRAL PROSTATECTOMY W-O CC-MCC," 13,118 "
1070999 - UNC HOSPITALS,715,OTHER MALE REPRODUCTIVE SYSTEM O.R. PROC FOR MALIGNANCY W CC-MCC," 144,191 "
1070999 - UNC HOSPITALS,716,OTHER MALE REPRODUCTIVE SYSTEM O.R. PROC FOR MALIGNANCY W-O CC-MCC," 24,525 "
1070999 - UNC HOSPITALS,717,OTHER MALE REPRODUCTIVE SYSTEM O.R. PROC EXC MALIGNANCY W CC-MCC," 31,317 "
1070999 - UNC HOSPITALS,718,OTHER MALE REPRODUCTIVE SYSTEM O.R. PROC EXC MALIGNANCY W-O CC-MCC," 28,545 "
1070999 - UNC HOSPITALS,722,MALIGNANCY MALE REPRODUCTIVE SYSTEM W MCC," 38,423 "
1070999 - UNC HOSPITALS,723,MALIGNANCY MALE REPRODUCTIVE SYSTEM W CC," 25,039 "
1070999 - UNC HOSPITALS,724,MALIGNANCY MALE REPRODUCTIVE SYSTEM W-O CC-MCC," 37,820 "
1070999 - UNC HOSPITALS,725,BENIGN PROSTATIC HYPERTROPHY W MCC," 22,694 "
1070999 - UNC HOSPITALS,727,INFLAMMATION OF THE MALE REPRODUCTIVE SYSTEM W MCC," 36,383 "
1070999 - UNC HOSPITALS,728,INFLAMMATION OF THE MALE REPRODUCTIVE SYSTEM W-O MCC," 26,043 "
1070999 - UNC HOSPITALS,729,OTHER MALE REPRODUCTIVE SYSTEM DIAGNOSES W CC-MCC," 14,229 "
1070999 - UNC HOSPITALS,730,OTHER MALE REPRODUCTIVE SYSTEM DIAGNOSES W-O CC-MCC," 14,189 "
1070999 - UNC HOSPITALS,734,PELVIC EVISCERATION RAD HYSTERECTOMY AND RAD VULVECTOMY W CC-MCC," 48,798 "
1070999 - UNC HOSPITALS,735,PELVIC EVISCERATION RAD HYSTERECTOMY AND RAD VULVECTOMY W-O CC-MCC," 29,697 "
1070999 - UNC HOSPITALS,736,UTERINE AND ADNEXA PROC FOR OVARIAN OR ADNEXAL MALIGNANCY W MCC," 93,647 "
1070999 - UNC HOSPITALS,737,UTERINE AND ADNEXA PROC FOR OVARIAN OR ADNEXAL MALIGNANCY W CC," 44,607 "
1070999 - UNC HOSPITALS,738,UTERINE AND ADNEXA PROC FOR OVARIAN OR ADNEXAL MALIGNANCY W-O CC-MCC," 30,578 "
1070999 - UNC HOSPITALS,739,UTERINEADNEXA PROC FOR NON-OVARIAN-ADNEXAL MALIG W MCC," 122,652 "
1070999 - UNC HOSPITALS,740,UTERINEADNEXA PROC FOR NON-OVARIAN-ADNEXAL MALIG W CC," 46,349 "
1070999 - UNC HOSPITALS,741,UTERINEADNEXA PROC FOR NON-OVARIAN-ADNEXAL MALIG W-O CC-MCC," 30,199 "
1070999 - UNC HOSPITALS,742,UTERINE AND ADNEXA PROC FOR NON-MALIGNANCY W CC-MCC," 37,376 "
1070999 - UNC HOSPITALS,743,UTERINE AND ADNEXA PROC FOR NON-MALIGNANCY W-O CC-MCC," 25,800 "
1070999 - UNC HOSPITALS,744,DANDC CONIZATION LAPAROSCOPY AND TUBAL INTERRUPTION W CC-MCC," 37,151 "
1070999 - UNC HOSPITALS,745,DANDC CONIZATION LAPAROSCOPY AND TUBAL INTERRUPTION W-O CC-MCC," 23,986 "
1070999 - UNC HOSPITALS,746,VAGINA CERVIX AND VULVA PROCEDURES W CC-MCC," 38,618 "
1070999 - UNC HOSPITALS,747,VAGINA CERVIX AND VULVA PROCEDURES W-O CC-MCC," 28,415 "
1070999 - UNC HOSPITALS,748,FEMALE REPRODUCTIVE SYSTEM RECONSTRUCTIVE PROCEDURES," 101,962 "
1070999 - UNC HOSPITALS,749,OTHER FEMALE REPRODUCTIVE SYSTEM O.R. PROCEDURES W CC-MCC," 56,996 "
1070999 - UNC HOSPITALS,750,OTHER FEMALE REPRODUCTIVE SYSTEM O.R. PROCEDURES W-O CC-MCC," 16,938 "
1070999 - UNC HOSPITALS,754,MALIGNANCY FEMALE REPRODUCTIVE SYSTEM W MCC," 49,744 "
1070999 - UNC HOSPITALS,755,MALIGNANCY FEMALE REPRODUCTIVE SYSTEM W CC," 31,924 "
1070999 - UNC HOSPITALS,756,MALIGNANCY FEMALE REPRODUCTIVE SYSTEM W-O CC-MCC," 18,674 "
1070999 - UNC HOSPITALS,757,INFECTIONS FEMALE REPRODUCTIVE SYSTEM W MCC," 18,163 "
1070999 - UNC HOSPITALS,758,INFECTIONS FEMALE REPRODUCTIVE SYSTEM W CC," 24,920 "
1070999 - UNC HOSPITALS,759,INFECTIONS FEMALE REPRODUCTIVE SYSTEM W-O CC-MCC," 18,214 "
1070999 - UNC HOSPITALS,760,MENSTRUAL AND OTHER FEMALE REPRODUCTIVE SYSTEM DISORDERS W CC-MCC," 25,780 "
1070999 - UNC HOSPITALS,761,MENSTRUAL AND OTHER FEMALE REPRODUCTIVE SYSTEM DISORDERS W-O CC-MCC," 9,846 "
1070999 - UNC HOSPITALS,765,CESAREAN SECTION W CC-MCC," 21,714 "
1070999 - UNC HOSPITALS,766,CESAREAN SECTION W-O CC-MCC," 15,222 "
1070999 - UNC HOSPITALS,767,VAGINAL DELIVERY W STERILIZATION AND-OR DANDC," 18,382 "
1070999 - UNC HOSPITALS,768,VAGINAL DELIVERY W O.R. PROC EXCEPT STERIL AND-OR DANDC," 26,800 "
1070999 - UNC HOSPITALS,769,POSTPARTUM AND POST ABORTION DIAGNOSES W O.R. PROCEDURE," 43,071 "
1070999 - UNC HOSPITALS,770,ABORTION W DANDC ASPIRATION CURETTAGE OR HYSTEROTOMY," 16,970 "
1070999 - UNC HOSPITALS,774,VAGINAL DELIVERY W COMPLICATING DIAGNOSES," 14,837 "
1070999 - UNC HOSPITALS,775,VAGINAL DELIVERY W-O COMPLICATING DIAGNOSES," 10,737 "
1070999 - UNC HOSPITALS,776,POSTPARTUM AND POST ABORTION DIAGNOSES W-O O.R. PROCEDURE," 17,565 "
1070999 - UNC HOSPITALS,777,ECTOPIC PREGNANCY," 24,857 "
1070999 - UNC HOSPITALS,778,THREATENED ABORTION," 10,529 "
1070999 - UNC HOSPITALS,779,ABORTION W-O DANDC," 14,869 "
1070999 - UNC HOSPITALS,780,FALSE LABOR," 11,085 "
1070999 - UNC HOSPITALS,781,OTHER ANTEPARTUM DIAGNOSES W MEDICAL COMPLICATIONS," 23,310 "
1070999 - UNC HOSPITALS,782,OTHER ANTEPARTUM DIAGNOSES W-O MEDICAL COMPLICATIONS," 11,236 "
1070999 - UNC HOSPITALS,789,NEONATES DIED OR TRANSFERRED TO ANOTHER ACUTE CARE FACILITY," 162,365 "
1070999 - UNC HOSPITALS,790,EXTREME IMMATURITY OR RESPIRATORY DISTRESS SYNDROME NEONATE," 461,944 "
1070999 - UNC HOSPITALS,791,PREMATURITY W MAJOR PROBLEMS," 98,458 "
1070999 - UNC HOSPITALS,792,PREMATURITY W-O MAJOR PROBLEMS," 30,956 "
1070999 - UNC HOSPITALS,793,FULL TERM NEONATE W MAJOR PROBLEMS," 53,591 "
1070999 - UNC HOSPITALS,794,NEONATE W OTHER SIGNIFICANT PROBLEMS," 5,153 "
1070999 - UNC HOSPITALS,795,NORMAL NEWBORN," 2,798 "
1070999 - UNC HOSPITALS,799,SPLENECTOMY W MCC," 56,924 "
1070999 - UNC HOSPITALS,800,SPLENECTOMY W CC," 54,211 "
1070999 - UNC HOSPITALS,801,SPLENECTOMY W-O CC-MCC," 27,301 "
1070999 - UNC HOSPITALS,802,OTHER O.R. PROC OF THE BLOOD AND BLOOD FORMING ORGANS W MCC," 102,579 "
1070999 - UNC HOSPITALS,803,OTHER O.R. PROC OF THE BLOOD AND BLOOD FORMING ORGANS W CC," 53,035 "
1070999 - UNC HOSPITALS,804,OTHER O.R. PROC OF THE BLOOD AND BLOOD FORMING ORGANS W-O CC-MCC," 71,583 "
1070999 - UNC HOSPITALS,808,MAJOR HEMATOL-IMMUN DIAG EXC SICKLE CELL CRISIS AND COAGUL W MCC," 48,580 "
1070999 - UNC HOSPITALS,809,MAJOR HEMATOL-IMMUN DIAG EXC SICKLE CELL CRISIS AND COAGUL W CC," 29,174 "
1070999 - UNC HOSPITALS,810,MAJOR HEMATOL-IMMUN DIAG EXC SICKLE CELL CRISIS AND COAGUL W-O CC-MCC," 66,098 "
1070999 - UNC HOSPITALS,811,RED BLOOD CELL DISORDERS W MCC," 64,033 "
1070999 - UNC HOSPITALS,812,RED BLOOD CELL DISORDERS W-O MCC," 19,589 "
1070999 - UNC HOSPITALS,813,COAGULATION DISORDERS," 152,530 "
1070999 - UNC HOSPITALS,814,RETICULOENDOTHELIAL AND IMMUNITY DISORDERS W MCC," 120,729 "
1070999 - UNC HOSPITALS,815,RETICULOENDOTHELIAL AND IMMUNITY DISORDERS W CC," 36,823 "
1070999 - UNC HOSPITALS,816,RETICULOENDOTHELIAL AND IMMUNITY DISORDERS W-O CC-MCC," 17,569 "
1070999 - UNC HOSPITALS,820,LYMPHOMA AND LEUKEMIA W MAJOR O.R. PROCEDURE W MCC," 236,799 "
1070999 - UNC HOSPITALS,821,LYMPHOMA AND LEUKEMIA W MAJOR O.R. PROCEDURE W CC," 61,713 "
1070999 - UNC HOSPITALS,822,LYMPHOMA AND LEUKEMIA W MAJOR O.R. PROCEDURE W-O CC-MCC," 33,168 "
1070999 - UNC HOSPITALS,823,LYMPHOMA AND NON-ACUTE LEUKEMIA W OTHER PROC W MCC," 230,849 "
1070999 - UNC HOSPITALS,824,LYMPHOMA AND NON-ACUTE LEUKEMIA W OTHER PROC W CC," 79,943 "
1070999 - UNC HOSPITALS,825,LYMPHOMA AND NON-ACUTE LEUKEMIA W OTHER PROC W-O CC-MCC," 51,453 "
1070999 - UNC HOSPITALS,826,MYELOPROLIF DISORD OR POORLY DIFF NEOPL W MAJ O.R. PROC W MCC," 169,845 "
1070999 - UNC HOSPITALS,827,MYELOPROLIF DISORD OR POORLY DIFF NEOPL W MAJ O.R. PROC W CC," 59,560 "
1070999 - UNC HOSPITALS,828,MYELOPROLIF DISORD OR POORLY DIFF NEOPL W MAJ O.R. PROC W-O CC-MCC," 40,083 "
1070999 - UNC HOSPITALS,829,MYELOPROLIFERATIVE DISORDERS OR POORLY DIFFERENTIATED NEOPLASMS W OTHER  PROCEDURE W CC-MCC," 86,941 "
1070999 - UNC HOSPITALS,830,MYELOPROLIFERATIVE DISORDERS OR POORLY DIFFERENTIATED NEOPLASMS W OTHER  PROCEDURE W-O CC-MCC," 38,208 "
1070999 - UNC HOSPITALS,834,ACUTE LEUKEMIA W-O MAJOR O.R. PROCEDURE W MCC," 221,278 "
1070999 - UNC HOSPITALS,835,ACUTE LEUKEMIA W-O MAJOR O.R. PROCEDURE W CC," 95,446 "
1070999 - UNC HOSPITALS,836,ACUTE LEUKEMIA W-O MAJOR O.R. PROCEDURE W-O CC-MCC," 56,716 "
1070999 - UNC HOSPITALS,837,CHEMO W ACUTE LEUKEMIA AS SDX OR W HIGH DOSE CHEMO AGENT W MCC," 115,536 "
1070999 - UNC HOSPITALS,838,CHEMO W ACUTE LEUKEMIA AS SDX W CC OR HIGH DOSE CHEMO AGENT," 45,600 "
1070999 - UNC HOSPITALS,839,CHEMO W ACUTE LEUKEMIA AS SDX W-O CC-MCC," 27,901 "
1070999 - UNC HOSPITALS,840,LYMPHOMA AND NON-ACUTE LEUKEMIA W MCC," 132,547 "
1070999 - UNC HOSPITALS,841,LYMPHOMA AND NON-ACUTE LEUKEMIA W CC," 47,496 "
1070999 - UNC HOSPITALS,842,LYMPHOMA AND NON-ACUTE LEUKEMIA W-O CC-MCC," 41,764 "
1070999 - UNC HOSPITALS,843,OTHER MYELOPROLIF DIS OR POORLY DIFF NEOPL DIAG W MCC," 50,523 "
1070999 - UNC HOSPITALS,844,OTHER MYELOPROLIF DIS OR POORLY DIFF NEOPL DIAG W CC," 32,289 "
1070999 - UNC HOSPITALS,845,OTHER MYELOPROLIF DIS OR POORLY DIFF NEOPL DIAG W-O CC-MCC," 47,929 "
1070999 - UNC HOSPITALS,846,CHEMOTHERAPY W-O ACUTE LEUKEMIA AS SECONDARY DIAGNOSIS W MCC," 81,582 "
1070999 - UNC HOSPITALS,847,CHEMOTHERAPY W-O ACUTE LEUKEMIA AS SECONDARY DIAGNOSIS W CC," 26,553 "
1070999 - UNC HOSPITALS,848,CHEMOTHERAPY W-O ACUTE LEUKEMIA AS SECONDARY DIAGNOSIS W-O CC-MCC," 19,370 "
1070999 - UNC HOSPITALS,853,INFECTIOUS AND PARASITIC DISEASES W O.R. PROCEDURE W MCC," 167,658 "
1070999 - UNC HOSPITALS,854,INFECTIOUS AND PARASITIC DISEASES W O.R. PROCEDURE W CC," 73,531 "
1070999 - UNC HOSPITALS,855,INFECTIOUS AND PARASITIC DISEASES W O.R. PROCEDURE W-O CC-MCC," 29,649 "
1070999 - UNC HOSPITALS,856,POSTOPERATIVE OR POST-TRAUMATIC INFECTIONS W O.R. PROC W MCC," 107,383 "
1070999 - UNC HOSPITALS,857,POSTOPERATIVE OR POST-TRAUMATIC INFECTIONS W O.R. PROC W CC," 43,480 "
1070999 - UNC HOSPITALS,858,POSTOPERATIVE OR POST-TRAUMATIC INFECTIONS W O.R. PROC W-O CC-MCC," 36,534 "
1070999 - UNC HOSPITALS,862,POSTOPERATIVE AND POST-TRAUMATIC INFECTIONS W MCC," 45,011 "
1070999 - UNC HOSPITALS,863,POSTOPERATIVE AND POST-TRAUMATIC INFECTIONS W-O MCC," 23,476 "
1070999 - UNC HOSPITALS,864,FEVER," 22,028 "
1070999 - UNC HOSPITALS,865,VIRAL ILLNESS W MCC," 98,612 "
1070999 - UNC HOSPITALS,866,VIRAL ILLNESS W-O MCC," 14,859 "
1070999 - UNC HOSPITALS,867,OTHER INFECTIOUS AND PARASITIC DISEASES DIAGNOSES W MCC," 42,801 "
1070999 - UNC HOSPITALS,868,OTHER INFECTIOUS AND PARASITIC DISEASES DIAGNOSES W CC," 29,142 "
1070999 - UNC HOSPITALS,869,OTHER INFECTIOUS AND PARASITIC DISEASES DIAGNOSES W-O CC-MCC," 17,716 "
1070999 - UNC HOSPITALS,870,SEPTICEMIA OR SEVERE SEPSIS W MV GREATER THAN 96 HOURS," 185,218 "
1070999 - UNC HOSPITALS,871,SEPTICEMIA OR SEVERE SEPSIS W-O MV GREATER THAN 96 HOURS W MCC," 53,433 "
1070999 - UNC HOSPITALS,872,SEPTICEMIA OR SEVERE SEPSIS W-O MV GREATER THAN 96 HOURS W-O MCC," 26,450 "
1070999 - UNC HOSPITALS,876,O.R. PROCEDURE W PRINCIPAL DIAGNOSES OF MENTAL ILLNESS," 39,840 "
1070999 - UNC HOSPITALS,880,ACUTE ADJUSTMENT REACTION AND PSYCHOSOCIAL DYSFUNCTION," 24,139 "
1070999 - UNC HOSPITALS,881,DEPRESSIVE NEUROSES," 25,602 "
1070999 - UNC HOSPITALS,882,NEUROSES EXCEPT DEPRESSIVE," 27,502 "
1070999 - UNC HOSPITALS,883,DISORDERS OF PERSONALITY AND IMPULSE CONTROL," 51,706 "
1070999 - UNC HOSPITALS,884,ORGANIC DISTURBANCES AND INTELLECTUAL DISABILITY," 36,305 "
1070999 - UNC HOSPITALS,885,PSYCHOSES," 39,685 "
1070999 - UNC HOSPITALS,886,BEHAVIORAL AND DEVELOPMENTAL DISORDERS," 45,424 "
1070999 - UNC HOSPITALS,887,OTHER MENTAL DISORDER DIAGNOSES," 70,401 "
1070999 - UNC HOSPITALS,894,ALCOHOL-DRUG ABUSE OR DEPENDENCE LEFT AMA," 14,412 "
1070999 - UNC HOSPITALS,895,ALCOHOL-DRUG ABUSE OR DEPENDENCE W REHABILITATION THERAPY," 18,418 "
1070999 - UNC HOSPITALS,896,ALCOHOL-DRUG ABUSE OR DEPENDENCE W-O REHABILITATION THERAPY W MCC," 47,476 "
1070999 - UNC HOSPITALS,897,ALCOHOL-DRUG ABUSE OR DEPENDENCE W-O REHABILITATION THERAPY W-O MCC," 19,016 "
1070999 - UNC HOSPITALS,901,WOUND DEBRIDEMENTS FOR INJURIES W MCC," 90,502 "
1070999 - UNC HOSPITALS,902,WOUND DEBRIDEMENTS FOR INJURIES W CC," 55,205 "
1070999 - UNC HOSPITALS,903,WOUND DEBRIDEMENTS FOR INJURIES W-O CC-MCC," 28,749 "
1070999 - UNC HOSPITALS,904,SKIN GRAFTS FOR INJURIES W CC-MCC," 132,629 "
1070999 - UNC HOSPITALS,905,SKIN GRAFTS FOR INJURIES W-O CC-MCC," 35,620 "
1070999 - UNC HOSPITALS,906,HAND PROCEDURES FOR INJURIES," 55,067 "
1070999 - UNC HOSPITALS,907,OTHER O.R. PROCEDURES FOR INJURIES W MCC," 118,474 "
1070999 - UNC HOSPITALS,908,OTHER O.R. PROCEDURES FOR INJURIES W CC," 55,321 "
1070999 - UNC HOSPITALS,909,OTHER O.R. PROCEDURES FOR INJURIES W-O CC-MCC," 30,916 "
1070999 - UNC HOSPITALS,913,TRAUMATIC INJURY W MCC," 21,629 "
1070999 - UNC HOSPITALS,914,TRAUMATIC INJURY W-O MCC," 18,939 "
1070999 - UNC HOSPITALS,915,ALLERGIC REACTIONS W MCC," 21,359 "
1070999 - UNC HOSPITALS,916,ALLERGIC REACTIONS W-O MCC," 21,201 "
1070999 - UNC HOSPITALS,917,POISONING AND TOXIC EFFECTS OF DRUGS W MCC," 42,085 "
1070999 - UNC HOSPITALS,918,POISONING AND TOXIC EFFECTS OF DRUGS W-O MCC," 18,168 "
1070999 - UNC HOSPITALS,919,COMPLICATIONS OF TREATMENT W MCC," 70,441 "
1070999 - UNC HOSPITALS,920,COMPLICATIONS OF TREATMENT W CC," 24,646 "
1070999 - UNC HOSPITALS,921,COMPLICATIONS OF TREATMENT W-O CC-MCC," 14,818 "
1070999 - UNC HOSPITALS,922,OTHER INJURY POISONING AND TOXIC EFFECT DIAG W MCC," 54,477 "
1070999 - UNC HOSPITALS,923,OTHER INJURY POISONING AND TOXIC EFFECT DIAG W-O MCC," 17,637 "
1070999 - UNC HOSPITALS,927,EXTENSIVE BURNS OR FULL THICKNESS BURNS W MV GREATER THAN 96 HRS W SKIN GRAFT," 373,187 "
1070999 - UNC HOSPITALS,928,FULL THICKNESS BURN W SKIN GRAFT OR INHAL INJ W CC-MCC," 134,795 "
1070999 - UNC HOSPITALS,929,FULL THICKNESS BURN W SKIN GRAFT OR INHAL INJ W-O CC-MCC," 62,446 "
1070999 - UNC HOSPITALS,933,EXTENSIVE BURNS OR FULL THICKNESS BURNS W MV GREATER THAN 96 HRS W-O SKIN GRAFT," 83,162 "
1070999 - UNC HOSPITALS,934,FULL THICKNESS BURN W-O SKIN GRFT OR INHAL INJ," 37,717 "
1070999 - UNC HOSPITALS,935,NON-EXTENSIVE BURNS," 31,831 "
1070999 - UNC HOSPITALS,939,O.R. PROC W DIAGNOSES OF OTHER CONTACT W HEALTH SERVICES W MCC," 72,403 "
1070999 - UNC HOSPITALS,940,O.R. PROC W DIAGNOSES OF OTHER CONTACT W HEALTH SERVICES W CC," 60,750 "
1070999 - UNC HOSPITALS,941,O.R. PROC W DIAGNOSES OF OTHER CONTACT W HEALTH SERVICES W-O CC-MCC," 20,875 "
1070999 - UNC HOSPITALS,947,SIGNS AND SYMPTOMS W MCC," 36,816 "
1070999 - UNC HOSPITALS,948,SIGNS AND SYMPTOMS W-O MCC," 33,303 "
1070999 - UNC HOSPITALS,949,AFTERCARE W CC-MCC," 57,883 "
1070999 - UNC HOSPITALS,950,AFTERCARE W-O CC-MCC," 44,147 "
1070999 - UNC HOSPITALS,951,OTHER FACTORS INFLUENCING HEALTH STATUS," 20,724 "
1070999 - UNC HOSPITALS,955,CRANIOTOMY FOR MULTIPLE SIGNIFICANT TRAUMA," 179,436 "
1070999 - UNC HOSPITALS,956,LIMB REATTACHMENT HIP AND FEMUR PROC FOR MULTIPLE SIGNIFICANT TRAUMA," 157,581 "
1070999 - UNC HOSPITALS,957,OTHER O.R. PROCEDURES FOR MULTIPLE SIGNIFICANT TRAUMA W MCC," 166,666 "
1070999 - UNC HOSPITALS,958,OTHER O.R. PROCEDURES FOR MULTIPLE SIGNIFICANT TRAUMA W CC," 101,883 "
1070999 - UNC HOSPITALS,959,OTHER O.R. PROCEDURES FOR MULTIPLE SIGNIFICANT TRAUMA W-O CC-MCC," 57,483 "
1070999 - UNC HOSPITALS,963,OTHER MULTIPLE SIGNIFICANT TRAUMA W MCC," 70,760 "
1070999 - UNC HOSPITALS,964,OTHER MULTIPLE SIGNIFICANT TRAUMA W CC," 43,523 "
1070999 - UNC HOSPITALS,965,OTHER MULTIPLE SIGNIFICANT TRAUMA W-O CC-MCC," 26,183 "
1070999 - UNC HOSPITALS,969,HIV W EXTENSIVE O.R. PROCEDURE W MCC," 256,374 "
1070999 - UNC HOSPITALS,970,HIV W EXTENSIVE O.R. PROCEDURE W-O MCC," 67,531 "
1070999 - UNC HOSPITALS,974,HIV W MAJOR RELATED CONDITION W MCC," 95,667 "
1070999 - UNC HOSPITALS,975,HIV W MAJOR RELATED CONDITION W CC," 42,333 "
1070999 - UNC HOSPITALS,976,HIV W MAJOR RELATED CONDITION W-O CC-MCC," 24,730 "
1070999 - UNC HOSPITALS,977,HIV W OR W-O OTHER RELATED CONDITION," 22,232 "
1070999 - UNC HOSPITALS,981,EXTENSIVE O.R. PROCEDURE UNRELATED TO PRINCIPAL DIAGNOSIS W MCC," 227,775 "
1070999 - UNC HOSPITALS,982,EXTENSIVE O.R. PROCEDURE UNRELATED TO PRINCIPAL DIAGNOSIS W CC," 53,452 "
1070999 - UNC HOSPITALS,983,EXTENSIVE O.R. PROCEDURE UNRELATED TO PRINCIPAL DIAGNOSIS W-O CC-MCC," 42,341 "
1070999 - UNC HOSPITALS,987,NON-EXTENSIVE O.R. PROC UNRELATED TO PRINCIPAL DIAGNOSIS W MCC," 169,230 "
1070999 - UNC HOSPITALS,988,NON-EXTENSIVE O.R. PROC UNRELATED TO PRINCIPAL DIAGNOSIS W CC," 47,707 "
1070999 - UNC HOSPITALS,989,NON-EXTENSIVE O.R. PROC UNRELATED TO PRINCIPAL DIAGNOSIS W-O CC-MCC," 27,457 "
