DRG_Long_Desc,Average_Charge_Per_Case,Average_Medicare_Payment_Per_Case
001 - HEART TRANSPLANT OR IMPLANT OF HEART ASSIST SYSTEM W MCC,3185040.44,516970.15
002 - HEART TRANSPLANT OR IMPLANT OF HEART ASSIST SYSTEM W/O MCC,1312483,No Medicare Payment Available
003 - ECMO OR TRACH W MV >96 HRS OR PDX EXC FACE; MOUTH & NECK W MAJ O.R.,1285646.24,102987.59
004 - TRACH W MV >96 HRS OR PDX EXC FACE; MOUTH & NECK W/O MAJ O.R.,934433.57,69095.99
011 - TRACHEOSTOMY FOR FACE;MOUTH & NECK DIAGNOSES W MCC,328546,27367.99
012 - TRACHEOSTOMY FOR FACE;MOUTH & NECK DIAGNOSES W CC,240342,20000.83
020 - INTRACRANIAL VASCULAR PROCEDURES W PDX HEMORRHAGE W MCC,835041.82,58445.2
021 - INTRACRANIAL VASCULAR PROCEDURES W PDX HEMORRHAGE W CC,663145.8,No Medicare Payment Available
022 - INTRACRANIAL VASCULAR PROCEDURES W PDX HEMORRHAGE W/O CC/MCC,445016.5,No Medicare Payment Available
023 - CRANIO W MAJOR DEV IMPL/ACUTE CNS PDX W MCC OR CHEMO IMPL OR EPILEPSY W NEUROSTM,423272.53,37341.01
024 - CRANIO W MAJOR DEV IMPL/ACUTE COMPLEX CNS PDX W/O MCC,257838.93,21469.28
025 - CRANIOTOMY & ENDOVASCULAR INTRACRANIAL PROCEDURES W MCC,408478.01,24791.62
026 - CRANIOTOMY & ENDOVASCULAR INTRACRANIAL PROCEDURES W CC,273467.33,17067.08
027 - CRANIOTOMY & ENDOVASCULAR INTRACRANIAL PROCEDURES W/O CC/MCC,288702.96,14278.45
028 - SPINAL PROCEDURES W MCC,586565.68,51016.21
029 - SPINAL PROCEDURES W CC OR SPINAL NEUROSTIMULATORS,311003.1,19660.9
030 - SPINAL PROCEDURES W/O CC/MCC,193586,12261.04
031 - VENTRICULAR SHUNT PROCEDURES W MCC,323406.67,22755.91
032 - VENTRICULAR SHUNT PROCEDURES W CC,225657.31,12161.86
033 - VENTRICULAR SHUNT PROCEDURES W/O CC/MCC,178437.25,9834.51
034 - CAROTID ARTERY STENT PROCEDURE W MCC,206114,22514.54
035 - CAROTID ARTERY STENT PROCEDURE W CC,187085.86,12670.04
036 - CAROTID ARTERY STENT PROCEDURE W/O CC/MCC,191705.58,10243.5
037 - EXTRACRANIAL PROCEDURES W MCC,248241.55,17838.28
038 - EXTRACRANIAL PROCEDURES W CC,169489.15,9127.51
039 - EXTRACRANIAL PROCEDURES W/O CC/MCC,144371.5,6524.32
040 - PERIPH/CRANIAL NERVE & OTHER NERV SYST PROC W MCC,303686,30415.76
041 - PERIPH/CRANIAL NERVE & OTHER NERV SYST PROC W CC OR PERIPH NEUROSTIM,189266.77,13338.76
042 - PERIPH/CRANIAL NERVE & OTHER NERV SYST PROC W/O CC/MCC,176120.01,10517.78
052 - SPINAL DISORDERS & INJURIES W CC/MCC,107980,21529.78
053 - SPINAL DISORDERS & INJURIES W/O CC/MCC,85722,32576.63
054 - NERVOUS SYSTEM NEOPLASMS W MCC,97064.63,7879.33
055 - NERVOUS SYSTEM NEOPLASMS W/O MCC,75465.21,5954.6
056 - DEGENERATIVE NERVOUS SYSTEM DISORDERS W MCC,97944.99,18029.45
057 - DEGENERATIVE NERVOUS SYSTEM DISORDERS W/O MCC,75471.96,15284.6
058 - MULTIPLE SCLEROSIS & CEREBELLAR ATAXIA W MCC,89238.62,9357.58
059 - MULTIPLE SCLEROSIS & CEREBELLAR ATAXIA W CC,61832.34,11829.64
060 - MULTIPLE SCLEROSIS & CEREBELLAR ATAXIA W/O CC/MCC,48505,5002.52
061 - ISCHEMIC STROKE; PRECEREBRAL OCCL OR TRANS ISCHEMIA W THROMBOLYTIC AGENT W MCC,152128.52,15844.58
062 - ISCHEMIC STROKE; PRECEREBRAL OCCL OR TRANSIENT ISCHEMIA W THROMBOLYTIC AGENT W C,108245.6,10833.67
063 - ISCHEMIC STROKE; PRECEREBRAL OCCL OR TRANSIENT ISCHEMIA W THROMB AGENT W/O CC/MC,84918.67,9359.88
064 - INTRACRANIAL HEMORRHAGE OR CEREBRAL INFARCTION W MCC,111717.65,9947.45
065 - INTRACRANIAL HEMORRHAGE OR CEREBRAL INFARCTION W CC,66727.93,6107.96
066 - INTRACRANIAL HEMORRHAGE OR CEREBRAL INFARCTION W/O CC/MCC,59688.01,4303.04
067 - NONSPECIFIC CVA & PRECEREBRAL OCCLUSION W/O INFARCT W MCC,87658,12944.86
068 - NONSPECIFIC CVA & PRECEREBRAL OCCLUSION W/O INFARCT W/O MCC,52064.15,5368.23
069 - TRANSIENT ISCHEMIA W/O THROMBOLYTIC,42589.91,4380.85
070 - NONSPECIFIC CEREBROVASCULAR DISORDERS W MCC,104410.88,15698.03
071 - NONSPECIFIC CEREBROVASCULAR DISORDERS W CC,67808.59,12762.39
072 - NONSPECIFIC CEREBROVASCULAR DISORDERS W/O CC/MCC,49234.5,4646.73
073 - CRANIAL & PERIPHERAL NERVE DISORDERS W MCC,87829.73,6763.45
074 - CRANIAL & PERIPHERAL NERVE DISORDERS W/O MCC,56420,5970.7
075 - VIRAL MENINGITIS W CC/MCC,90455.66,9626.36
076 - VIRAL MENINGITIS W/O CC/MCC,46242.46,5778.82
077 - HYPERTENSIVE ENCEPHALOPATHY W MCC,140420.57,9172.19
078 - HYPERTENSIVE ENCEPHALOPATHY W CC,41170.02,5905.18
079 - HYPERTENSIVE ENCEPHALOPATHY W/O CC/MCC,68035.52,4659.46
080 - NONTRAUMATIC STUPOR & COMA W MCC,274360.87,No Medicare Payment Available
082 - TRAUMATIC STUPOR & COMA; COMA >1 HR W MCC,187761.87,14310.2
083 - TRAUMATIC STUPOR & COMA; COMA >1 HR W CC,65630.4,5679.6
084 - TRAUMATIC STUPOR & COMA; COMA >1 HR W/O CC/MCC,66893,5399.69
085 - TRAUMATIC STUPOR & COMA; COMA <1 HR W MCC,114560.32,11286.54
086 - TRAUMATIC STUPOR & COMA; COMA <1 HR W CC,67352.89,6796.12
087 - TRAUMATIC STUPOR & COMA; COMA <1 HR W/O CC/MCC,47107.2,4651.84
088 - CONCUSSION W MCC,88211.03,No Medicare Payment Available
089 - CONCUSSION W CC,75008.02,6027.96
090 - CONCUSSION W/O CC/MCC,40438.79,4782.98
091 - OTHER DISORDERS OF NERVOUS SYSTEM W MCC,90163.22,11901.01
092 - OTHER DISORDERS OF NERVOUS SYSTEM W CC,69778.49,9196.75
093 - OTHER DISORDERS OF NERVOUS SYSTEM W/O CC/MCC,41317.32,5820.73
094 - BACTERIAL & TUBERCULOUS INFECTIONS OF NERVOUS SYSTEM W MCC,343113.7,23495.98
095 - BACTERIAL & TUBERCULOUS INFECTIONS OF NERVOUS SYSTEM W CC,123097.12,No Medicare Payment Available
096 - BACTERIAL & TUBERCULOUS INFECTIONS OF NERVOUS SYSTEM W/O CC/MCC,118454.32,12740.66
097 - NON-BACTERIAL INFECT OF NERVOUS SYS EXC VIRAL MENINGITIS W MCC,149692.76,19268.13
098 - NON-BACTERIAL INFECT OF NERVOUS SYS EXC VIRAL MENINGITIS W CC,143475.71,10140.72
099 - NON-BACTERIAL INFECT OF NERVOUS SYS EXC VIRAL MENINGITIS W/O CC/MCC,28213.44,7093.78
100 - SEIZURES W MCC,127169.87,9377.75
101 - SEIZURES W/O MCC,41190.1,4691.87
102 - HEADACHES W MCC,64229.39,6313.65
103 - HEADACHES W/O MCC,45284.9,4460.63
113 - ORBITAL PROCEDURES W CC/MCC,123048,12636.41
121 - ACUTE MAJOR EYE INFECTIONS W CC/MCC,12602.5,No Medicare Payment Available
123 - NEUROLOGICAL EYE DISORDERS,42712.45,4576.32
124 - OTHER DISORDERS OF THE EYE W MCC,41206.53,7230.93
125 - OTHER DISORDERS OF THE EYE W/O MCC,35231.22,4684.55
129 - MAJOR HEAD & NECK PROCEDURES W CC/MCC OR MAJOR DEVICE,111001,13216.81
130 - MAJOR HEAD & NECK PROCEDURES W/O CC/MCC,148218,No Medicare Payment Available
131 - CRANIAL/FACIAL PROCEDURES W CC/MCC,204722,No Medicare Payment Available
132 - CRANIAL/FACIAL PROCEDURES W/O CC/MCC,245726.88,No Medicare Payment Available
133 - OTHER EAR; NOSE; MOUTH & THROAT O.R. PROCEDURES W CC/MCC,173136,No Medicare Payment Available
134 - OTHER EAR; NOSE; MOUTH & THROAT O.R. PROCEDURES W/O CC/MCC,38170,No Medicare Payment Available
135 - SINUS & MASTOID PROCEDURES W CC/MCC,194028,13028.14
137 - MOUTH PROCEDURES W CC/MCC,77757,No Medicare Payment Available
146 - EAR; NOSE; MOUTH & THROAT MALIGNANCY W MCC,123106.4,11124.03
147 - EAR; NOSE; MOUTH & THROAT MALIGNANCY W CC,55896.75,7303.57
148 - EAR; NOSE; MOUTH & THROAT MALIGNANCY W/O CC/MCC,97459.5,No Medicare Payment Available
149 - DYSEQUILIBRIUM,39170.6,3973.51
150 - EPISTAXIS W MCC,23526,No Medicare Payment Available
151 - EPISTAXIS W/O MCC,35746.7,4433.04
152 - OTITIS MEDIA & URI W MCC,40898.64,5287.81
153 - OTITIS MEDIA & URI W/O MCC,22235.17,3861.8
154 - OTHER EAR; NOSE; MOUTH & THROAT DIAGNOSES W MCC,43548.33,7651.32
155 - OTHER EAR; NOSE; MOUTH & THROAT DIAGNOSES W CC,50557.15,5171
156 - OTHER EAR; NOSE; MOUTH & THROAT DIAGNOSES W/O CC/MCC,38948.1,4063.79
157 - DENTAL & ORAL DISEASES W MCC,65049.33,9042.72
158 - DENTAL & ORAL DISEASES W CC,46663.25,5368.24
159 - DENTAL & ORAL DISEASES W/O CC/MCC,26698.29,4168.75
163 - MAJOR CHEST PROCEDURES W MCC,363506.74,27362.72
164 - MAJOR CHEST PROCEDURES W CC,259985.79,14878.11
165 - MAJOR CHEST PROCEDURES W/O CC/MCC,194570.52,10697.11
166 - OTHER RESP SYSTEM O.R. PROCEDURES W MCC,246837.36,20480.66
167 - OTHER RESP SYSTEM O.R. PROCEDURES W CC,127110.73,10702.85
168 - OTHER RESP SYSTEM O.R. PROCEDURES W/O CC/MCC,119417.13,7564.55
175 - PULMONARY EMBOLISM W MCC,104814.08,8493.51
176 - PULMONARY EMBOLISM W/O MCC,58063.11,5374.83
177 - RESPIRATORY INFECTIONS & INFLAMMATIONS W MCC,108725.06,10059.32
178 - RESPIRATORY INFECTIONS & INFLAMMATIONS W CC,66769.27,6973.57
179 - RESPIRATORY INFECTIONS & INFLAMMATIONS W/O CC/MCC,47528.81,4451
180 - RESPIRATORY NEOPLASMS W MCC,111330.28,9766.21
181 - RESPIRATORY NEOPLASMS W CC,61428.16,6981.03
182 - RESPIRATORY NEOPLASMS W/O CC/MCC,89043.25,No Medicare Payment Available
183 - MAJOR CHEST TRAUMA W MCC,81942.58,8188.45
184 - MAJOR CHEST TRAUMA W CC,63332.95,5702.37
185 - MAJOR CHEST TRAUMA W/O CC/MCC,46922.53,4108.55
186 - PLEURAL EFFUSION W MCC,92706.65,8292.65
187 - PLEURAL EFFUSION W CC,61630.69,6203.91
188 - PLEURAL EFFUSION W/O CC/MCC,48506,4817.2
189 - PULMONARY EDEMA & RESPIRATORY FAILURE,79190.92,6927.2
190 - CHRONIC OBSTRUCTIVE PULMONARY DISEASE W MCC,75694.85,6326.57
191 - CHRONIC OBSTRUCTIVE PULMONARY DISEASE W CC,60405.51,5067.89
192 - CHRONIC OBSTRUCTIVE PULMONARY DISEASE W/O CC/MCC,41577.56,4157.92
193 - SIMPLE PNEUMONIA & PLEURISY W MCC,79881.19,8105.17
194 - SIMPLE PNEUMONIA & PLEURISY W CC,44909.02,5485.49
195 - SIMPLE PNEUMONIA & PLEURISY W/O CC/MCC,28456.37,4356.58
196 - INTERSTITIAL LUNG DISEASE W MCC,113664.69,10160.14
197 - INTERSTITIAL LUNG DISEASE W CC,44379.86,6204.12
198 - INTERSTITIAL LUNG DISEASE W/O CC/MCC,28616,No Medicare Payment Available
199 - PNEUMOTHORAX W MCC,99785.32,10226.3
200 - PNEUMOTHORAX W CC,69044.68,6171.88
201 - PNEUMOTHORAX W/O CC/MCC,27028.09,4664.79
202 - BRONCHITIS & ASTHMA W CC/MCC,57785.46,5112.4
203 - BRONCHITIS & ASTHMA W/O CC/MCC,33275.44,3611.62
204 - RESPIRATORY SIGNS & SYMPTOMS,46268.58,4511.1
205 - OTHER RESPIRATORY SYSTEM DIAGNOSES W MCC,95625.67,8509.69
206 - OTHER RESPIRATORY SYSTEM DIAGNOSES W/O MCC,52363.84,4703.01
207 - RESPIRATORY SYSTEM DIAGNOSIS W VENTILATOR SUPPORT >96 HOURS,579284.4,38276.68
208 - RESPIRATORY SYSTEM DIAGNOSIS W VENTILATOR SUPPORT <=96 HOURS,175978.38,14096.5
215 - OTHER HEART ASSIST SYSTEM IMPLANT,703495.89,74391.5
216 - CARDIAC VALVE & OTH MAJ CARDIOTHORACIC PROC W CARD CATH W MCC,829506.75,67485.49
217 - CARDIAC VALVE & OTH MAJ CARDIOTHORACIC PROC W CARD CATH W CC,725897,41623.19
219 - CARDIAC VALVE & OTH MAJ CARDIOTHORACIC PROC W/O CARD CATH W MCC,754827.5,53545.69
220 - CARDIAC VALVE & OTH MAJ CARDIOTHORACIC PROC W/O CARD CATH W CC,633103,36753.53
221 - CARDIAC VALVE & OTH MAJ CARDIOTHORACIC PROC W/O CARD CATH W/O CC/MCC,390381.5,25784.71
222 - CARDIAC DEFIB IMPLANT W CARDIAC CATH W AMI/HF/SHOCK W MCC,752525.11,51951.54
224 - CARDIAC DEFIB IMPLANT W CARDIAC CATH W/O AMI/HF/SHOCK W MCC,548034.63,41496.56
225 - CARDIAC DEFIB IMPLANT W CARDIAC CATH W/O AMI/HF/SHOCK W/O MCC,506785.57,39846.03
226 - CARDIAC DEFIBRILLATOR IMPLANT W/O CARDIAC CATH W MCC,522989.48,42528.67
227 - CARDIAC DEFIBRILLATOR IMPLANT W/O CARDIAC CATH W/O MCC,381290.94,33746.72
228 - OTHER CARDIOTHORACIC PROCEDURES W MCC,439856.8,41590.85
229 - OTHER CARDIOTHORACIC PROCEDURES W/O MCC,444729.24,25933.5
231 - CORONARY BYPASS W PTCA W MCC,910095,57595.91
232 - CORONARY BYPASS W PTCA W/O MCC,498368,32223.33
233 - CORONARY BYPASS W CARDIAC CATH W MCC,620460.79,43662.05
234 - CORONARY BYPASS W CARDIAC CATH W/O MCC,496192.18,29657.8
235 - CORONARY BYPASS W/O CARDIAC CATH W MCC,610837.04,44007.51
236 - CORONARY BYPASS W/O CARDIAC CATH W/O MCC,427626.67,24643.29
239 - AMPUTATION FOR CIRC SYS DISORDERS EXC UPPER LIMB & TOE W MCC,346859.96,24847.12
240 - AMPUTATION FOR CIRC SYS DISORDERS EXC UPPER LIMB & TOE W CC,232585.86,16120.51
241 - AMPUTATION FOR CIRC SYS DISORDERS EXC UPPER LIMB & TOE W/O CC/MCC,168992,8560.38
242 - PERMANENT CARDIAC PACEMAKER IMPLANT W MCC,321049.51,24066.29
243 - PERMANENT CARDIAC PACEMAKER IMPLANT W CC,209297.3,16877.94
244 - PERMANENT CARDIAC PACEMAKER IMPLANT W/O CC/MCC,182602.05,13897.2
245 - AICD GENERATOR PROCEDURES,429504.6,30694.31
246 - PERC CARDIOVASC PROC W DRUG-ELUTING STENT W MCC OR 4+ ARTERIES OR STENTS,270627.82,19870.14
247 - PERC CARDIOVASC PROC W DRUG-ELUTING STENT W/O MCC,179443.01,12143.48
248 - PERC CARDIOVASC PROC W NON-DRUG-ELUTING STENT W MCC OR 4+ ART/STENTS,241395.84,17547.42
249 - PERC CARDIOVASC PROC W NON-DRUG-ELUTING STENT W/O MCC,176978.64,11319.99
250 - PERC CARDIOVASC PROC W/O CORONARY ARTERY STENT W MCC,165179.96,14139.98
251 - PERC CARDIOVASC PROC W/O CORONARY ARTERY STENT W/O MCC,141925.59,9659.68
252 - OTHER VASCULAR PROCEDURES W MCC,320739.51,23754.36
253 - OTHER VASCULAR PROCEDURES W CC,226759.09,15064.18
254 - OTHER VASCULAR PROCEDURES W/O CC/MCC,186408.76,10005.63
255 - UPPER LIMB & TOE AMPUTATION FOR CIRC SYSTEM DISORDERS W MCC,216933.25,12541.33
256 - UPPER LIMB & TOE AMPUTATION FOR CIRC SYSTEM DISORDERS W CC,86025.25,9698.05
258 - CARDIAC PACEMAKER DEVICE REPLACEMENT W MCC,195517,16787.26
259 - CARDIAC PACEMAKER DEVICE REPLACEMENT W/O MCC,148408,No Medicare Payment Available
260 - CARDIAC PACEMAKER REVISION EXCEPT DEVICE REPLACEMENT W MCC,354395.46,21502.56
261 - CARDIAC PACEMAKER REVISION EXCEPT DEVICE REPLACEMENT W CC,139665.44,11139.83
262 - CARDIAC PACEMAKER REVISION EXCEPT DEVICE REPLACEMENT W/O CC/MCC,146636,8730.39
264 - OTHER CIRCULATORY SYSTEM O.R. PROCEDURES,266524.88,18626.16
265 - AICD LEAD PROCEDURES,385723,18892.01
266 - ENDOVASCULAR CARDIAC VALVE REPLACEMENT W MCC,517938.85,44813.12
267 - ENDOVASCULAR CARDIAC VALVE REPLACEMENT W/O MCC,390735.13,34306.85
268 - AORTIC AND HEART ASSIST PROCEDURES EXCEPT PULSATION BALLOON W MCC,522239.6,43104.01
269 - AORTIC AND HEART ASSIST PROCEDURES EXCEPT PULSATION BALLOON W/O MCC,393650.64,25912.92
270 - OTHER MAJOR CARDIOVASCULAR PROCEDURES W MCC,507132.02,34575.63
271 - OTHER MAJOR CARDIOVASCULAR PROCEDURES W CC,336256.65,21802.61
272 - OTHER MAJOR CARDIOVASCULAR PROCEDURES WITHOUT CC/MCC,225530.42,14020.06
273 - PERCUTANEOUS INTRACARDIAC PROCEDURES W MCC,347016.84,23777.78
274 - PERCUTANEOUS INTRACARDIAC PROCEDURES W/O MCC,298149.86,16120.79
280 - ACUTE MYOCARDIAL INFARCTION; DISCHARGED ALIVE W MCC,132104.73,9904.73
281 - ACUTE MYOCARDIAL INFARCTION; DISCHARGED ALIVE W CC,76018,5542.84
282 - ACUTE MYOCARDIAL INFARCTION; DISCHARGED ALIVE W/O CC/MCC,67436.65,4620.32
283 - ACUTE MYOCARDIAL INFARCTION; EXPIRED W MCC,110604.29,10158.17
284 - ACUTE MYOCARDIAL INFARCTION; EXPIRED W CC,44187.75,4489.71
286 - CIRCULATORY DISORDERS EXCEPT AMI; W CARD CATH W MCC,165319.32,12752.33
287 - CIRCULATORY DISORDERS EXCEPT AMI; W CARD CATH W/O MCC,91706.35,6860.08
288 - ACUTE & SUBACUTE ENDOCARDITIS W MCC,169368.5,No Medicare Payment Available
289 - ACUTE & SUBACUTE ENDOCARDITIS W CC,148038.68,9834.05
291 - HEART FAILURE & SHOCK W MCC,83948.54,8395.71
292 - HEART FAILURE & SHOCK W CC,54801.39,5658.17
293 - HEART FAILURE & SHOCK W/O CC/MCC,40253.41,4031.79
294 - DEEP VEIN THROMBOPHLEBITIS W CC/MCC,31731,6060.84
296 - CARDIAC ARREST; UNEXPLAINED W MCC,124300.63,8678.12
299 - PERIPHERAL VASCULAR DISORDERS W MCC,126239.74,8743.4
300 - PERIPHERAL VASCULAR DISORDERS W CC,77317.21,6093.29
301 - PERIPHERAL VASCULAR DISORDERS W/O CC/MCC,38925.31,4296.89
302 - ATHEROSCLEROSIS W MCC,60041.6,5973.88
303 - ATHEROSCLEROSIS W/O MCC,34573.9,3778.66
304 - HYPERTENSION W MCC,82207.85,5843.97
305 - HYPERTENSION W/O MCC,48365.29,3631.71
306 - CARDIAC CONGENITAL & VALVULAR DISORDERS W MCC,38958.51,7932.05
307 - CARDIAC CONGENITAL & VALVULAR DISORDERS W/O MCC,32671.13,5057.31
308 - CARDIAC ARRHYTHMIA & CONDUCTION DISORDERS W MCC,85183.53,7143.95
309 - CARDIAC ARRHYTHMIA & CONDUCTION DISORDERS W CC,46705.07,4540.87
310 - CARDIAC ARRHYTHMIA & CONDUCTION DISORDERS W/O CC/MCC,33044.09,3435.77
311 - ANGINA PECTORIS,57428.8,4122.76
312 - SYNCOPE & COLLAPSE,46880.25,4593.64
313 - CHEST PAIN,45251.92,3873.35
314 - OTHER CIRCULATORY SYSTEM DIAGNOSES W MCC,124268.41,11261.32
315 - OTHER CIRCULATORY SYSTEM DIAGNOSES W CC,56269.68,5557.62
316 - OTHER CIRCULATORY SYSTEM DIAGNOSES W/O CC/MCC,52397.44,3973.15
326 - STOMACH; ESOPHAGEAL & DUODENAL PROC W MCC,297730,24869.52
327 - STOMACH; ESOPHAGEAL & DUODENAL PROC W CC,249613.94,15379.49
328 - STOMACH; ESOPHAGEAL & DUODENAL PROC W/O CC/MCC,125772.86,8756.29
329 - MAJOR SMALL & LARGE BOWEL PROCEDURES W MCC,437086.61,30204.85
330 - MAJOR SMALL & LARGE BOWEL PROCEDURES W CC,231673.54,15164.88
331 - MAJOR SMALL & LARGE BOWEL PROCEDURES W/O CC/MCC,171936.9,9957.1
333 - RECTAL RESECTION W CC,357328.5,No Medicare Payment Available
334 - RECTAL RESECTION W/O CC/MCC,98639,7587.4
335 - PERITONEAL ADHESIOLYSIS W MCC,263608.23,18886.79
336 - PERITONEAL ADHESIOLYSIS W CC,198785.94,13279.14
337 - PERITONEAL ADHESIOLYSIS W/O CC/MCC,140003.74,8473.65
338 - APPENDECTOMY W COMPLICATED PRINCIPAL DIAG W MCC,482764.67,36028.37
339 - APPENDECTOMY W COMPLICATED PRINCIPAL DIAG W CC,138103.29,9860.18
340 - APPENDECTOMY W COMPLICATED PRINCIPAL DIAG W/O CC/MCC,108252.09,7074.5
342 - APPENDECTOMY W/O COMPLICATED PRINCIPAL DIAG W CC,138993.06,8649.29
343 - APPENDECTOMY W/O COMPLICATED PRINCIPAL DIAG W/O CC/MCC,95068.32,6267.3
344 - MINOR SMALL & LARGE BOWEL PROCEDURES W MCC,52843,No Medicare Payment Available
345 - MINOR SMALL & LARGE BOWEL PROCEDURES W CC,151478,9051.9
346 - MINOR SMALL & LARGE BOWEL PROCEDURES W/O CC/MCC,135684.67,6538.13
347 - ANAL & STOMAL PROCEDURES W MCC,112546,No Medicare Payment Available
348 - ANAL & STOMAL PROCEDURES W CC,97784,No Medicare Payment Available
349 - ANAL & STOMAL PROCEDURES W/O CC/MCC,106264.5,No Medicare Payment Available
350 - INGUINAL & FEMORAL HERNIA PROCEDURES W MCC,293493.5,12702.68
351 - INGUINAL & FEMORAL HERNIA PROCEDURES W CC,125009.17,8676.76
352 - INGUINAL & FEMORAL HERNIA PROCEDURES W/O CC/MCC,137690.14,6148.34
353 - HERNIA PROCEDURES EXCEPT INGUINAL & FEMORAL W MCC,301774.25,25719.78
354 - HERNIA PROCEDURES EXCEPT INGUINAL & FEMORAL W CC,127129.52,10224.45
355 - HERNIA PROCEDURES EXCEPT INGUINAL & FEMORAL W/O CC/MCC,101439.53,7619.94
356 - OTHER DIGESTIVE SYSTEM O.R. PROCEDURES W MCC,273165.3,21073.97
357 - OTHER DIGESTIVE SYSTEM O.R. PROCEDURES W CC,178010.96,12046.42
358 - OTHER DIGESTIVE SYSTEM O.R. PROCEDURES W/O CC/MCC,89946.3,8211.92
368 - MAJOR ESOPHAGEAL DISORDERS W MCC,212295.82,12014.32
369 - MAJOR ESOPHAGEAL DISORDERS W CC,74298,6415.78
370 - MAJOR ESOPHAGEAL DISORDERS W/O CC/MCC,38027.67,No Medicare Payment Available
371 - MAJOR GASTROINTESTINAL DISORDERS & PERITONEAL INFECTIONS W MCC,91053.24,9595
372 - MAJOR GASTROINTESTINAL DISORDERS & PERITONEAL INFECTIONS W CC,52809.23,5974.61
373 - MAJOR GASTROINTESTINAL DISORDERS & PERITONEAL INFECTIONS W/O CC/MCC,42663.92,4635.15
374 - DIGESTIVE MALIGNANCY W MCC,152806.68,11370.44
375 - DIGESTIVE MALIGNANCY W CC,73520.54,7109.08
376 - DIGESTIVE MALIGNANCY W/O CC/MCC,39335.5,No Medicare Payment Available
377 - G.I. HEMORRHAGE W MCC,134162.67,10893.92
378 - G.I. HEMORRHAGE W CC,72119.85,5800.03
379 - G.I. HEMORRHAGE W/O CC/MCC,39331.65,3857.88
380 - COMPLICATED PEPTIC ULCER W MCC,199373.1,14576.19
381 - COMPLICATED PEPTIC ULCER W CC,66865.89,6262.78
382 - COMPLICATED PEPTIC ULCER W/O CC/MCC,59990.81,4868.09
383 - UNCOMPLICATED PEPTIC ULCER W MCC,60004.6,7462.52
384 - UNCOMPLICATED PEPTIC ULCER W/O MCC,48685.56,5212.65
385 - INFLAMMATORY BOWEL DISEASE W MCC,60697.67,10033.45
386 - INFLAMMATORY BOWEL DISEASE W CC,57156.04,5751.03
387 - INFLAMMATORY BOWEL DISEASE W/O CC/MCC,43494.89,4471.37
388 - G.I. OBSTRUCTION W MCC,107257.66,9023.99
389 - G.I. OBSTRUCTION W CC,50205.18,4981.77
390 - G.I. OBSTRUCTION W/O CC/MCC,34173.59,3667.67
391 - ESOPHAGITIS; GASTROENT & MISC DIGEST DISORDERS W MCC,90992.51,7823.47
392 - ESOPHAGITIS; GASTROENT & MISC DIGEST DISORDERS W/O MCC,48702.46,4476.05
393 - OTHER DIGESTIVE SYSTEM DIAGNOSES W MCC,84047.05,9066.2
394 - OTHER DIGESTIVE SYSTEM DIAGNOSES W CC,56627.81,5360.8
395 - OTHER DIGESTIVE SYSTEM DIAGNOSES W/O CC/MCC,49313.6,4065.08
405 - PANCREAS; LIVER & SHUNT PROCEDURES W MCC,505827.6,29810.46
406 - PANCREAS; LIVER & SHUNT PROCEDURES W CC,209644,15326.27
407 - PANCREAS; LIVER & SHUNT PROCEDURES W/O CC/MCC,194102.8,11570.95
408 - BILIARY TRACT PROC EXCEPT ONLY CHOLECYST W OR W/O C.D.E. W MCC,368931,No Medicare Payment Available
414 - CHOLECYSTECTOMY EXCEPT BY LAPAROSCOPE W/O C.D.E. W MCC,243864.57,20241.62
415 - CHOLECYSTECTOMY EXCEPT BY LAPAROSCOPE W/O C.D.E. W CC,161859,11572.53
416 - CHOLECYSTECTOMY EXCEPT BY LAPAROSCOPE W/O C.D.E. W/O CC/MCC,162996.5,No Medicare Payment Available
417 - LAPAROSCOPIC CHOLECYSTECTOMY W/O C.D.E. W MCC,174415.2,13533.02
418 - LAPAROSCOPIC CHOLECYSTECTOMY W/O C.D.E. W CC,140275.21,9451.08
419 - LAPAROSCOPIC CHOLECYSTECTOMY W/O C.D.E. W/O CC/MCC,110692.54,7321.92
421 - HEPATOBILIARY DIAGNOSTIC PROCEDURES W CC,142921,10867.37
423 - OTHER HEPATOBILIARY OR PANCREAS O.R. PROCEDURES W MCC,159618,21572.07
432 - CIRRHOSIS & ALCOHOLIC HEPATITIS W MCC,117208.96,10258.25
433 - CIRRHOSIS & ALCOHOLIC HEPATITIS W CC,60240.87,5874.25
434 - CIRRHOSIS & ALCOHOLIC HEPATITIS W/O CC/MCC,43851,No Medicare Payment Available
435 - MALIGNANCY OF HEPATOBILIARY SYSTEM OR PANCREAS W MCC,125522.18,9423.6
436 - MALIGNANCY OF HEPATOBILIARY SYSTEM OR PANCREAS W CC,80876.49,6695.79
437 - MALIGNANCY OF HEPATOBILIARY SYSTEM OR PANCREAS W/O CC/MCC,36322.67,5440.46
438 - DISORDERS OF PANCREAS EXCEPT MALIGNANCY W MCC,227084.18,9336.31
439 - DISORDERS OF PANCREAS EXCEPT MALIGNANCY W CC,65801.2,4922.56
440 - DISORDERS OF PANCREAS EXCEPT MALIGNANCY W/O CC/MCC,43461.25,3894.26
441 - DISORDERS OF LIVER EXCEPT MALIG;CIRR;ALC HEPA W MCC,107261.59,11287.36
442 - DISORDERS OF LIVER EXCEPT MALIG;CIRR;ALC HEPA W CC,60481.91,5670.99
443 - DISORDERS OF LIVER EXCEPT MALIG;CIRR;ALC HEPA W/O CC/MCC,38099.06,4313.32
444 - DISORDERS OF THE BILIARY TRACT W MCC,185809.63,12301.17
445 - DISORDERS OF THE BILIARY TRACT W CC,69002.48,6221.64
446 - DISORDERS OF THE BILIARY TRACT W/O CC/MCC,66490.33,4616.56
453 - COMBINED ANTERIOR/POSTERIOR SPINAL FUSION W MCC,1146561.25,60270.87
454 - COMBINED ANTERIOR/POSTERIOR SPINAL FUSION W CC,851779.02,50219.85
455 - COMBINED ANTERIOR/POSTERIOR SPINAL FUSION W/O CC/MCC,694066.7,42329.57
456 - SPINAL FUS EXC CERV W SPINAL CURV/MALIG/INFEC OR EXT FUS W MCC,1065011.33,51420.22
457 - SPINAL FUS EXC CERV W SPINAL CURV MALIG/ INFEC OR EXT FUS W CC,680515,44386.19
458 - SPINAL FUS EXC CERV W SPINAL CURV MALIG INFEC OR  EXT FUS WO CCMCC,730779,No Medicare Payment Available
459 - SPINAL FUSION EXCEPT CERVICAL W MCC,601045.8,42247.17
460 - SPINAL FUSION EXCEPT CERVICAL W/O MCC,510033.97,32476.63
462 - BILATERAL OR MULTIPLE MAJOR JOINT PROCS OF LOWER EXTREMITY W/O MCC,346732.69,20078.21
463 - WND DEBRID & SKN GRFT EXC HAND; FOR MUSCULO-CONN TISS DIS W MCC,308735.57,28193.7
464 - WND DEBRID & SKN GRFT EXC HAND; FOR MUSCULO-CONN TISS DIS W CC,246135.36,18320.66
465 - WND DEBRID & SKN GRFT EXC HAND; FOR MUSCULO-CONN TISS DIS W/O CC/MCC,99347.72,10507.05
466 - REVISION OF HIP OR KNEE REPLACEMENT W MCC,488833.9,36573.9
467 - REVISION OF HIP OR KNEE REPLACEMENT W CC,333225.49,24029.21
468 - REVISION OF HIP OR KNEE REPLACEMENT W/O CC/MCC,259783.68,16465.16
469 - MAJ HIP AND KNEE JNT REPL OR REATTACH OF LW EXTREM W MCC OR TOT ANKLE REPL,323173.47,19774.79
470 - MAJOR HIP AND KNEE JOINT REPLACEMENT OR REATTACHMENT OF LOWER EXTREMITY W/O MCC,203699.42,11919.12
471 - CERVICAL SPINAL FUSION W MCC,423881.46,29905.71
472 - CERVICAL SPINAL FUSION W CC,386917.57,17396.27
473 - CERVICAL SPINAL FUSION W/O CC/MCC,275106.04,16973.15
474 - AMPUTATION FOR MUSCULOSKELETAL SYS & CONN TISSUE DIS W MCC,330286.4,21605.23
475 - AMPUTATION FOR MUSCULOSKELETAL SYS & CONN TISSUE DIS W CC,152873.67,11428.02
476 - AMPUTATION FOR MUSCULOSKELETAL SYS & CONN TISSUE DIS W/O CC/MCC,117684,No Medicare Payment Available
477 - BIOPSIES OF MUSCULOSKELETAL SYSTEM & CONNECTIVE TISSUE W MCC,273085.24,17606.38
478 - BIOPSIES OF MUSCULOSKELETAL SYSTEM & CONNECTIVE TISSUE W CC,166818.43,12873.25
479 - BIOPSIES OF MUSCULOSKELETAL SYSTEM & CONNECTIVE TISSUE W/O CC/MCC,148836.8,10253.49
480 - HIP & FEMUR PROCEDURES EXCEPT MAJOR JOINT W MCC,347244.59,17918.38
481 - HIP & FEMUR PROCEDURES EXCEPT MAJOR JOINT W CC,202463.46,12746.16
482 - HIP & FEMUR PROCEDURES EXCEPT MAJOR JOINT W/O CC/MCC,148946.33,9586.78
483 - MAJOR JOINT & LIMB REATTACHMENT PROC OF UPPER EXTREMITY W CC/MCC,264851.9,14681.59
485 - KNEE PROCEDURES W PDX OF INFECTION W MCC,239391.2,18796.31
486 - KNEE PROCEDURES W PDX OF INFECTION W CC,253520.25,14599.47
487 - KNEE PROCEDURES W PDX OF INFECTION W/O CC/MCC,66430,No Medicare Payment Available
488 - KNEE PROCEDURES W/O PDX OF INFECTION W CC/MCC,133024.71,10793.08
489 - KNEE PROCEDURES W/O PDX OF INFECTION W/O CC/MCC,175828.29,6925.14
492 - LOWER EXTREM & HUMER PROC EXCEPT HIP;FOOT;FEMUR W MCC,311935.1,19634.97
493 - LOWER EXTREM & HUMER PROC EXCEPT HIP;FOOT;FEMUR W CC,249265.07,12749.88
494 - LOWER EXTREM & HUMER PROC EXCEPT HIP;FOOT;FEMUR W/O CC/MCC,146993.03,10004.16
496 - LOCAL EXCISION & REMOVAL INT FIX DEVICES EXC HIP & FEMUR W CC,234940.57,15528.91
497 - LOCAL EXCISION & REMOVAL INT FIX DEVICES EXC HIP & FEMUR W/O CC/MCC,129576.67,8088.67
498 - LOCAL EXCISION & REMOVAL INT FIX DEVICES OF HIP & FEMUR W CC/MCC,146316,13989.44
499 - LOCAL EXCISION & REMOVAL INT FIX DEVICES OF HIP & FEMUR W/O CC/MCC,51192,7282.19
500 - SOFT TISSUE PROCEDURES W MCC,109430.8,17217.73
501 - SOFT TISSUE PROCEDURES W CC,133511.79,9258.06
502 - SOFT TISSUE PROCEDURES W/O CC/MCC,88862.29,7116.62
503 - FOOT PROCEDURES W MCC,218837.75,14218.17
504 - FOOT PROCEDURES W CC,117956.7,9624.71
505 - FOOT PROCEDURES W/O CC/MCC,146157.86,9161.04
506 - MAJOR THUMB OR JOINT PROCEDURES,99732.5,No Medicare Payment Available
507 - MAJOR SHOULDER OR ELBOW JOINT PROCEDURES W CC/MCC,188063,No Medicare Payment Available
510 - SHOULDER;ELBOW OR FOREARM PROC;EXC MAJOR JOINT PROC W MCC,157523.75,14157.58
511 - SHOULDER;ELBOW OR FOREARM PROC;EXC MAJOR JOINT PROC W CC,160999.63,10309.11
512 - SHOULDER;ELBOW OR FOREARM PROC;EXC MAJOR JOINT PROC W/O CC/MCC,117591.21,8497.74
513 - HAND OR WRIST PROC; EXCEPT MAJOR THUMB OR JOINT PROC W CC/MCC,77378.38,9230.71
514 - HAND OR WRIST PROC; EXCEPT MAJOR THUMB OR JOINT PROC W/O CC/MCC,51575.75,6049.2
515 - OTHER MUSCULOSKELET SYS & CONN TISS O.R. PROC W MCC,241022.89,16130.88
516 - OTHER MUSCULOSKELET SYS & CONN TISS O.R. PROC W CC,176339.32,11345.01
517 - OTHER MUSCULOSKELET SYS & CONN TISS O.R. PROC W/O CC/MCC,135057.88,7967.61
518 - BACK & NECK PROC EXC SPINAL FUSION W MCC OR DISC DEVICE/NEUROSTIM,306030.02,13732.6
519 - BACK & NECK PROC EXC SPINAL FUSION W CC,188056.37,10460.38
520 - BACK & NECK PROC EXC SPINAL FUSION W/O CC/MCC,134578.88,8549.25
533 - FRACTURES OF FEMUR W MCC,48522.67,7731.45
534 - FRACTURES OF FEMUR W/O MCC,50650,No Medicare Payment Available
535 - FRACTURES OF HIP & PELVIS W MCC,53849.17,7221.55
536 - FRACTURES OF HIP & PELVIS W/O MCC,49734.17,4389.17
539 - OSTEOMYELITIS W MCC,104249,9622.54
540 - OSTEOMYELITIS W CC,93974.82,7610.37
541 - OSTEOMYELITIS W/O CC/MCC,32368,No Medicare Payment Available
542 - PATHOLOGICAL FRACTURES & MUSCULOSKELET & CONN TISS MALIG W MCC,140505.22,11831.65
543 - PATHOLOGICAL FRACTURES & MUSCULOSKELET & CONN TISS MALIG W CC,62513.39,6191.57
544 - PATHOLOGICAL FRACTURES & MUSCULOSKELET & CONN TISS MALIG W/O CC/MCC,54424.24,4192.23
545 - CONNECTIVE TISSUE DISORDERS W MCC,188664.6,14803.71
546 - CONNECTIVE TISSUE DISORDERS W CC,116831.05,6004.55
547 - CONNECTIVE TISSUE DISORDERS W/O CC/MCC,49882.8,11719
548 - SEPTIC ARTHRITIS W MCC,265970.5,11667.78
549 - SEPTIC ARTHRITIS W CC,33005,No Medicare Payment Available
550 - SEPTIC ARTHRITIS W/O CC/MCC,40493.33,5392.27
551 - MEDICAL BACK PROBLEMS W MCC,110861.32,10195.42
552 - MEDICAL BACK PROBLEMS W/O MCC,51757.23,5324.18
553 - BONE DISEASES & ARTHROPATHIES W MCC,43999.84,6793.38
554 - BONE DISEASES & ARTHROPATHIES W/O MCC,40121.15,3616.37
555 - SIGNS & SYMPTOMS OF MUSCULOSKELETAL SYSTEM & CONN TISSUE W MCC,69714,7195.3
556 - SIGNS & SYMPTOMS OF MUSCULOSKELETAL SYSTEM & CONN TISSUE W/O MCC,43029.62,4539.4
557 - TENDONITIS; MYOSITIS & BURSITIS W MCC,48441.5,6139.79
558 - TENDONITIS; MYOSITIS & BURSITIS W/O MCC,28768.48,5153.88
559 - AFTERCARE; MUSCULOSKELETAL SYSTEM & CONNECTIVE TISSUE W MCC,95645.93,21012.8
560 - AFTERCARE; MUSCULOSKELETAL SYSTEM & CONNECTIVE TISSUE W CC,72806.71,17994.26
561 - AFTERCARE; MUSCULOSKELETAL SYSTEM & CONNECTIVE TISSUE W/O CC/MCC,64340.47,17418.98
562 - FX; SPRN; STRN & DISL EXCEPT FEMUR; HIP; PELVIS & THIGH W MCC,73616.08,6900.46
563 - FX; SPRN; STRN & DISL EXCEPT FEMUR; HIP; PELVIS & THIGH W/O MCC,49001.5,4750.92
564 - OTHER MUSCULOSKELETAL SYS & CONNECTIVE TISSUE DIAGNOSES W MCC,93536.5,8542.32
565 - OTHER MUSCULOSKELETAL SYS & CONNECTIVE TISSUE DIAGNOSES W CC,57138.38,5703.54
566 - OTHER MUSCULOSKELETAL SYS & CONNECTIVE TISSUE DIAGNOSES W/O CC/MCC,37389.83,4707.09
570 - SKIN DEBRIDEMENT W MCC,212083.67,9705.09
571 - SKIN DEBRIDEMENT W CC,73893.29,9388.29
572 - SKIN DEBRIDEMENT W/O CC/MCC,84336,6888.71
573 - SKIN GRAFT FOR SKIN ULCER OR CELLULITIS W MCC,115732,No Medicare Payment Available
576 - SKIN GRAFT EXC FOR SKIN ULCER OR CELLULITIS W MCC,246966,No Medicare Payment Available
577 - SKIN GRAFT EXC FOR SKIN ULCER OR CELLULITIS W CC,211324.67,No Medicare Payment Available
578 - SKIN GRAFT EXC FOR SKIN ULCER OR CELLULITIS W/O CC/MCC,115975.33,No Medicare Payment Available
579 - OTHER SKIN; SUBCUT TISS & BREAST PROC W MCC,327743.67,14608.8
580 - OTHER SKIN; SUBCUT TISS & BREAST PROC W CC,101251.56,8794.4
581 - OTHER SKIN; SUBCUT TISS & BREAST PROC W/O CC/MCC,89156.15,6825.72
583 - MASTECTOMY FOR MALIGNANCY W/O CC/MCC,337199.67,No Medicare Payment Available
584 - BREAST BIOPSY; LOCAL EXCISION & OTHER BREAST PROCEDURES W CC/MCC,278034,10725.13
585 - BREAST BIOPSY; LOCAL EXCISION & OTHER BREAST PROCEDURES W/O CC/MCC,217889.8,No Medicare Payment Available
592 - SKIN ULCERS W MCC,124372.18,7685.89
593 - SKIN ULCERS W CC,47516.5,No Medicare Payment Available
595 - MAJOR SKIN DISORDERS W MCC,35137,12062.16
596 - MAJOR SKIN DISORDERS W/O MCC,44273.08,5837
597 - MALIGNANT BREAST DISORDERS W MCC,67908.15,8840.54
598 - MALIGNANT BREAST DISORDERS W CC,88875.4,6344.08
600 - NON-MALIGNANT BREAST DISORDERS W CC/MCC,53709.5,5440.51
601 - NON-MALIGNANT BREAST DISORDERS W/O CC/MCC,35154.57,No Medicare Payment Available
602 - CELLULITIS W MCC,86348.36,8130
603 - CELLULITIS W/O MCC,40935.18,4975.4
604 - TRAUMA TO THE SKIN; SUBCUT TISS & BREAST W MCC,133214.67,8097.99
605 - TRAUMA TO THE SKIN; SUBCUT TISS & BREAST W/O MCC,53330.14,5095.64
606 - MINOR SKIN DISORDERS W MCC,45132.67,7406.06
607 - MINOR SKIN DISORDERS W/O MCC,36159.88,4792.65
614 - ADRENAL & PITUITARY PROCEDURES W CC/MCC,254932,17587.64
615 - ADRENAL & PITUITARY PROCEDURES W/O CC/MCC,223691.71,8590.82
616 - AMPUTAT OF LOWER LIMB FOR ENDOCRINE;NUTRIT;& METABOL DIS W MCC,331653.62,24448.59
617 - AMPUTAT OF LOWER LIMB FOR ENDOCRINE;NUTRIT;& METABOL DIS W CC,171094.98,12501.36
620 - O.R. PROCEDURES FOR OBESITY W CC,166265.03,9230.16
622 - SKIN GRAFTS & WOUND DEBRID FOR ENDOC; NUTRIT & METAB DIS W MCC,304164,No Medicare Payment Available
623 - SKIN GRAFTS & WOUND DEBRID FOR ENDOC; NUTRIT & METAB DIS W CC,110350.9,10614.94
624 - SKIN GRAFTS & WOUND DEBRID FOR ENDOC; NUTRIT & METAB DIS W/O CC/MCC,69970,No Medicare Payment Available
625 - THYROID; PARATHYROID & THYROGLOSSAL PROCEDURES W MCC,188517,14027.52
626 - THYROID; PARATHYROID & THYROGLOSSAL PROCEDURES W CC,181907.67,8818.61
628 - OTHER ENDOCRINE; NUTRIT & METAB O.R. PROC W MCC,296031.86,20265.47
629 - OTHER ENDOCRINE; NUTRIT & METAB O.R. PROC W CC,164866.21,13109.58
630 - OTHER ENDOCRINE; NUTRIT & METAB O.R. PROC W/O CC/MCC,208892,No Medicare Payment Available
637 - DIABETES W MCC,88877.77,8214.32
638 - DIABETES W CC,55084.07,4869.23
639 - DIABETES W/O CC/MCC,35687.4,3781.34
640 - MISC DISORDERS OF NUTRITION;METABOLISM;FLUIDS/ELECTROLYTES W MCC,75473.24,6614.47
641 - MISC DISORDERS OF NUTRITION;METABOLISM;FLUIDS/ELECTROLYTES W/O MCC,38050.34,4279.75
642 - INBORN AND OTHER DISORDERS OF METABOLISM,94100.4,No Medicare Payment Available
643 - ENDOCRINE DISORDERS W MCC,70631.61,8605.96
644 - ENDOCRINE DISORDERS W CC,54252.65,5777.88
645 - ENDOCRINE DISORDERS W/O CC/MCC,49683.21,4153.84
653 - MAJOR BLADDER PROCEDURES W MCC,259783,25696.82
654 - MAJOR BLADDER PROCEDURES W CC,224002.33,15463.3
655 - MAJOR BLADDER PROCEDURES W/O CC/MCC,188177,No Medicare Payment Available
656 - KIDNEY & URETER PROCEDURES FOR NEOPLASM W MCC,252681.33,18504.75
657 - KIDNEY & URETER PROCEDURES FOR NEOPLASM W CC,218779.57,11376.24
658 - KIDNEY & URETER PROCEDURES FOR NEOPLASM W/O CC/MCC,197470.92,9086.47
659 - KIDNEY & URETER PROCEDURES FOR NON-NEOPLASM W MCC,280184.33,15971.5
660 - KIDNEY & URETER PROCEDURES FOR NON-NEOPLASM W CC,170412.86,9802.46
661 - KIDNEY & URETER PROCEDURES FOR NON-NEOPLASM W/O CC/MCC,187655.75,8448.64
662 - MINOR BLADDER PROCEDURES W MCC,90032,No Medicare Payment Available
664 - MINOR BLADDER PROCEDURES W/O CC/MCC,78200.5,7570.23
665 - PROSTATECTOMY W MCC,137767,17751.83
666 - PROSTATECTOMY W CC,207835,10012.16
667 - PROSTATECTOMY W/O CC/MCC,163508,4937.69
669 - TRANSURETHRAL PROCEDURES W CC,126229.55,8055.9
670 - TRANSURETHRAL PROCEDURES W/O CC/MCC,58088,5559.38
673 - OTHER KIDNEY & URINARY TRACT PROCEDURES W MCC,273683.5,19877.95
674 - OTHER KIDNEY & URINARY TRACT PROCEDURES W CC,170191.57,13627.16
675 - OTHER KIDNEY & URINARY TRACT PROCEDURES W/O CC/MCC,173718,No Medicare Payment Available
682 - RENAL FAILURE W MCC,82945.29,8229.13
683 - RENAL FAILURE W CC,55422.97,5463.97
684 - RENAL FAILURE W/O CC/MCC,31933.18,3736.73
686 - KIDNEY & URINARY TRACT NEOPLASMS W MCC,58808.5,10011.56
687 - KIDNEY & URINARY TRACT NEOPLASMS W CC,72958.4,6345.29
688 - KIDNEY & URINARY TRACT NEOPLASMS W/O CC/MCC,11863,5091.84
689 - KIDNEY & URINARY TRACT INFECTIONS W MCC,72752.96,6146.12
690 - KIDNEY & URINARY TRACT INFECTIONS W/O MCC,39981.75,4654.36
693 - URINARY STONES W/O ESW LITHOTRIPSY W MCC,147927.17,8275.28
694 - URINARY STONES W/O ESW LITHOTRIPSY W/O MCC,54916.51,4818.52
695 - KIDNEY & URINARY TRACT SIGNS & SYMPTOMS W MCC,84636.17,6892.84
696 - KIDNEY & URINARY TRACT SIGNS & SYMPTOMS W/O MCC,39647.92,3793.08
698 - OTHER KIDNEY & URINARY TRACT DIAGNOSES W MCC,102861.71,8746.9
699 - OTHER KIDNEY & URINARY TRACT DIAGNOSES W CC,58740.23,6087.56
700 - OTHER KIDNEY & URINARY TRACT DIAGNOSES W/O CC/MCC,42704,2352.44
707 - MAJOR MALE PELVIC PROCEDURES W CC/MCC,182255,10406.65
708 - MAJOR MALE PELVIC PROCEDURES W/O CC/MCC,169482.63,8090.53
711 - TESTES PROCEDURES W CC/MCC,238896,No Medicare Payment Available
712 - TESTES PROCEDURES W/O CC/MCC,56835.33,No Medicare Payment Available
713 - TRANSURETHRAL PROSTATECTOMY W CC/MCC,97289,8366.71
716 - OTHER MALE REPRODUCTIVE SYSTEM O.R. PROC FOR MALIGNANCY W/O CC/MCC,175748,No Medicare Payment Available
717 - OTHER MALE REPRODUCTIVE SYSTEM O.R. PROC EXC MALIGNANCY W CC/MCC,128242,11160.37
718 - OTHER MALE REPRODUCTIVE SYSTEM O.R. PROC EXC MALIGNANCY W/O CC/MCC,44300,2494.39
722 - MALIGNANCY; MALE REPRODUCTIVE SYSTEM W MCC,42447,9996.11
723 - MALIGNANCY; MALE REPRODUCTIVE SYSTEM W CC,94022,6645.11
725 - BENIGN PROSTATIC HYPERTROPHY W MCC,68015,5682.76
726 - BENIGN PROSTATIC HYPERTROPHY W/O MCC,42859.09,4507.6
727 - INFLAMMATION OF THE MALE REPRODUCTIVE SYSTEM W MCC,122581,8508.16
728 - INFLAMMATION OF THE MALE REPRODUCTIVE SYSTEM W/O MCC,50326.1,4706.05
729 - OTHER MALE REPRODUCTIVE SYSTEM DIAGNOSES W CC/MCC,4045,No Medicare Payment Available
734 - PELVIC EVISCERATION; RAD HYSTERECTOMY & RAD VULVECTOMY W CC/MCC,254490.25,12508.14
735 - PELVIC EVISCERATION; RAD HYSTERECTOMY & RAD VULVECTOMY W/O CC/MCC,179800.67,7679.56
736 - UTERINE & ADNEXA PROC FOR OVARIAN OR ADNEXAL MALIGNANCY W MCC,411176,47022.22
737 - UTERINE & ADNEXA PROC FOR OVARIAN OR ADNEXAL MALIGNANCY W CC,200743.41,11275.49
738 - UTERINE & ADNEXA PROC FOR OVARIAN OR ADNEXAL MALIGNANCY W/O CC/MCC,152262.83,7986.35
739 - UTERINE;ADNEXA PROC FOR NON-OVARIAN/ADNEXAL MALIG W MCC,384670,18752.42
740 - UTERINE;ADNEXA PROC FOR NON-OVARIAN/ADNEXAL MALIG W CC,223160.18,10920.48
741 - UTERINE;ADNEXA PROC FOR NON-OVARIAN/ADNEXAL MALIG W/O CC/MCC,182556.91,7439.11
742 - UTERINE & ADNEXA PROC FOR NON-MALIGNANCY W CC/MCC,158582.9,11818.61
743 - UTERINE & ADNEXA PROC FOR NON-MALIGNANCY W/O CC/MCC,114172.64,6294.96
744 - D&C; CONIZATION; LAPAROSCOPY & TUBAL INTERRUPTION W CC/MCC,112311.17,8158.92
745 - D&C; CONIZATION; LAPAROSCOPY & TUBAL INTERRUPTION W/O CC/MCC,55262.51,No Medicare Payment Available
746 - VAGINA; CERVIX & VULVA PROCEDURES W CC/MCC,181496.17,9497.86
747 - VAGINA; CERVIX & VULVA PROCEDURES W/O CC/MCC,125606.46,4154.59
748 - FEMALE REPRODUCTIVE SYSTEM RECONSTRUCTIVE PROCEDURES,135016.33,No Medicare Payment Available
749 - OTHER FEMALE REPRODUCTIVE SYSTEM O.R. PROCEDURES W CC/MCC,212983.75,14651.66
750 - OTHER FEMALE REPRODUCTIVE SYSTEM O.R. PROCEDURES W/O CC/MCC,101581,No Medicare Payment Available
754 - MALIGNANCY; FEMALE REPRODUCTIVE SYSTEM W MCC,111442.22,9910.45
755 - MALIGNANCY; FEMALE REPRODUCTIVE SYSTEM W CC,54291.71,6472.74
756 - MALIGNANCY; FEMALE REPRODUCTIVE SYSTEM W/O CC/MCC,22289.5,10.44
757 - INFECTIONS; FEMALE REPRODUCTIVE SYSTEM W MCC,69804.2,8600.31
758 - INFECTIONS; FEMALE REPRODUCTIVE SYSTEM W CC,43676.25,6014.48
759 - INFECTIONS; FEMALE REPRODUCTIVE SYSTEM W/O CC/MCC,34910.5,No Medicare Payment Available
760 - MENSTRUAL & OTHER FEMALE REPRODUCTIVE SYSTEM DISORDERS W CC/MCC,52001.92,No Medicare Payment Available
761 - MENSTRUAL & OTHER FEMALE REPRODUCTIVE SYSTEM DISORDERS W/O CC/MCC,35273,No Medicare Payment Available
765 - CESAREAN SECTION W CC/MCC,42612.77,6164.13
766 - CESAREAN SECTION W/O CC/MCC,36496.64,4866.8
767 - VAGINAL DELIVERY W STERILIZATION &/OR D&C,57978.05,5385.26
768 - VAGINAL DELIVERY W O.R. PROC EXCEPT STERIL &/OR D&C,39896.67,No Medicare Payment Available
769 - POSTPARTUM & POST ABORTION DIAGNOSES W O.R. PROCEDURE,124325.5,No Medicare Payment Available
770 - ABORTION W D&C; ASPIRATION CURETTAGE OR HYSTEROTOMY,58902.58,No Medicare Payment Available
774 - VAGINAL DELIVERY W COMPLICATING DIAGNOSES,28011.6,No Medicare Payment Available
775 - VAGINAL DELIVERY W/O COMPLICATING DIAGNOSES,22600.49,3381.8
776 - POSTPARTUM & POST ABORTION DIAGNOSES W/O O.R. PROCEDURE,50010.67,No Medicare Payment Available
777 - ECTOPIC PREGNANCY,96465.33,No Medicare Payment Available
778 - THREATENED ABORTION,15726.67,3581.77
779 - ABORTION W/O D&C,27591.17,No Medicare Payment Available
780 - FALSE LABOR,18400.5,No Medicare Payment Available
781 - OTHER ANTEPARTUM DIAGNOSES W MEDICAL COMPLICATIONS,30553.26,3684.42
782 - OTHER ANTEPARTUM DIAGNOSES W/O MEDICAL COMPLICATIONS,17558.59,No Medicare Payment Available
785 - CESAREAN SECTION W STERILIZATION W/O CC/MCC,41228,No Medicare Payment Available
787 - CESAREAN SECTION W/O STERILIZATION W CC,39940,No Medicare Payment Available
788 - CESAREAN SECTION W/O STERILIZATION W/O CC/MCC,34117.5,No Medicare Payment Available
789 - NEONATES; DIED OR TRANSFERRED TO ANOTHER ACUTE CARE FACILITY,229707.45,No Medicare Payment Available
790 - EXTREME IMMATURITY OR RESPIRATORY DISTRESS SYNDROME; NEONATE,472886.09,No Medicare Payment Available
791 - PREMATURITY W MAJOR PROBLEMS,154180.98,No Medicare Payment Available
792 - PREMATURITY W/O MAJOR PROBLEMS,27273.17,No Medicare Payment Available
793 - FULL TERM NEONATE W MAJOR PROBLEMS,47369.39,No Medicare Payment Available
794 - NEONATE W OTHER SIGNIFICANT PROBLEMS,6373.82,No Medicare Payment Available
795 - NORMAL NEWBORN,3981.89,No Medicare Payment Available
799 - SPLENECTOMY W MCC,516774.33,39382.69
800 - SPLENECTOMY W CC,408705.5,15421.88
802 - OTHER O.R. PROC OF THE BLOOD & BLOOD FORMING ORGANS W MCC,86777,18427.28
803 - OTHER O.R. PROC OF THE BLOOD & BLOOD FORMING ORGANS W CC,136602,No Medicare Payment Available
804 - OTHER O.R. PROC OF THE BLOOD & BLOOD FORMING ORGANS W/O CC/MCC,151703,3893.94
806 - VAGINAL DELIVERY W/O STERILIZATION/D&C W CC,38317.5,No Medicare Payment Available
807 - VAGINAL DELIVERY W/O STERILIZATION/D&C W/O CC/MCC,24677.25,No Medicare Payment Available
808 - MAJOR HEMATOL/IMMUN DIAG EXC SICKLE CELL CRISIS & COAGUL W MCC,156867.4,13392.55
809 - MAJOR HEMATOL/IMMUN DIAG EXC SICKLE CELL CRISIS & COAGUL W CC,93802.2,8601.71
810 - MAJOR HEMATOL/IMMUN DIAG EXC SICKLE CELL CRISIS & COAGUL W/O CC/MCC,42051.99,5613.83
811 - RED BLOOD CELL DISORDERS W MCC,85228.25,7968.27
812 - RED BLOOD CELL DISORDERS W/O MCC,47982.37,5108.44
813 - COAGULATION DISORDERS,97027.7,9621.82
814 - RETICULOENDOTHELIAL & IMMUNITY DISORDERS W MCC,83695.2,10210.52
815 - RETICULOENDOTHELIAL & IMMUNITY DISORDERS W CC,58248.84,5778.24
816 - RETICULOENDOTHELIAL & IMMUNITY DISORDERS W/O CC/MCC,35189.33,4308.65
820 - LYMPHOMA & LEUKEMIA W MAJOR O.R. PROCEDURE W MCC,396787,No Medicare Payment Available
821 - LYMPHOMA & LEUKEMIA W MAJOR O.R. PROCEDURE W CC,203049.17,13367.02
822 - LYMPHOMA & LEUKEMIA W MAJOR O.R. PROCEDURE W/O CC/MCC,164828.5,7272.77
823 - LYMPHOMA & NON-ACUTE LEUKEMIA W OTHER PROC W MCC,306387.25,24363.83
824 - LYMPHOMA & NON-ACUTE LEUKEMIA W OTHER PROC W CC,255676.67,12562.67
825 - LYMPHOMA & NON-ACUTE LEUKEMIA W OTHER PROC W/O CC/MCC,125893.5,7387.57
826 - MYELOPROLIF DISORD OR POORLY DIFF NEOPL W MAJ O.R. PROC W MCC,505676.67,29407.24
827 - MYELOPROLIF DISORD OR POORLY DIFF NEOPL W MAJ O.R. PROC W CC,186075,13520.8
828 - MYELOPROLIF DISORD OR POORLY DIFF NEOPL W MAJ O.R. PROC W/O CC/MCC,188907,9380.38
829 - MYELOPROLIF DISORD OR POORLY DIFF NEOPL W OTHER PROC W CC/MCC,271320.25,17745.43
830 - MYELOPROLIF DISORD OR POORLY DIFF NEOPL W OTHER PROC W/O CC/MCC,96331,No Medicare Payment Available
831 - OTHER ANTEPARTUM DIAGNOSES W/O O.R. PROCEDURE W MCC,23675,No Medicare Payment Available
832 - OTHER ANTEPARTUM DIAGNOSES W/O O.R. PROCEDURE W CC,33244,No Medicare Payment Available
834 - ACUTE LEUKEMIA W/O MAJOR O.R. PROCEDURE W MCC,116949,30807.91
835 - ACUTE LEUKEMIA W/O MAJOR O.R. PROCEDURE W CC,55442,No Medicare Payment Available
836 - ACUTE LEUKEMIA W/O MAJOR O.R. PROCEDURE W/O CC/MCC,57393,8103.62
837 - CHEMO W ACUTE LEUKEMIA AS SDX OR W HIGH DOSE CHEMO AGENT W MCC,135505,No Medicare Payment Available
839 - CHEMO W ACUTE LEUKEMIA AS SDX W/O CC/MCC,33543,7788.46
840 - LYMPHOMA & NON-ACUTE LEUKEMIA W MCC,173493.39,18855.56
841 - LYMPHOMA & NON-ACUTE LEUKEMIA W CC,68378.89,6171.34
842 - LYMPHOMA & NON-ACUTE LEUKEMIA W/O CC/MCC,77778.33,7078.48
843 - OTHER MYELOPROLIF DIS OR POORLY DIFF NEOPL DIAG W MCC,144036.75,9635.43
844 - OTHER MYELOPROLIF DIS OR POORLY DIFF NEOPL DIAG W CC,87210.17,6881.69
845 - OTHER MYELOPROLIF DIS OR POORLY DIFF NEOPL DIAG W/O CC/MCC,43918.67,5394.73
846 - CHEMOTHERAPY W/O ACUTE LEUKEMIA AS SECONDARY DIAGNOSIS W MCC,70298.5,13615.96
847 - CHEMOTHERAPY W/O ACUTE LEUKEMIA AS SECONDARY DIAGNOSIS W CC,67239.19,7056.93
853 - INFECTIOUS & PARASITIC DISEASES W O.R. PROCEDURE W MCC,395846.45,29643.2
854 - INFECTIOUS & PARASITIC DISEASES W O.R. PROCEDURE W CC,178222.03,13683.2
855 - INFECTIOUS & PARASITIC DISEASES W O.R. PROCEDURE W/O CC/MCC,190885,No Medicare Payment Available
856 - POSTOPERATIVE OR POST-TRAUMATIC INFECTIONS W O.R. PROC W MCC,374257.42,23620.97
857 - POSTOPERATIVE OR POST-TRAUMATIC INFECTIONS W O.R. PROC W CC,129334.36,11318.02
858 - POSTOPERATIVE OR POST-TRAUMATIC INFECTIONS W O.R. PROC W/O CC/MCC,91835.25,4415.13
862 - POSTOPERATIVE & POST-TRAUMATIC INFECTIONS W MCC,128186.09,10515
863 - POSTOPERATIVE & POST-TRAUMATIC INFECTIONS W/O MCC,59752.85,5809.28
864 - FEVER,57532.05,5230.94
865 - VIRAL ILLNESS W MCC,38746.04,18635.55
866 - VIRAL ILLNESS W/O MCC,38100.04,3099.07
867 - OTHER INFECTIOUS & PARASITIC DISEASES DIAGNOSES W MCC,181419.15,12238.64
868 - OTHER INFECTIOUS & PARASITIC DISEASES DIAGNOSES W CC,34620,No Medicare Payment Available
869 - OTHER INFECTIOUS & PARASITIC DISEASES DIAGNOSES W/O CC/MCC,22771,No Medicare Payment Available
870 - SEPTICEMIA OR SEVERE SEPSIS W MV >96 HOURS,539122.45,35575.6
871 - SEPTICEMIA OR SEVERE SEPSIS W/O MV >96 HOURS W MCC,121569.85,10503.52
872 - SEPTICEMIA OR SEVERE SEPSIS W/O MV >96 HOURS W/O MCC,62471.03,5999.9
876 - O.R. PROCEDURE W PRINCIPAL DIAGNOSES OF MENTAL ILLNESS,128174.75,35402.41
880 - ACUTE ADJUSTMENT REACTION & PSYCHOSOCIAL DYSFUNCTION,31561.8,5339.69
881 - DEPRESSIVE NEUROSES,22548.35,8211.97
882 - NEUROSES EXCEPT DEPRESSIVE,20217.75,3592.31
883 - DISORDERS OF PERSONALITY & IMPULSE CONTROL,22892.73,No Medicare Payment Available
884 - ORGANIC DISTURBANCES & INTELLECTUAL DISABILITY,73902.62,11300.63
885 - PSYCHOSES,29906.85,7148.21
886 - BEHAVIORAL & DEVELOPMENTAL DISORDERS,28970.1,No Medicare Payment Available
894 - ALCOHOL/DRUG ABUSE OR DEPENDENCE; LEFT AMA,24076.86,2390.87
895 - ALCOHOL/DRUG ABUSE OR DEPENDENCE W REHABILITATION THERAPY,21684.08,No Medicare Payment Available
896 - ALCOHOL/DRUG ABUSE OR DEPENDENCE W/O REHABILITATION THERAPY W MCC,99418.59,9184.71
897 - ALCOHOL/DRUG ABUSE OR DEPENDENCE W/O REHABILITATION THERAPY W/O MCC,31378.57,4050.98
901 - WOUND DEBRIDEMENTS FOR INJURIES W MCC,85029,23596.55
902 - WOUND DEBRIDEMENTS FOR INJURIES W CC,100905.33,11444.01
904 - SKIN GRAFTS FOR INJURIES W CC/MCC,266125,No Medicare Payment Available
906 - HAND PROCEDURES FOR INJURIES,125493.44,10151.42
907 - OTHER O.R. PROCEDURES FOR INJURIES W MCC,324026.57,36422.94
908 - OTHER O.R. PROCEDURES FOR INJURIES W CC,187760.23,11627.88
909 - OTHER O.R. PROCEDURES FOR INJURIES W/O CC/MCC,83216.14,5517.28
913 - TRAUMATIC INJURY W MCC,124458.79,7986.92
914 - TRAUMATIC INJURY W/O MCC,45044.21,4664.63
915 - ALLERGIC REACTIONS W MCC,89169.27,9334.62
916 - ALLERGIC REACTIONS W/O MCC,31326.92,3415.99
917 - POISONING & TOXIC EFFECTS OF DRUGS W MCC,86986.56,7627.32
918 - POISONING & TOXIC EFFECTS OF DRUGS W/O MCC,33275.2,4310.2
919 - COMPLICATIONS OF TREATMENT W MCC,97292.38,9779.58
920 - COMPLICATIONS OF TREATMENT W CC,50547.86,5934.93
921 - COMPLICATIONS OF TREATMENT W/O CC/MCC,35461.47,2836.88
922 - OTHER INJURY; POISONING & TOXIC EFFECT DIAG W MCC,162141.8,16490.74
923 - OTHER INJURY; POISONING & TOXIC EFFECT DIAG W/O MCC,59913.23,4574.55
935 - NON-EXTENSIVE BURNS,49672.5,9731.49
939 - O.R. PROC W DIAGNOSES OF OTHER CONTACT W HEALTH SERVICES W MCC,358948,19664.47
940 - O.R. PROC W DIAGNOSES OF OTHER CONTACT W HEALTH SERVICES W CC,407328.03,12015.35
941 - O.R. PROC W DIAGNOSES OF OTHER CONTACT W HEALTH SERVICES W/O CC/MCC,86604,No Medicare Payment Available
945 - REHABILITATION W CC/MCC,79705.3,17243.09
946 - REHABILITATION W/O CC/MCC,64427.83,14948.93
947 - SIGNS & SYMPTOMS W MCC,64740.76,6678.27
948 - SIGNS & SYMPTOMS W/O MCC,50134.36,4343.74
949 - AFTERCARE W CC/MCC,79982.45,16746.16
950 - AFTERCARE W/O CC/MCC,51713.5,16903.28
951 - OTHER FACTORS INFLUENCING HEALTH STATUS,12526.54,4821.86
955 - CRANIOTOMY FOR MULTIPLE SIGNIFICANT TRAUMA,426086,No Medicare Payment Available
956 - LIMB REATTACHMENT; HIP & FEMUR PROC FOR MULTIPLE SIGNIFICANT TRAUMA,480326.5,20331.99
957 - OTHER O.R. PROCEDURES FOR MULTIPLE SIGNIFICANT TRAUMA W MCC,551629.79,53520.65
958 - OTHER O.R. PROCEDURES FOR MULTIPLE SIGNIFICANT TRAUMA W CC,437612.81,24119.6
959 - OTHER O.R. PROCEDURES FOR MULTIPLE SIGNIFICANT TRAUMA W/O CC/MCC,151213,No Medicare Payment Available
963 - OTHER MULTIPLE SIGNIFICANT TRAUMA W MCC,255285.43,15257.01
964 - OTHER MULTIPLE SIGNIFICANT TRAUMA W CC,93100,8328.07
965 - OTHER MULTIPLE SIGNIFICANT TRAUMA W/O CC/MCC,55967.67,5928.75
969 - HIV W EXTENSIVE O.R. PROCEDURE W MCC,883644,No Medicare Payment Available
974 - HIV W MAJOR RELATED CONDITION W MCC,247132.3,16626.88
975 - HIV W MAJOR RELATED CONDITION W CC,110014.35,3799.54
976 - HIV W MAJOR RELATED CONDITION W/O CC/MCC,14525,No Medicare Payment Available
977 - HIV W OR W/O OTHER RELATED CONDITION,94345,7575.55
981 - EXTENSIVE O.R. PROCEDURE UNRELATED TO PRINCIPAL DIAGNOSIS W MCC,359134.08,24696.79
982 - EXTENSIVE O.R. PROCEDURE UNRELATED TO PRINCIPAL DIAGNOSIS W CC,164282.77,15241.47
983 - EXTENSIVE O.R. PROCEDURE UNRELATED TO PRINCIPAL DIAGNOSIS W/O CC/MCC,159266.33,9559.56
987 - NON-EXTENSIVE O.R. PROC UNRELATED TO PRINCIPAL DIAGNOSIS W MCC,299082.47,18428.64
988 - NON-EXTENSIVE O.R. PROC UNRELATED TO PRINCIPAL DIAGNOSIS W CC,125574.9,9853.99
989 - NON-EXTENSIVE O.R. PROC UNRELATED TO PRINCIPAL DIAGNOSIS W/O CC/MCC,88940.5,6568.71
