Temple University Health System,,,,
TUH Main,,,,
FY18 Charges by DRG, ,,,
,,,,
,,,,
MS DRG,Description,Cases,Total Charges,Avg Charge
1,HEART TRANSPLANT OR IMPLANT OF HEART ASSIST SYSTEM W MCC MS,43,"$104,069,232 ","$2,420,215 "
2,HEART TRANSPLANT OR IMPLANT OF HEART ASSIST SYSTEM W/O MCC MS,2,"2,306,242","1,153,121"
3,"ECMO OR TRACH W MV >96 HRS OR PDX EXC FACE, MOUTH & NECK W MAJ O.R. MS",242,"429,494,302","1,774,770"
4,"TRACH W MV >96 HRS OR PDX EXC FACE, MOUTH & NECK W/O MAJ O.R. MS",63,"68,968,863","1,094,744"
5,LIVER TRANSPLANT W MCC OR INTESTINAL TRANSPLANT MS,2,"3,631,872","1,815,936"
6,LIVER TRANSPLANT W/O MCC MS,4,"4,883,799","1,220,950"
7,LUNG TRANSPLANT MS,95,"122,175,426","1,286,057"
8,SIMULTANEOUS PANCREAS/KIDNEY TRANSPLANT MS,8,"11,694,215","1,461,777"
11,"TRACHEOSTOMY FOR FACE,MOUTH & NECK DIAGNOSES W MCC MS",11,"6,042,895","549,354"
12,"TRACHEOSTOMY FOR FACE,MOUTH & NECK DIAGNOSES W CC MS",12,"4,142,079","345,173"
13,"TRACHEOSTOMY FOR FACE,MOUTH & NECK DIAGNOSES W/O CC/MCC MS",4,"608,610","152,153"
14,ALLOGENEIC BONE MARROW TRANSPLANT MS,37,"35,345,646","955,288"
16,AUTOLOGOUS BONE MARROW TRANSPLANT W CC/MCC MS,94,"34,424,222","366,215"
17,AUTOLOGOUS BONE MARROW TRANSPLANT W/O CC/MCC MS,6,"1,896,393","316,065"
20,INTRACRANIAL VASCULAR PROCEDURES W PDX HEMORRHAGE W MCC MS,9,"6,135,743","681,749"
21,INTRACRANIAL VASCULAR PROCEDURES W PDX HEMORRHAGE W CC MS,4,"1,797,487","449,372"
22,INTRACRANIAL VASCULAR PROCEDURES W PDX HEMORRHAGE W/O CC/MCC MS,3,"1,116,345","372,115"
23,CRANIO W MAJOR DEV IMPL/ACUTE COMPLEX CNS PDX W MCC OR CHEMO IMPLANT MS,7,"4,547,553","649,650"
23,CRANIOTOMY W MAJOR DEVICE IMPLANT OR ACUTE CNS PDX W MCC OR CHEMOTHERAPY IMPL MS,41,"18,893,823","460,825"
24,CRANIO W MAJOR DEV IMPL/ACUTE COMPLEX CNS PDX W/O MCC MS,21,"4,246,501","202,214"
25,CRANIOTOMY & ENDOVASCULAR INTRACRANIAL PROCEDURES W MCC MS,97,"38,240,016","394,227"
26,CRANIOTOMY & ENDOVASCULAR INTRACRANIAL PROCEDURES W CC MS,53,"14,367,439","271,084"
27,CRANIOTOMY & ENDOVASCULAR INTRACRANIAL PROCEDURES W/O CC/MCC MS,36,"6,078,268","168,841"
28,SPINAL PROCEDURES W MCC MS,9,"5,695,599","632,844"
29,SPINAL PROCEDURES W CC OR SPINAL NEUROSTIMULATORS MS,24,"9,527,590","396,983"
30,SPINAL PROCEDURES W/O CC/MCC MS,14,"2,346,664","167,619"
31,VENTRICULAR SHUNT PROCEDURES W MCC MS,3,"650,214","216,738"
32,VENTRICULAR SHUNT PROCEDURES W CC MS,5,"1,270,138","254,028"
33,VENTRICULAR SHUNT PROCEDURES W/O CC/MCC MS,2,"496,106","248,053"
34,CAROTID ARTERY STENT PROCEDURE W MCC MS,4,"1,353,493","338,373"
35,CAROTID ARTERY STENT PROCEDURE W CC MS,7,"2,167,914","309,702"
36,CAROTID ARTERY STENT PROCEDURE W/O CC/MCC MS,6,"571,504","95,251"
37,EXTRACRANIAL PROCEDURES W MCC MS,2,"624,589","312,294"
38,EXTRACRANIAL PROCEDURES W CC MS,4,"1,535,567","383,892"
39,EXTRACRANIAL PROCEDURES W/O CC/MCC MS,4,"575,788","143,947"
40,PERIPH/CRANIAL NERVE & OTHER NERV SYST PROC W MCC MS,12,"6,767,520","563,960"
41,PERIPH/CRANIAL NERVE & OTHER NERV SYST PROC W CC OR PERIPH NEUROSTIM MS,46,"9,594,028","208,566"
42,PERIPH/CRANIAL NERVE & OTHER NERV SYST PROC W/O CC/MCC MS,16,"2,079,439","129,965"
52,SPINAL DISORDERS & INJURIES W CC/MCC MS,1,"551,565","551,565"
53,SPINAL DISORDERS & INJURIES W/O CC/MCC MS,1,"54,175","54,175"
54,NERVOUS SYSTEM NEOPLASMS W MCC MS,44,"5,730,859","130,247"
55,NERVOUS SYSTEM NEOPLASMS W/O MCC MS,10,"1,067,522","106,752"
56,DEGENERATIVE NERVOUS SYSTEM DISORDERS W MCC MS,48,"9,703,121","202,148"
57,DEGENERATIVE NERVOUS SYSTEM DISORDERS W/O MCC MS,153,"24,996,460","163,376"
58,MULTIPLE SCLEROSIS & CEREBELLAR ATAXIA W MCC MS,2,"585,298","292,649"
59,MULTIPLE SCLEROSIS & CEREBELLAR ATAXIA W CC MS,9,"960,024","106,669"
60,MULTIPLE SCLEROSIS & CEREBELLAR ATAXIA W/O CC/MCC MS,12,"955,275","79,606"
61,ACUTE ISCHEMIC STROKE W USE OF THROMBOLYTIC AGENT W MCC MS,1,"187,877","187,877"
61,"ISCHEMIC STROKE, PRECEREBRAL OCCLUSION OR TRANSIENT ISCHEMIA W THROMBOLYTIC A MS",5,"1,715,155","343,031"
62,ACUTE ISCHEMIC STROKE W USE OF THROMBOLYTIC AGENT W CC MS,3,"425,262","141,754"
62,"ISCHEMIC STROKE, PRECEREBRAL OCCLUSION OR TRANSIENT ISCHEMIA W THROMBOLYTIC A MS",13,"2,881,497","221,654"
63,ACUTE ISCHEMIC STROKE W USE OF THROMBOLYTIC AGENT W/O CC/MCC MS,1,"98,503","98,503"
64,INTRACRANIAL HEMORRHAGE OR CEREBRAL INFARCTION W MCC MS,111,"21,169,593","190,717"
65,INTRACRANIAL HEMORRHAGE OR CEREBRAL INFARCTION W CC OR TPA IN 24 HRS MS,170,"20,453,072","120,312"
66,INTRACRANIAL HEMORRHAGE OR CEREBRAL INFARCTION W/O CC/MCC MS,43,"3,667,114","85,282"
67,NONSPECIFIC CVA & PRECEREBRAL OCCLUSION W/O INFARCT W MCC MS,2,"347,570","173,785"
68,NONSPECIFIC CVA & PRECEREBRAL OCCLUSION W/O INFARCT W/O MCC MS,3,"249,331","83,110"
69,TRANSIENT ISCHEMIA MS,10,"1,023,516","102,352"
69,TRANSIENT ISCHEMIA W/O THROMBOLYTIC MS,17,"1,333,379","78,434"
70,NONSPECIFIC CEREBROVASCULAR DISORDERS W MCC MS,27,"3,489,818","129,253"
71,NONSPECIFIC CEREBROVASCULAR DISORDERS W CC MS,20,"1,956,811","97,841"
72,NONSPECIFIC CEREBROVASCULAR DISORDERS W/O CC/MCC MS,9,"664,079","73,787"
73,CRANIAL & PERIPHERAL NERVE DISORDERS W MCC MS,19,"2,757,971","145,156"
74,CRANIAL & PERIPHERAL NERVE DISORDERS W/O MCC MS,69,"6,295,373","91,237"
76,VIRAL MENINGITIS W/O CC/MCC MS,1,"106,087","106,087"
77,HYPERTENSIVE ENCEPHALOPATHY W MCC MS,2,"338,947","169,474"
78,HYPERTENSIVE ENCEPHALOPATHY W CC MS,2,"198,421","99,211"
80,NONTRAUMATIC STUPOR & COMA W MCC MS,2,"379,011","189,506"
82,"TRAUMATIC STUPOR & COMA, COMA >1 HR W MCC MS",22,"4,170,311","189,560"
83,"TRAUMATIC STUPOR & COMA, COMA >1 HR W CC MS",69,"9,640,360","139,715"
84,"TRAUMATIC STUPOR & COMA, COMA >1 HR W/O CC/MCC MS",44,"3,983,428","90,532"
85,"TRAUMATIC STUPOR & COMA, COMA <1 HR W MCC MS",11,"3,139,247","285,386"
86,"TRAUMATIC STUPOR & COMA, COMA <1 HR W CC MS",35,"5,080,470","145,156"
87,"TRAUMATIC STUPOR & COMA, COMA <1 HR W/O CC/MCC MS",31,"2,343,325","75,591"
90,CONCUSSION W/O CC/MCC MS,4,"263,242","65,811"
91,OTHER DISORDERS OF NERVOUS SYSTEM W MCC MS,18,"3,681,251","204,514"
92,OTHER DISORDERS OF NERVOUS SYSTEM W CC MS,44,"3,399,325","77,257"
93,OTHER DISORDERS OF NERVOUS SYSTEM W/O CC/MCC MS,36,"2,118,814","58,856"
94,BACTERIAL & TUBERCULOUS INFECTIONS OF NERVOUS SYSTEM W MCC MS,2,"756,320","378,160"
95,BACTERIAL & TUBERCULOUS INFECTIONS OF NERVOUS SYSTEM W CC MS,4,"897,808","224,452"
96,BACTERIAL & TUBERCULOUS INFECTIONS OF NERVOUS SYSTEM W/O CC/MCC MS,3,"768,600","256,200"
97,NON-BACTERIAL INFECT OF NERVOUS SYS EXC VIRAL MENINGITIS W MCC MS,5,"1,374,969","274,994"
98,NON-BACTERIAL INFECT OF NERVOUS SYS EXC VIRAL MENINGITIS W CC MS,2,"196,210","98,105"
99,NON-BACTERIAL INFECT OF NERVOUS SYS EXC VIRAL MENINGITIS W/O CC/MCC MS,5,"320,093","64,019"
69,Name Not Found,1,-832,-832
92,Name Not Found,1,"-12,986","-12,986"
100,SEIZURES W MCC MS,67,"12,067,875","180,118"
101,SEIZURES W/O MCC MS,229,"17,874,193","78,053"
102,HEADACHES W MCC MS,3,"188,588","62,863"
103,HEADACHES W/O MCC MS,33,"1,997,186","60,521"
113,ORBITAL PROCEDURES W CC/MCC MS,12,"1,512,525","126,044"
114,ORBITAL PROCEDURES W/O CC/MCC MS,8,"705,736","88,217"
115,EXTRAOCULAR PROCEDURES EXCEPT ORBIT MS,4,"244,074","61,019"
116,INTRAOCULAR PROCEDURES W CC/MCC MS,1,"119,855","119,855"
117,INTRAOCULAR PROCEDURES W/O CC/MCC MS,2,"202,378","101,189"
122,ACUTE MAJOR EYE INFECTIONS W/O CC/MCC MS,1,"78,228","78,228"
123,NEUROLOGICAL EYE DISORDERS MS,7,"480,858","68,694"
124,OTHER DISORDERS OF THE EYE W MCC MS,2,"467,164","233,582"
125,OTHER DISORDERS OF THE EYE W/O MCC MS,12,"779,242","64,937"
129,MAJOR HEAD & NECK PROCEDURES W CC/MCC OR MAJOR DEVICE MS,4,"889,929","222,482"
130,MAJOR HEAD & NECK PROCEDURES W/O CC/MCC MS,3,"405,683","135,228"
131,CRANIAL/FACIAL PROCEDURES W CC/MCC MS,46,"8,633,940","187,694"
132,CRANIAL/FACIAL PROCEDURES W/O CC/MCC MS,54,"8,337,946","154,406"
133,"OTHER EAR, NOSE, MOUTH & THROAT O.R. PROCEDURES W CC/MCC MS",10,"1,721,457","172,146"
134,"OTHER EAR, NOSE, MOUTH & THROAT O.R. PROCEDURES W/O CC/MCC MS",14,"1,477,599","105,543"
135,SINUS & MASTOID PROCEDURES W CC/MCC MS,1,"277,848","277,848"
136,SINUS & MASTOID PROCEDURES W/O CC/MCC MS,1,"109,982","109,982"
137,MOUTH PROCEDURES W CC/MCC MS,14,"1,577,780","112,699"
138,MOUTH PROCEDURES W/O CC/MCC MS,11,"888,431","80,766"
146,"EAR, NOSE, MOUTH & THROAT MALIGNANCY W MCC MS",7,"1,277,266","182,467"
147,"EAR, NOSE, MOUTH & THROAT MALIGNANCY W CC MS",3,"355,647","118,549"
148,"EAR, NOSE, MOUTH & THROAT MALIGNANCY W/O CC/MCC MS",1,"67,582","67,582"
149,DYSEQUILIBRIUM MS,43,"2,945,607","68,502"
151,EPISTAXIS W/O MCC MS,6,"226,733","37,789"
152,OTITIS MEDIA & URI W MCC MS,14,"1,051,885","75,135"
153,OTITIS MEDIA & URI W/O MCC MS,50,"2,990,458","59,809"
154,"OTHER EAR, NOSE, MOUTH & THROAT DIAGNOSES W MCC MS",5,"867,194","173,439"
155,"OTHER EAR, NOSE, MOUTH & THROAT DIAGNOSES W CC MS",16,"1,274,878","79,680"
156,"OTHER EAR, NOSE, MOUTH & THROAT DIAGNOSES W/O CC/MCC MS",9,"538,129","59,792"
157,DENTAL & ORAL DISEASES W MCC MS,8,"939,670","117,459"
158,DENTAL & ORAL DISEASES W CC MS,27,"2,482,141","91,931"
159,DENTAL & ORAL DISEASES W/O CC/MCC MS,11,"579,341","52,667"
163,MAJOR CHEST PROCEDURES W MCC MS,89,"44,442,790","499,357"
164,MAJOR CHEST PROCEDURES W CC MS,77,"18,502,932","240,298"
165,MAJOR CHEST PROCEDURES W/O CC/MCC MS,50,"11,553,472","231,069"
166,OTHER RESP SYSTEM O.R. PROCEDURES W MCC MS,132,"50,501,184","382,585"
167,OTHER RESP SYSTEM O.R. PROCEDURES W CC MS,60,"9,678,231","161,304"
168,OTHER RESP SYSTEM O.R. PROCEDURES W/O CC/MCC MS,24,"3,098,482","129,103"
175,PULMONARY EMBOLISM W MCC MS,57,"8,505,150","149,213"
176,PULMONARY EMBOLISM W/O MCC MS,93,"8,436,677","90,717"
177,RESPIRATORY INFECTIONS & INFLAMMATIONS W MCC MS,44,"7,883,939","179,180"
178,RESPIRATORY INFECTIONS & INFLAMMATIONS W CC MS,30,"3,332,172","111,072"
179,RESPIRATORY INFECTIONS & INFLAMMATIONS W/O CC/MCC MS,8,"378,285","47,286"
180,RESPIRATORY NEOPLASMS W MCC MS,43,"6,140,375","142,799"
181,RESPIRATORY NEOPLASMS W CC MS,33,"3,703,945","112,241"
182,RESPIRATORY NEOPLASMS W/O CC/MCC MS,1,"102,933","102,933"
183,MAJOR CHEST TRAUMA W MCC MS,10,"1,104,356","110,436"
184,MAJOR CHEST TRAUMA W CC MS,23,"2,754,857","119,776"
185,MAJOR CHEST TRAUMA W/O CC/MCC MS,5,"377,730","75,546"
186,PLEURAL EFFUSION W MCC MS,15,"2,764,446","184,296"
187,PLEURAL EFFUSION W CC MS,19,"2,291,461","120,603"
188,PLEURAL EFFUSION W/O CC/MCC MS,6,"514,476","85,746"
189,PULMONARY EDEMA & RESPIRATORY FAILURE MS,442,"56,625,343","128,112"
190,CHRONIC OBSTRUCTIVE PULMONARY DISEASE W MCC MS,234,"26,305,584","112,417"
191,CHRONIC OBSTRUCTIVE PULMONARY DISEASE W CC MS,149,"12,754,845","85,603"
192,CHRONIC OBSTRUCTIVE PULMONARY DISEASE W/O CC/MCC MS,74,"4,530,711","61,226"
193,SIMPLE PNEUMONIA & PLEURISY W MCC MS,88,"9,678,044","109,978"
194,SIMPLE PNEUMONIA & PLEURISY W CC MS,80,"6,340,082","79,251"
195,SIMPLE PNEUMONIA & PLEURISY W/O CC/MCC MS,31,"2,099,401","67,723"
196,INTERSTITIAL LUNG DISEASE W MCC MS,65,"9,889,653","152,149"
197,INTERSTITIAL LUNG DISEASE W CC MS,24,"2,195,014","91,459"
198,INTERSTITIAL LUNG DISEASE W/O CC/MCC MS,6,"285,099","47,517"
199,PNEUMOTHORAX W MCC MS,28,"3,209,183","114,614"
200,PNEUMOTHORAX W CC MS,38,"3,963,904","104,313"
201,PNEUMOTHORAX W/O CC/MCC MS,22,"1,301,169","59,144"
202,BRONCHITIS & ASTHMA W CC/MCC MS,105,"9,718,046","92,553"
203,BRONCHITIS & ASTHMA W/O CC/MCC MS,79,"3,720,016","47,089"
204,RESPIRATORY SIGNS & SYMPTOMS MS,22,"1,410,868","64,130"
205,OTHER RESPIRATORY SYSTEM DIAGNOSES W MCC MS,64,"12,292,700","192,073"
206,OTHER RESPIRATORY SYSTEM DIAGNOSES W/O MCC MS,46,"5,200,556","113,056"
207,RESPIRATORY SYSTEM DIAGNOSIS W VENTILATOR SUPPORT >96 HOURS MS,46,"27,082,336","588,746"
208,RESPIRATORY SYSTEM DIAGNOSIS W VENTILATOR SUPPORT <=96 HOURS MS,154,"39,957,748","259,466"
215,OTHER HEART ASSIST SYSTEM IMPLANT MS,21,"9,023,603","429,695"
216,CARDIAC VALVE & OTH MAJ CARDIOTHORACIC PROC W CARD CATH W MCC MS,33,"27,843,786","843,751"
217,CARDIAC VALVE & OTH MAJ CARDIOTHORACIC PROC W CARD CATH W CC MS,4,"2,764,252","691,063"
218,CARDIAC VALVE & OTH MAJ CARDIOTHORACIC PROC W CARD CATH W/O CC/MCC MS,1,"475,697","475,697"
219,CARDIAC VALVE & OTH MAJ CARDIOTHORACIC PROC W/O CARD CATH W MCC MS,60,"46,639,380","777,323"
220,CARDIAC VALVE & OTH MAJ CARDIOTHORACIC PROC W/O CARD CATH W CC MS,29,"13,041,223","449,697"
221,CARDIAC VALVE & OTH MAJ CARDIOTHORACIC PROC W/O CARD CATH W/O CC/MCC MS,1,"342,712","342,712"
222,CARDIAC DEFIB IMPLANT W CARDIAC CATH W AMI/HF/SHOCK W MCC MS,8,"4,641,823","580,228"
224,CARDIAC DEFIB IMPLANT W CARDIAC CATH W/O AMI/HF/SHOCK W MCC MS,10,"4,281,290","428,129"
225,CARDIAC DEFIB IMPLANT W CARDIAC CATH W/O AMI/HF/SHOCK W/O MCC MS,2,"739,309","369,654"
226,CARDIAC DEFIBRILLATOR IMPLANT W/O CARDIAC CATH W MCC MS,17,"5,599,786","329,399"
227,CARDIAC DEFIBRILLATOR IMPLANT W/O CARDIAC CATH W/O MCC MS,14,"4,058,090","289,864"
228,OTHER CARDIOTHORACIC PROCEDURES W MCC MS,20,"11,620,970","581,049"
229,OTHER CARDIOTHORACIC PROCEDURES W/O MCC MS,15,"3,360,549","224,037"
231,CORONARY BYPASS W PTCA W MCC MS,6,"3,615,593","602,599"
232,CORONARY BYPASS W PTCA W/O MCC MS,1,"475,597","475,597"
233,CORONARY BYPASS W CARDIAC CATH W MCC MS,68,"43,071,521","633,405"
234,CORONARY BYPASS W CARDIAC CATH W/O MCC MS,22,"9,501,752","431,898"
235,CORONARY BYPASS W/O CARDIAC CATH W MCC MS,45,"22,883,124","508,514"
236,CORONARY BYPASS W/O CARDIAC CATH W/O MCC MS,24,"8,276,209","344,842"
239,AMPUTATION FOR CIRC SYS DISORDERS EXC UPPER LIMB & TOE W MCC MS,30,"13,638,333","454,611"
240,AMPUTATION FOR CIRC SYS DISORDERS EXC UPPER LIMB & TOE W CC MS,33,"8,346,564","252,926"
241,AMPUTATION FOR CIRC SYS DISORDERS EXC UPPER LIMB & TOE W/O CC/MCC MS,1,"160,566","160,566"
242,PERMANENT CARDIAC PACEMAKER IMPLANT W MCC MS,30,"9,565,309","318,844"
243,PERMANENT CARDIAC PACEMAKER IMPLANT W CC MS,15,"2,226,526","148,435"
244,PERMANENT CARDIAC PACEMAKER IMPLANT W/O CC/MCC MS,11,"1,349,561","122,687"
245,AICD GENERATOR PROCEDURES MS,10,"3,171,796","317,180"
246,PERC CARDIOVASC PROC W DRUG-ELUTING STENT W MCC OR 4+ VESSELS/STENTS MS,16,"3,463,844","216,490"
246,PERCUTANEOUS CARDIOVASCULAR PROCEDURES W DRUG-ELUTING STENT W MCC OR 4+ ARTER MS,37,"8,197,275","221,548"
247,PERC CARDIOVASC PROC W DRUG-ELUTING STENT W/O MCC MS,98,"13,132,353","134,004"
248,PERC CARDIOVASC PROC W NON-DRUG-ELUTING STENT W MCC OR 4+ VES/STENTS MS,1,"85,667","85,667"
248,PERCUTANEOUS CARDIOVASCULAR PROCEDURES W NON-DRUG-ELUTING STENT W MCC OR 4+ A MS,1,"216,361","216,361"
249,PERC CARDIOVASC PROC W NON-DRUG-ELUTING STENT W/O MCC MS,2,"211,735","105,867"
250,PERC CARDIOVASC PROC W/O CORONARY ARTERY STENT W MCC MS,6,"1,054,494","175,749"
251,PERC CARDIOVASC PROC W/O CORONARY ARTERY STENT W/O MCC MS,10,"1,614,390","161,439"
252,OTHER VASCULAR PROCEDURES W MCC MS,80,"25,848,839","323,110"
253,OTHER VASCULAR PROCEDURES W CC MS,75,"18,788,668","250,516"
254,OTHER VASCULAR PROCEDURES W/O CC/MCC MS,26,"4,487,780","172,607"
255,UPPER LIMB & TOE AMPUTATION FOR CIRC SYSTEM DISORDERS W MCC MS,1,"487,887","487,887"
256,UPPER LIMB & TOE AMPUTATION FOR CIRC SYSTEM DISORDERS W CC MS,4,"759,922","189,981"
258,CARDIAC PACEMAKER DEVICE REPLACEMENT W MCC MS,6,"1,664,836","277,473"
259,CARDIAC PACEMAKER DEVICE REPLACEMENT W/O MCC MS,1,"147,962","147,962"
260,CARDIAC PACEMAKER REVISION EXCEPT DEVICE REPLACEMENT W MCC MS,18,"6,231,727","346,207"
261,CARDIAC PACEMAKER REVISION EXCEPT DEVICE REPLACEMENT W CC MS,8,"986,497","123,312"
262,CARDIAC PACEMAKER REVISION EXCEPT DEVICE REPLACEMENT W/O CC/MCC MS,1,"41,313","41,313"
264,OTHER CIRCULATORY SYSTEM O.R. PROCEDURES MS,47,"11,767,058","250,363"
266,ENDOVASCULAR CARDIAC VALVE REPLACEMENT W MCC MS,16,"6,068,930","379,308"
267,ENDOVASCULAR CARDIAC VALVE REPLACEMENT W/O MCC MS,44,"6,864,739","156,017"
268,AORTIC AND HEART ASSIST PROCEDURES EXCEPT PULSATION BALLOON W MCC MS,13,"10,301,717","792,440"
269,AORTIC AND HEART ASSIST PROCEDURES EXCEPT PULSATION BALLOON W/O MCC MS,30,"11,750,423","391,681"
270,OTHER MAJOR CARDIOVASCULAR PROCEDURES W MCC MS,56,"27,469,993","490,536"
271,OTHER MAJOR CARDIOVASCULAR PROCEDURES W CC MS,38,"11,130,450","292,907"
272,OTHER MAJOR CARDIOVASCULAR PROCEDURES W/O CC/MCC MS,6,"1,359,646","226,608"
273,PERCUTANEOUS INTRACARDIAC PROCEDURES W MCC MS,52,"16,232,499","312,163"
274,PERCUTANEOUS INTRACARDIAC PROCEDURES W/O MCC MS,58,"10,277,054","177,191"
280,"ACUTE MYOCARDIAL INFARCTION, DISCHARGED ALIVE W MCC MS",253,"35,207,402","139,160"
281,"ACUTE MYOCARDIAL INFARCTION, DISCHARGED ALIVE W CC MS",103,"9,322,064","90,505"
282,"ACUTE MYOCARDIAL INFARCTION, DISCHARGED ALIVE W/O CC/MCC MS",44,"2,998,476","68,147"
283,"ACUTE MYOCARDIAL INFARCTION, EXPIRED W MCC MS",14,"3,475,965","248,283"
284,"ACUTE MYOCARDIAL INFARCTION, EXPIRED W CC MS",2,"160,308","80,154"
286,"CIRCULATORY DISORDERS EXCEPT AMI, W CARD CATH W MCC MS",201,"47,075,786","234,208"
287,"CIRCULATORY DISORDERS EXCEPT AMI, W CARD CATH W/O MCC MS",113,"12,818,224","113,436"
288,ACUTE & SUBACUTE ENDOCARDITIS W MCC MS,8,"1,591,463","198,933"
289,ACUTE & SUBACUTE ENDOCARDITIS W CC MS,7,"653,517","93,360"
291,HEART FAILURE & SHOCK W MCC MS,623,"65,750,139","105,538"
292,HEART FAILURE & SHOCK W CC MS,198,"14,211,993","71,778"
293,HEART FAILURE & SHOCK W/O CC/MCC MS,56,"3,090,882","55,194"
294,DEEP VEIN THROMBOPHLEBITIS W CC/MCC MS,1,"222,459","222,459"
296,"CARDIAC ARREST, UNEXPLAINED W MCC MS",8,"1,741,259","217,657"
297,"CARDIAC ARREST, UNEXPLAINED W CC MS",2,"479,523","239,762"
299,PERIPHERAL VASCULAR DISORDERS W MCC MS,31,"4,446,241","143,427"
300,PERIPHERAL VASCULAR DISORDERS W CC MS,69,"6,303,123","91,350"
301,PERIPHERAL VASCULAR DISORDERS W/O CC/MCC MS,21,"1,274,840","60,707"
302,ATHEROSCLEROSIS W MCC MS,7,"640,354","91,479"
303,ATHEROSCLEROSIS W/O MCC MS,24,"1,678,097","69,921"
304,HYPERTENSION W MCC MS,58,"5,064,582","87,320"
305,HYPERTENSION W/O MCC MS,50,"3,257,135","65,143"
306,CARDIAC CONGENITAL & VALVULAR DISORDERS W MCC MS,14,"1,559,598","111,400"
307,CARDIAC CONGENITAL & VALVULAR DISORDERS W/O MCC MS,3,"177,410","59,137"
308,CARDIAC ARRHYTHMIA & CONDUCTION DISORDERS W MCC MS,59,"7,045,001","119,407"
309,CARDIAC ARRHYTHMIA & CONDUCTION DISORDERS W CC MS,90,"6,631,377","73,682"
310,CARDIAC ARRHYTHMIA & CONDUCTION DISORDERS W/O CC/MCC MS,51,"2,509,882","49,213"
311,ANGINA PECTORIS MS,7,"485,256","69,322"
312,SYNCOPE & COLLAPSE MS,106,"6,187,741","58,375"
313,CHEST PAIN MS,151,"7,453,668","49,362"
314,OTHER CIRCULATORY SYSTEM DIAGNOSES W MCC MS,156,"24,701,548","158,343"
315,OTHER CIRCULATORY SYSTEM DIAGNOSES W CC MS,62,"5,977,106","96,405"
316,OTHER CIRCULATORY SYSTEM DIAGNOSES W/O CC/MCC MS,17,"1,297,922","76,348"
326,"STOMACH, ESOPHAGEAL & DUODENAL PROC W MCC MS",35,"14,810,385","423,154"
327,"STOMACH, ESOPHAGEAL & DUODENAL PROC W CC MS",49,"12,370,179","252,453"
328,"STOMACH, ESOPHAGEAL & DUODENAL PROC W/O CC/MCC MS",65,"8,537,775","131,350"
329,MAJOR SMALL & LARGE BOWEL PROCEDURES W MCC MS,60,"25,730,791","428,847"
330,MAJOR SMALL & LARGE BOWEL PROCEDURES W CC MS,109,"25,525,326","234,177"
331,MAJOR SMALL & LARGE BOWEL PROCEDURES W/O CC/MCC MS,47,"6,487,606","138,034"
332,RECTAL RESECTION W MCC MS,1,"705,688","705,688"
333,RECTAL RESECTION W CC MS,2,"513,493","256,747"
335,PERITONEAL ADHESIOLYSIS W MCC MS,9,"2,823,093","313,677"
336,PERITONEAL ADHESIOLYSIS W CC MS,14,"3,090,695","220,764"
337,PERITONEAL ADHESIOLYSIS W/O CC/MCC MS,6,"951,191","158,532"
339,APPENDECTOMY W COMPLICATED PRINCIPAL DIAG W CC MS,6,"941,386","156,898"
340,APPENDECTOMY W COMPLICATED PRINCIPAL DIAG W/O CC/MCC MS,11,"1,135,992","103,272"
341,APPENDECTOMY W/O COMPLICATED PRINCIPAL DIAG W MCC MS,2,"207,243","103,621"
342,APPENDECTOMY W/O COMPLICATED PRINCIPAL DIAG W CC MS,5,"712,472","142,494"
343,APPENDECTOMY W/O COMPLICATED PRINCIPAL DIAG W/O CC/MCC MS,21,"1,756,801","83,657"
344,MINOR SMALL & LARGE BOWEL PROCEDURES W MCC MS,5,"1,634,088","326,818"
345,MINOR SMALL & LARGE BOWEL PROCEDURES W CC MS,7,"690,978","98,711"
346,MINOR SMALL & LARGE BOWEL PROCEDURES W/O CC/MCC MS,7,"450,955","64,422"
347,ANAL & STOMAL PROCEDURES W MCC MS,1,"225,452","225,452"
349,ANAL & STOMAL PROCEDURES W/O CC/MCC MS,4,"237,087","59,272"
350,INGUINAL & FEMORAL HERNIA PROCEDURES W MCC MS,1,"179,402","179,402"
351,INGUINAL & FEMORAL HERNIA PROCEDURES W CC MS,8,"1,599,640","199,955"
352,INGUINAL & FEMORAL HERNIA PROCEDURES W/O CC/MCC MS,3,"444,194","148,065"
353,HERNIA PROCEDURES EXCEPT INGUINAL & FEMORAL W MCC MS,4,"1,364,888","341,222"
354,HERNIA PROCEDURES EXCEPT INGUINAL & FEMORAL W CC MS,9,"1,716,396","190,711"
355,HERNIA PROCEDURES EXCEPT INGUINAL & FEMORAL W/O CC/MCC MS,12,"1,267,713","105,643"
356,OTHER DIGESTIVE SYSTEM O.R. PROCEDURES W MCC MS,12,"4,010,905","334,242"
357,OTHER DIGESTIVE SYSTEM O.R. PROCEDURES W CC MS,8,"1,688,710","211,089"
358,OTHER DIGESTIVE SYSTEM O.R. PROCEDURES W/O CC/MCC MS,3,"424,334","141,445"
368,MAJOR ESOPHAGEAL DISORDERS W MCC MS,6,"761,767","126,961"
369,MAJOR ESOPHAGEAL DISORDERS W CC MS,14,"1,324,171","94,584"
370,MAJOR ESOPHAGEAL DISORDERS W/O CC/MCC MS,1,"49,262","49,262"
371,MAJOR GASTROINTESTINAL DISORDERS & PERITONEAL INFECTIONS W MCC MS,18,"5,146,903","285,939"
372,MAJOR GASTROINTESTINAL DISORDERS & PERITONEAL INFECTIONS W CC MS,39,"3,803,176","97,517"
373,MAJOR GASTROINTESTINAL DISORDERS & PERITONEAL INFECTIONS W/O CC/MCC MS,21,"1,135,492","54,071"
374,DIGESTIVE MALIGNANCY W MCC MS,16,"2,788,466","174,279"
375,DIGESTIVE MALIGNANCY W CC MS,25,"2,175,752","87,030"
377,G.I. HEMORRHAGE W MCC MS,81,"11,328,519","139,858"
378,G.I. HEMORRHAGE W CC MS,194,"17,984,796","92,705"
379,G.I. HEMORRHAGE W/O CC/MCC MS,24,"1,244,204","51,842"
380,COMPLICATED PEPTIC ULCER W MCC MS,5,"843,510","168,702"
381,COMPLICATED PEPTIC ULCER W CC MS,13,"1,759,125","135,317"
382,COMPLICATED PEPTIC ULCER W/O CC/MCC MS,4,"283,449","70,862"
383,UNCOMPLICATED PEPTIC ULCER W MCC MS,2,"183,675","91,837"
384,UNCOMPLICATED PEPTIC ULCER W/O MCC MS,5,"346,291","69,258"
385,INFLAMMATORY BOWEL DISEASE W MCC MS,6,"973,959","162,327"
386,INFLAMMATORY BOWEL DISEASE W CC MS,13,"1,311,248","100,865"
387,INFLAMMATORY BOWEL DISEASE W/O CC/MCC MS,4,"276,572","69,143"
388,G.I. OBSTRUCTION W MCC MS,19,"2,270,886","119,520"
389,G.I. OBSTRUCTION W CC MS,63,"6,211,095","98,589"
390,G.I. OBSTRUCTION W/O CC/MCC MS,57,"3,253,464","57,078"
391,"ESOPHAGITIS, GASTROENT & MISC DIGEST DISORDERS W MCC MS",82,"9,736,862","118,742"
392,"ESOPHAGITIS, GASTROENT & MISC DIGEST DISORDERS W/O MCC MS",255,"16,836,192","66,024"
393,OTHER DIGESTIVE SYSTEM DIAGNOSES W MCC MS,46,"7,568,597","164,535"
394,OTHER DIGESTIVE SYSTEM DIAGNOSES W CC MS,77,"6,471,053","84,040"
395,OTHER DIGESTIVE SYSTEM DIAGNOSES W/O CC/MCC MS,31,"1,951,405","62,949"
405,"PANCREAS, LIVER & SHUNT PROCEDURES W MCC MS",18,"7,355,351","408,631"
406,"PANCREAS, LIVER & SHUNT PROCEDURES W CC MS",18,"4,842,149","269,008"
407,"PANCREAS, LIVER & SHUNT PROCEDURES W/O CC/MCC MS",3,"249,697","83,232"
408,BILIARY TRACT PROC EXCEPT ONLY CHOLECYST W OR W/O C.D.E. W MCC MS,1,"762,823","762,823"
409,BILIARY TRACT PROC EXCEPT ONLY CHOLECYST W OR W/O C.D.E. W CC MS,1,"181,811","181,811"
414,CHOLECYSTECTOMY EXCEPT BY LAPAROSCOPE W/O C.D.E. W MCC MS,7,"2,720,881","388,697"
415,CHOLECYSTECTOMY EXCEPT BY LAPAROSCOPE W/O C.D.E. W CC MS,9,"1,889,492","209,944"
416,CHOLECYSTECTOMY EXCEPT BY LAPAROSCOPE W/O C.D.E. W/O CC/MCC MS,7,"1,048,219","149,746"
417,LAPAROSCOPIC CHOLECYSTECTOMY W/O C.D.E. W MCC MS,16,"3,904,489","244,031"
418,LAPAROSCOPIC CHOLECYSTECTOMY W/O C.D.E. W CC MS,38,"6,477,201","170,453"
419,LAPAROSCOPIC CHOLECYSTECTOMY W/O C.D.E. W/O CC/MCC MS,39,"5,019,568","128,707"
420,HEPATOBILIARY DIAGNOSTIC PROCEDURES W MCC MS,2,"1,487,289","743,645"
421,HEPATOBILIARY DIAGNOSTIC PROCEDURES W CC MS,2,"796,164","398,082"
423,OTHER HEPATOBILIARY OR PANCREAS O.R. PROCEDURES W MCC MS,3,"1,022,022","340,674"
424,OTHER HEPATOBILIARY OR PANCREAS O.R. PROCEDURES W CC MS,2,"234,952","117,476"
425,OTHER HEPATOBILIARY OR PANCREAS O.R. PROCEDURES W/O CC/MCC MS,1,"74,561","74,561"
432,CIRRHOSIS & ALCOHOLIC HEPATITIS W MCC MS,101,"20,102,253","199,032"
433,CIRRHOSIS & ALCOHOLIC HEPATITIS W CC MS,64,"7,558,527","118,102"
434,CIRRHOSIS & ALCOHOLIC HEPATITIS W/O CC/MCC MS,2,"76,281","38,141"
435,MALIGNANCY OF HEPATOBILIARY SYSTEM OR PANCREAS W MCC MS,33,"5,015,672","151,990"
436,MALIGNANCY OF HEPATOBILIARY SYSTEM OR PANCREAS W CC MS,20,"2,247,897","112,395"
437,MALIGNANCY OF HEPATOBILIARY SYSTEM OR PANCREAS W/O CC/MCC MS,1,"73,093","73,093"
438,DISORDERS OF PANCREAS EXCEPT MALIGNANCY W MCC MS,32,"4,469,483","139,671"
439,DISORDERS OF PANCREAS EXCEPT MALIGNANCY W CC MS,73,"5,816,067","79,672"
440,DISORDERS OF PANCREAS EXCEPT MALIGNANCY W/O CC/MCC MS,45,"2,601,761","57,817"
441,"DISORDERS OF LIVER EXCEPT MALIG,CIRR,ALC HEPA W MCC MS",50,"7,617,213","152,344"
442,"DISORDERS OF LIVER EXCEPT MALIG,CIRR,ALC HEPA W CC MS",53,"5,231,249","98,703"
443,"DISORDERS OF LIVER EXCEPT MALIG,CIRR,ALC HEPA W/O CC/MCC MS",13,"844,258","64,943"
444,DISORDERS OF THE BILIARY TRACT W MCC MS,22,"3,891,855","176,903"
445,DISORDERS OF THE BILIARY TRACT W CC MS,30,"2,834,684","94,489"
446,DISORDERS OF THE BILIARY TRACT W/O CC/MCC MS,10,"646,699","64,670"
453,COMBINED ANTERIOR/POSTERIOR SPINAL FUSION W MCC MS,2,"1,693,095","846,548"
454,COMBINED ANTERIOR/POSTERIOR SPINAL FUSION W CC MS,9,"5,148,040","572,004"
455,COMBINED ANTERIOR/POSTERIOR SPINAL FUSION W/O CC/MCC MS,8,"3,091,631","386,454"
456,SPINAL FUS EXC CERV W SPINAL CURV/MALIG/INFEC OR EXT FUS W MCC MS,2,"1,012,805","506,403"
457,SPINAL FUS EXC CERV W SPINAL CURV/MALIG/INFEC OR EXT FUS W CC MS,8,"4,179,771","522,471"
458,SPINAL FUS EXC CERV W SPINAL CURV/MALIG/INFEC OR EXT FUS W/O CC/MCC MS,3,"1,034,645","344,882"
459,SPINAL FUSION EXCEPT CERVICAL W MCC MS,6,"2,837,095","472,849"
460,SPINAL FUSION EXCEPT CERVICAL W/O MCC MS,76,"24,145,637","317,706"
461,BILATERAL OR MULTIPLE MAJOR JOINT PROCS OF LOWER EXTREMITY W MCC MS,1,"250,293","250,293"
462,BILATERAL OR MULTIPLE MAJOR JOINT PROCS OF LOWER EXTREMITY W/O MCC MS,4,"993,732","248,433"
463,"WND DEBRID & SKN GRFT EXC HAND, FOR MUSCULO-CONN TISS DIS W MCC MS",17,"7,801,692","458,923"
464,"WND DEBRID & SKN GRFT EXC HAND, FOR MUSCULO-CONN TISS DIS W CC MS",42,"10,964,737","261,065"
465,"WND DEBRID & SKN GRFT EXC HAND, FOR MUSCULO-CONN TISS DIS W/O CC/MCC MS",12,"2,701,377","225,115"
466,REVISION OF HIP OR KNEE REPLACEMENT W MCC MS,5,"1,296,080","259,216"
467,REVISION OF HIP OR KNEE REPLACEMENT W CC MS,13,"4,392,997","337,923"
468,REVISION OF HIP OR KNEE REPLACEMENT W/O CC/MCC MS,29,"7,106,655","245,057"
469,MAJOR HIP AND KNEE JOINT REPLACEMENT OR REATTACHMENT OF LOWER EXTREMITY W MCC MS,11,"2,772,807","252,073"
469,MAJOR JOINT REPLACEMENT OR REATTACHMENT OF LOWER EXTREMITY W MCC MS,2,"594,387","297,193"
470,MAJOR HIP AND KNEE JOINT REPLACEMENT OR REATTACHMENT OF LOWER EXTREMITY W/O M MS,207,"31,434,110","151,856"
470,MAJOR JOINT REPLACEMENT OR REATTACHMENT OF LOWER EXTREMITY W/O MCC MS,66,"9,940,708","150,617"
471,CERVICAL SPINAL FUSION W MCC MS,6,"2,569,680","428,280"
472,CERVICAL SPINAL FUSION W CC MS,43,"11,753,279","273,332"
473,CERVICAL SPINAL FUSION W/O CC/MCC MS,40,"8,247,516","206,188"
474,AMPUTATION FOR MUSCULOSKELETAL SYS & CONN TISSUE DIS W MCC MS,14,"4,221,151","301,511"
475,AMPUTATION FOR MUSCULOSKELETAL SYS & CONN TISSUE DIS W CC MS,20,"3,135,193","156,760"
476,AMPUTATION FOR MUSCULOSKELETAL SYS & CONN TISSUE DIS W/O CC/MCC MS,2,"244,061","122,031"
477,BIOPSIES OF MUSCULOSKELETAL SYSTEM & CONNECTIVE TISSUE W MCC MS,6,"1,773,287","295,548"
478,BIOPSIES OF MUSCULOSKELETAL SYSTEM & CONNECTIVE TISSUE W CC MS,21,"3,590,385","170,971"
479,BIOPSIES OF MUSCULOSKELETAL SYSTEM & CONNECTIVE TISSUE W/O CC/MCC MS,3,"469,610","156,537"
480,HIP & FEMUR PROCEDURES EXCEPT MAJOR JOINT W MCC MS,25,"6,894,009","275,760"
481,HIP & FEMUR PROCEDURES EXCEPT MAJOR JOINT W CC MS,69,"17,401,136","252,190"
482,HIP & FEMUR PROCEDURES EXCEPT MAJOR JOINT W/O CC/MCC MS,22,"3,597,499","163,523"
483,MAJOR JOINT/LIMB REATTACHMENT PROCEDURE OF UPPER EXTREMITIES MS,25,"4,490,491","179,620"
485,KNEE PROCEDURES W PDX OF INFECTION W MCC MS,1,"227,426","227,426"
486,KNEE PROCEDURES W PDX OF INFECTION W CC MS,2,"598,895","299,448"
487,KNEE PROCEDURES W PDX OF INFECTION W/O CC/MCC MS,2,"298,258","149,129"
488,KNEE PROCEDURES W/O PDX OF INFECTION W CC/MCC MS,7,"903,435","129,062"
489,KNEE PROCEDURES W/O PDX OF INFECTION W/O CC/MCC MS,8,"961,252","120,156"
492,"LOWER EXTREM & HUMER PROC EXCEPT HIP,FOOT,FEMUR W MCC MS",12,"3,481,099","290,092"
493,"LOWER EXTREM & HUMER PROC EXCEPT HIP,FOOT,FEMUR W CC MS",46,"9,060,751","196,973"
494,"LOWER EXTREM & HUMER PROC EXCEPT HIP,FOOT,FEMUR W/O CC/MCC MS",55,"8,719,174","158,530"
496,LOCAL EXCISION & REMOVAL INT FIX DEVICES EXC HIP & FEMUR W CC MS,8,"972,433","121,554"
497,LOCAL EXCISION & REMOVAL INT FIX DEVICES EXC HIP & FEMUR W/O CC/MCC MS,3,"406,805","135,602"
498,LOCAL EXCISION & REMOVAL INT FIX DEVICES OF HIP & FEMUR W CC/MCC MS,3,"503,628","167,876"
499,LOCAL EXCISION & REMOVAL INT FIX DEVICES OF HIP & FEMUR W/O CC/MCC MS,2,"239,889","119,944"
500,SOFT TISSUE PROCEDURES W MCC MS,15,"3,654,806","243,654"
501,SOFT TISSUE PROCEDURES W CC MS,37,"5,202,231","140,601"
502,SOFT TISSUE PROCEDURES W/O CC/MCC MS,15,"1,563,144","104,210"
503,FOOT PROCEDURES W MCC MS,5,"1,301,925","260,385"
504,FOOT PROCEDURES W CC MS,12,"2,515,775","209,648"
505,FOOT PROCEDURES W/O CC/MCC MS,13,"1,622,736","124,826"
506,MAJOR THUMB OR JOINT PROCEDURES MS,6,"769,678","128,280"
507,MAJOR SHOULDER OR ELBOW JOINT PROCEDURES W CC/MCC MS,1,"108,943","108,943"
511,"SHOULDER,ELBOW OR FOREARM PROC,EXC MAJOR JOINT PROC W CC MS",6,"966,156","161,026"
512,"SHOULDER,ELBOW OR FOREARM PROC,EXC MAJOR JOINT PROC W/O CC/MCC MS",5,"519,750","103,950"
513,"HAND OR WRIST PROC, EXCEPT MAJOR THUMB OR JOINT PROC W CC/MCC MS",17,"2,028,343","119,314"
514,"HAND OR WRIST PROC, EXCEPT MAJOR THUMB OR JOINT PROC W/O CC/MCC MS",3,"252,840","84,280"
515,OTHER MUSCULOSKELET SYS & CONN TISS O.R. PROC W MCC MS,9,"3,706,913","411,879"
516,OTHER MUSCULOSKELET SYS & CONN TISS O.R. PROC W CC MS,27,"6,890,878","255,218"
517,OTHER MUSCULOSKELET SYS & CONN TISS O.R. PROC W/O CC/MCC MS,24,"5,805,787","241,908"
518,BACK & NECK PROC EXC SPINAL FUSION W MCC OR DISC DEVICE/NEUROSTIM MS,3,"824,900","274,967"
519,BACK & NECK PROC EXC SPINAL FUSION W CC MS,17,"3,858,079","226,946"
520,BACK & NECK PROC EXC SPINAL FUSION W/O CC/MCC MS,17,"1,971,620","115,978"
533,FRACTURES OF FEMUR W MCC MS,2,"518,640","259,320"
534,FRACTURES OF FEMUR W/O MCC MS,4,"222,678","55,670"
535,FRACTURES OF HIP & PELVIS W MCC MS,3,"443,025","147,675"
536,FRACTURES OF HIP & PELVIS W/O MCC MS,18,"1,632,873","90,715"
539,OSTEOMYELITIS W MCC MS,8,"1,463,737","182,967"
540,OSTEOMYELITIS W CC MS,21,"1,460,992","69,571"
542,PATHOLOGICAL FRACTURES & MUSCULOSKELET & CONN TISS MALIG W MCC MS,9,"1,864,293","207,144"
543,PATHOLOGICAL FRACTURES & MUSCULOSKELET & CONN TISS MALIG W CC MS,22,"2,176,984","98,954"
544,PATHOLOGICAL FRACTURES & MUSCULOSKELET & CONN TISS MALIG W/O CC/MCC MS,1,"65,474","65,474"
545,CONNECTIVE TISSUE DISORDERS W MCC MS,20,"5,347,049","267,352"
546,CONNECTIVE TISSUE DISORDERS W CC MS,23,"2,186,141","95,050"
547,CONNECTIVE TISSUE DISORDERS W/O CC/MCC MS,6,"609,227","101,538"
548,SEPTIC ARTHRITIS W MCC MS,3,"447,179","149,060"
549,SEPTIC ARTHRITIS W CC MS,5,"495,933","99,187"
550,SEPTIC ARTHRITIS W/O CC/MCC MS,2,"245,663","122,832"
551,MEDICAL BACK PROBLEMS W MCC MS,18,"2,780,109","154,450"
552,MEDICAL BACK PROBLEMS W/O MCC MS,107,"10,539,651","98,501"
553,BONE DISEASES & ARTHROPATHIES W MCC MS,10,"1,158,064","115,806"
554,BONE DISEASES & ARTHROPATHIES W/O MCC MS,24,"1,494,735","62,281"
555,SIGNS & SYMPTOMS OF MUSCULOSKELETAL SYSTEM & CONN TISSUE W MCC MS,2,"158,422","79,211"
556,SIGNS & SYMPTOMS OF MUSCULOSKELETAL SYSTEM & CONN TISSUE W/O MCC MS,21,"1,722,893","82,043"
557,"TENDONITIS, MYOSITIS & BURSITIS W MCC MS",4,"551,454","137,864"
558,"TENDONITIS, MYOSITIS & BURSITIS W/O MCC MS",26,"2,035,899","78,304"
559,"AFTERCARE, MUSCULOSKELETAL SYSTEM & CONNECTIVE TISSUE W MCC MS",26,"6,329,208","243,431"
560,"AFTERCARE, MUSCULOSKELETAL SYSTEM & CONNECTIVE TISSUE W CC MS",76,"12,250,847","161,195"
561,"AFTERCARE, MUSCULOSKELETAL SYSTEM & CONNECTIVE TISSUE W/O CC/MCC MS",25,"2,860,507","114,420"
562,"FX, SPRN, STRN & DISL EXCEPT FEMUR, HIP, PELVIS & THIGH W MCC MS",4,"403,802","100,951"
563,"FX, SPRN, STRN & DISL EXCEPT FEMUR, HIP, PELVIS & THIGH W/O MCC MS",48,"3,488,407","72,675"
564,OTHER MUSCULOSKELETAL SYS & CONNECTIVE TISSUE DIAGNOSES W MCC MS,8,"1,306,285","163,286"
565,OTHER MUSCULOSKELETAL SYS & CONNECTIVE TISSUE DIAGNOSES W CC MS,19,"1,297,537","68,291"
566,OTHER MUSCULOSKELETAL SYS & CONNECTIVE TISSUE DIAGNOSES W/O CC/MCC MS,6,"522,470","87,078"
570,SKIN DEBRIDEMENT W MCC MS,8,"2,006,881","250,860"
571,SKIN DEBRIDEMENT W CC MS,18,"2,430,995","135,055"
572,SKIN DEBRIDEMENT W/O CC/MCC MS,4,"319,816","79,954"
573,SKIN GRAFT FOR SKIN ULCER OR CELLULITIS W MCC MS,1,"1,591,743","1,591,743"
574,SKIN GRAFT FOR SKIN ULCER OR CELLULITIS W CC MS,6,"1,365,771","227,629"
575,SKIN GRAFT FOR SKIN ULCER OR CELLULITIS W/O CC/MCC MS,2,"117,142","58,571"
576,SKIN GRAFT EXC FOR SKIN ULCER OR CELLULITIS W MCC MS,2,"2,647,018","1,323,509"
577,SKIN GRAFT EXC FOR SKIN ULCER OR CELLULITIS W CC MS,1,"155,369","155,369"
578,SKIN GRAFT EXC FOR SKIN ULCER OR CELLULITIS W/O CC/MCC MS,4,"642,815","160,704"
579,"OTHER SKIN, SUBCUT TISS & BREAST PROC W MCC MS",18,"2,701,892","150,105"
580,"OTHER SKIN, SUBCUT TISS & BREAST PROC W CC MS",74,"6,480,332","87,572"
581,"OTHER SKIN, SUBCUT TISS & BREAST PROC W/O CC/MCC MS",42,"3,872,922","92,212"
582,MASTECTOMY FOR MALIGNANCY W CC/MCC MS,1,"316,960","316,960"
583,MASTECTOMY FOR MALIGNANCY W/O CC/MCC MS,2,"167,453","83,726"
584,"BREAST BIOPSY, LOCAL EXCISION & OTHER BREAST PROCEDURES W CC/MCC MS",2,"284,663","142,332"
585,"BREAST BIOPSY, LOCAL EXCISION & OTHER BREAST PROCEDURES W/O CC/MCC MS",2,"288,426","144,213"
592,SKIN ULCERS W MCC MS,10,"735,356","73,536"
593,SKIN ULCERS W CC MS,3,"139,442","46,481"
594,SKIN ULCERS W/O CC/MCC MS,2,"76,482","38,241"
595,MAJOR SKIN DISORDERS W MCC MS,5,"1,261,151","252,230"
596,MAJOR SKIN DISORDERS W/O MCC MS,13,"1,626,269","125,098"
597,MALIGNANT BREAST DISORDERS W MCC MS,6,"567,468","94,578"
598,MALIGNANT BREAST DISORDERS W CC MS,4,"637,906","159,476"
599,MALIGNANT BREAST DISORDERS W/O CC/MCC MS,2,"80,695","40,348"
600,NON-MALIGNANT BREAST DISORDERS W CC/MCC MS,4,"188,393","47,098"
601,NON-MALIGNANT BREAST DISORDERS W/O CC/MCC MS,5,"284,432","56,886"
602,CELLULITIS W MCC MS,37,"3,549,631","95,936"
603,CELLULITIS W/O MCC MS,197,"11,658,282","59,179"
604,"TRAUMA TO THE SKIN, SUBCUT TISS & BREAST W MCC MS",4,"376,102","94,026"
605,"TRAUMA TO THE SKIN, SUBCUT TISS & BREAST W/O MCC MS",53,"2,984,133","56,304"
606,MINOR SKIN DISORDERS W MCC MS,2,"494,479","247,240"
607,MINOR SKIN DISORDERS W/O MCC MS,21,"1,138,238","54,202"
614,ADRENAL & PITUITARY PROCEDURES W CC/MCC MS,13,"3,904,949","300,381"
615,ADRENAL & PITUITARY PROCEDURES W/O CC/MCC MS,9,"1,581,177","175,686"
616,"AMPUTAT OF LOWER LIMB FOR ENDOCRINE,NUTRIT,& METABOL DIS W MCC MS",10,"4,600,738","460,074"
617,"AMPUTAT OF LOWER LIMB FOR ENDOCRINE,NUTRIT,& METABOL DIS W CC MS",84,"12,343,637","146,948"
618,"AMPUTAT OF LOWER LIMB FOR ENDOCRINE,NUTRIT,& METABOL DIS W/O CC/MCC MS",1,"398,264","398,264"
619,O.R. PROCEDURES FOR OBESITY W MCC MS,5,"620,907","124,181"
620,O.R. PROCEDURES FOR OBESITY W CC MS,43,"5,942,826","138,205"
621,O.R. PROCEDURES FOR OBESITY W/O CC/MCC MS,137,"17,587,387","128,375"
622,"SKIN GRAFTS & WOUND DEBRID FOR ENDOC, NUTRIT & METAB DIS W MCC MS",4,"1,002,492","250,623"
623,"SKIN GRAFTS & WOUND DEBRID FOR ENDOC, NUTRIT & METAB DIS W CC MS",21,"3,410,051","162,383"
624,"SKIN GRAFTS & WOUND DEBRID FOR ENDOC, NUTRIT & METAB DIS W/O CC/MCC MS",2,"91,720","45,860"
625,"THYROID, PARATHYROID & THYROGLOSSAL PROCEDURES W MCC MS",1,"231,689","231,689"
626,"THYROID, PARATHYROID & THYROGLOSSAL PROCEDURES W CC MS",4,"668,591","167,148"
627,"THYROID, PARATHYROID & THYROGLOSSAL PROCEDURES W/O CC/MCC MS",2,"230,761","115,380"
628,"OTHER ENDOCRINE, NUTRIT & METAB O.R. PROC W MCC MS",5,"1,460,649","292,130"
629,"OTHER ENDOCRINE, NUTRIT & METAB O.R. PROC W CC MS",16,"2,590,510","161,907"
630,"OTHER ENDOCRINE, NUTRIT & METAB O.R. PROC W/O CC/MCC MS",2,"251,229","125,614"
637,DIABETES W MCC MS,75,"8,670,827","115,611"
638,DIABETES W CC MS,228,"14,605,640","64,060"
639,DIABETES W/O CC/MCC MS,50,"2,268,421","45,368"
640,"MISC DISORDERS OF NUTRITION,METABOLISM,FLUIDS/ELECTROLYTES W MCC MS",124,"14,161,112","114,203"
641,"MISC DISORDERS OF NUTRITION,METABOLISM,FLUIDS/ELECTROLYTES W/O MCC MS",133,"8,088,307","60,814"
642,INBORN AND OTHER DISORDERS OF METABOLISM MS,14,"1,512,649","108,046"
643,ENDOCRINE DISORDERS W MCC MS,10,"1,499,537","149,954"
644,ENDOCRINE DISORDERS W CC MS,20,"1,618,229","80,911"
645,ENDOCRINE DISORDERS W/O CC/MCC MS,8,"416,432","52,054"
652,KIDNEY TRANSPLANT MS,39,"24,142,220","619,031"
653,MAJOR BLADDER PROCEDURES W MCC MS,3,"1,498,371","499,457"
654,MAJOR BLADDER PROCEDURES W CC MS,10,"2,893,549","289,355"
655,MAJOR BLADDER PROCEDURES W/O CC/MCC MS,9,"2,804,496","311,611"
656,KIDNEY & URETER PROCEDURES FOR NEOPLASM W MCC MS,14,"5,502,796","393,057"
657,KIDNEY & URETER PROCEDURES FOR NEOPLASM W CC MS,26,"4,571,323","175,820"
658,KIDNEY & URETER PROCEDURES FOR NEOPLASM W/O CC/MCC MS,43,"5,514,778","128,251"
659,KIDNEY & URETER PROCEDURES FOR NON-NEOPLASM W MCC MS,10,"2,586,960","258,696"
660,KIDNEY & URETER PROCEDURES FOR NON-NEOPLASM W CC MS,37,"6,513,797","176,049"
661,KIDNEY & URETER PROCEDURES FOR NON-NEOPLASM W/O CC/MCC MS,38,"4,899,975","128,947"
663,MINOR BLADDER PROCEDURES W CC MS,4,"1,222,232","305,558"
664,MINOR BLADDER PROCEDURES W/O CC/MCC MS,3,"279,394","93,131"
666,PROSTATECTOMY W CC MS,1,"94,488","94,488"
668,TRANSURETHRAL PROCEDURES W MCC MS,2,"469,081","234,541"
669,TRANSURETHRAL PROCEDURES W CC MS,13,"1,432,660","110,205"
670,TRANSURETHRAL PROCEDURES W/O CC/MCC MS,3,"261,560","87,187"
671,URETHRAL PROCEDURES W CC/MCC MS,1,"102,827","102,827"
672,URETHRAL PROCEDURES W/O CC/MCC MS,9,"796,403","88,489"
673,OTHER KIDNEY & URINARY TRACT PROCEDURES W MCC MS,15,"4,829,019","321,935"
674,OTHER KIDNEY & URINARY TRACT PROCEDURES W CC MS,10,"1,920,845","192,085"
682,RENAL FAILURE W MCC MS,100,"12,936,258","129,363"
683,RENAL FAILURE W CC MS,230,"18,710,835","81,351"
684,RENAL FAILURE W/O CC/MCC MS,30,"1,320,247","44,008"
686,KIDNEY & URINARY TRACT NEOPLASMS W MCC MS,3,"710,665","236,888"
687,KIDNEY & URINARY TRACT NEOPLASMS W CC MS,7,"375,517","53,645"
688,KIDNEY & URINARY TRACT NEOPLASMS W/O CC/MCC MS,1,"136,421","136,421"
689,KIDNEY & URINARY TRACT INFECTIONS W MCC MS,63,"6,944,672","110,233"
690,KIDNEY & URINARY TRACT INFECTIONS W/O MCC MS,134,"9,344,267","69,733"
693,URINARY STONES W/O ESW LITHOTRIPSY W MCC MS,3,"160,714","53,571"
694,URINARY STONES W/O ESW LITHOTRIPSY W/O MCC MS,36,"2,365,290","65,703"
695,KIDNEY & URINARY TRACT SIGNS & SYMPTOMS W MCC MS,4,"404,350","101,088"
696,KIDNEY & URINARY TRACT SIGNS & SYMPTOMS W/O MCC MS,6,"231,081","38,514"
698,OTHER KIDNEY & URINARY TRACT DIAGNOSES W MCC MS,114,"14,277,803","125,244"
699,OTHER KIDNEY & URINARY TRACT DIAGNOSES W CC MS,106,"9,304,074","87,774"
700,OTHER KIDNEY & URINARY TRACT DIAGNOSES W/O CC/MCC MS,18,"1,326,421","73,690"
707,MAJOR MALE PELVIC PROCEDURES W CC/MCC MS,34,"5,568,832","163,789"
708,MAJOR MALE PELVIC PROCEDURES W/O CC/MCC MS,110,"13,006,860","118,244"
709,PENIS PROCEDURES W CC/MCC MS,5,"931,417","186,283"
710,PENIS PROCEDURES W/O CC/MCC MS,2,"157,478","78,739"
711,TESTES PROCEDURES W CC/MCC MS,1,"374,885","374,885"
712,TESTES PROCEDURES W/O CC/MCC MS,1,"54,653","54,653"
713,TRANSURETHRAL PROSTATECTOMY W CC/MCC MS,3,"274,727","91,576"
714,TRANSURETHRAL PROSTATECTOMY W/O CC/MCC MS,2,"194,075","97,038"
715,OTHER MALE REPRODUCTIVE SYSTEM O.R. PROC FOR MALIGNANCY W CC/MCC MS,3,"449,422","149,807"
716,OTHER MALE REPRODUCTIVE SYSTEM O.R. PROC FOR MALIGNANCY W/O CC/MCC MS,3,"360,255","120,085"
717,OTHER MALE REPRODUCTIVE SYSTEM O.R. PROC EXC MALIGNANCY W CC/MCC MS,9,"1,128,370","125,374"
718,OTHER MALE REPRODUCTIVE SYSTEM O.R. PROC EXC MALIGNANCY W/O CC/MCC MS,12,"1,424,225","118,685"
722,"MALIGNANCY, MALE REPRODUCTIVE SYSTEM W MCC MS",1,"260,651","260,651"
723,"MALIGNANCY, MALE REPRODUCTIVE SYSTEM W CC MS",1,"154,199","154,199"
725,BENIGN PROSTATIC HYPERTROPHY W MCC MS,1,"119,100","119,100"
726,BENIGN PROSTATIC HYPERTROPHY W/O MCC MS,5,"272,733","54,547"
728,INFLAMMATION OF THE MALE REPRODUCTIVE SYSTEM W/O MCC MS,6,"273,661","45,610"
729,OTHER MALE REPRODUCTIVE SYSTEM DIAGNOSES W CC/MCC MS,5,"348,846","69,769"
730,OTHER MALE REPRODUCTIVE SYSTEM DIAGNOSES W/O CC/MCC MS,1,"38,644","38,644"
735,"PELVIC EVISCERATION, RAD HYSTERECTOMY & RAD VULVECTOMY W/O CC/MCC MS",1,"134,208","134,208"
736,UTERINE & ADNEXA PROC FOR OVARIAN OR ADNEXAL MALIGNANCY W MCC MS,3,"917,150","305,717"
737,UTERINE & ADNEXA PROC FOR OVARIAN OR ADNEXAL MALIGNANCY W CC MS,9,"1,708,680","189,853"
738,UTERINE & ADNEXA PROC FOR OVARIAN OR ADNEXAL MALIGNANCY W/O CC/MCC MS,4,"528,471","132,118"
739,"UTERINE,ADNEXA PROC FOR NON-OVARIAN/ADNEXAL MALIG W MCC MS",2,"2,799,192","1,399,596"
740,"UTERINE,ADNEXA PROC FOR NON-OVARIAN/ADNEXAL MALIG W CC MS",14,"2,180,139","155,724"
741,"UTERINE,ADNEXA PROC FOR NON-OVARIAN/ADNEXAL MALIG W/O CC/MCC MS",21,"2,554,368","121,637"
742,UTERINE & ADNEXA PROC FOR NON-MALIGNANCY W CC/MCC MS,43,"5,498,515","127,872"
743,UTERINE & ADNEXA PROC FOR NON-MALIGNANCY W/O CC/MCC MS,83,"7,849,415","94,571"
744,"D&C, CONIZATION, LAPAROSCOPY & TUBAL INTERRUPTION W CC/MCC MS",14,"1,545,079","110,363"
745,"D&C, CONIZATION, LAPAROSCOPY & TUBAL INTERRUPTION W/O CC/MCC MS",2,"111,169","55,585"
746,"VAGINA, CERVIX & VULVA PROCEDURES W CC/MCC MS",4,"663,239","165,810"
747,"VAGINA, CERVIX & VULVA PROCEDURES W/O CC/MCC MS",5,"405,094","81,019"
748,FEMALE REPRODUCTIVE SYSTEM RECONSTRUCTIVE PROCEDURES MS,3,"385,564","128,521"
749,OTHER FEMALE REPRODUCTIVE SYSTEM O.R. PROCEDURES W CC/MCC MS,3,"512,420","170,807"
750,OTHER FEMALE REPRODUCTIVE SYSTEM O.R. PROCEDURES W/O CC/MCC MS,2,"224,578","112,289"
754,"MALIGNANCY, FEMALE REPRODUCTIVE SYSTEM W MCC MS",3,"345,541","115,180"
755,"MALIGNANCY, FEMALE REPRODUCTIVE SYSTEM W CC MS",6,"680,773","113,462"
757,"INFECTIONS, FEMALE REPRODUCTIVE SYSTEM W MCC MS",1,"52,147","52,147"
758,"INFECTIONS, FEMALE REPRODUCTIVE SYSTEM W CC MS",10,"568,028","56,803"
759,"INFECTIONS, FEMALE REPRODUCTIVE SYSTEM W/O CC/MCC MS",10,"518,875","51,888"
760,MENSTRUAL & OTHER FEMALE REPRODUCTIVE SYSTEM DISORDERS W CC/MCC MS,12,"1,172,974","97,748"
761,MENSTRUAL & OTHER FEMALE REPRODUCTIVE SYSTEM DISORDERS W/O CC/MCC MS,9,"348,596","38,733"
765,CESAREAN SECTION W CC/MCC MS,471,"32,395,777","68,781"
766,CESAREAN SECTION W/O CC/MCC MS,274,"15,579,026","56,858"
767,VAGINAL DELIVERY W STERILIZATION &/OR D&C MS,56,"4,088,352","73,006"
769,POSTPARTUM & POST ABORTION DIAGNOSES W O.R. PROCEDURE MS,14,"1,101,092","78,649"
770,"ABORTION W D&C, ASPIRATION CURETTAGE OR HYSTEROTOMY MS",11,"678,823","61,711"
774,VAGINAL DELIVERY W COMPLICATING DIAGNOSES MS,361,"17,370,585","48,118"
775,VAGINAL DELIVERY W/O COMPLICATING DIAGNOSES MS,1328,"53,986,668","40,653"
776,POSTPARTUM & POST ABORTION DIAGNOSES W/O O.R. PROCEDURE MS,57,"2,503,450","43,920"
777,ECTOPIC PREGNANCY MS,16,"1,446,786","90,424"
778,THREATENED ABORTION MS,34,"771,417","22,689"
779,ABORTION W/O D&C MS,2,"126,093","63,046"
780,FALSE LABOR MS,1,"20,499","20,499"
781,OTHER ANTEPARTUM DIAGNOSES W MEDICAL COMPLICATIONS MS,138,"5,829,213","42,241"
782,OTHER ANTEPARTUM DIAGNOSES W/O MEDICAL COMPLICATIONS MS,11,"406,173","36,925"
789,"NEONATES, DIED OR TRANSFERRED TO ANOTHER ACUTE CARE FACILITY MS",76,"16,842,818","221,616"
790,"EXTREME IMMATURITY OR RESPIRATORY DISTRESS SYNDROME, NEONATE MS",10,"10,924,710","1,092,471"
791,PREMATURITY W MAJOR PROBLEMS MS,105,"25,175,645","239,768"
792,PREMATURITY W/O MAJOR PROBLEMS MS,135,"9,283,068","68,763"
793,FULL TERM NEONATE W MAJOR PROBLEMS MS,188,"11,655,659","61,998"
794,NEONATE W OTHER SIGNIFICANT PROBLEMS MS,767,"10,665,740","13,906"
795,NORMAL NEWBORN MS,1221,"11,695,044","9,578"
799,SPLENECTOMY W MCC MS,3,"640,302","213,434"
800,SPLENECTOMY W CC MS,1,"326,443","326,443"
801,SPLENECTOMY W/O CC/MCC MS,1,"241,998","241,998"
802,OTHER O.R. PROC OF THE BLOOD & BLOOD FORMING ORGANS W MCC MS,3,"937,826","312,609"
803,OTHER O.R. PROC OF THE BLOOD & BLOOD FORMING ORGANS W CC MS,3,"301,671","100,557"
804,OTHER O.R. PROC OF THE BLOOD & BLOOD FORMING ORGANS W/O CC/MCC MS,4,"488,191","122,048"
808,MAJOR HEMATOL/IMMUN DIAG EXC SICKLE CELL CRISIS & COAGUL W MCC MS,18,"5,264,680","292,482"
809,MAJOR HEMATOL/IMMUN DIAG EXC SICKLE CELL CRISIS & COAGUL W CC MS,44,"6,685,594","151,945"
810,MAJOR HEMATOL/IMMUN DIAG EXC SICKLE CELL CRISIS & COAGUL W/O CC/MCC MS,3,"295,376","98,459"
811,RED BLOOD CELL DISORDERS W MCC MS,50,"6,241,291","124,826"
812,RED BLOOD CELL DISORDERS W/O MCC MS,111,"7,764,542","69,951"
813,COAGULATION DISORDERS MS,40,"5,297,853","132,446"
814,RETICULOENDOTHELIAL & IMMUNITY DISORDERS W MCC MS,2,"248,215","124,108"
815,RETICULOENDOTHELIAL & IMMUNITY DISORDERS W CC MS,11,"868,558","78,960"
816,RETICULOENDOTHELIAL & IMMUNITY DISORDERS W/O CC/MCC MS,8,"559,066","69,883"
820,LYMPHOMA & LEUKEMIA W MAJOR O.R. PROCEDURE W MCC MS,6,"2,627,554","437,926"
821,LYMPHOMA & LEUKEMIA W MAJOR O.R. PROCEDURE W CC MS,2,"599,641","299,820"
822,LYMPHOMA & LEUKEMIA W MAJOR O.R. PROCEDURE W/O CC/MCC MS,4,"516,037","129,009"
823,LYMPHOMA & NON-ACUTE LEUKEMIA W OTHER PROC W MCC MS,6,"2,989,122","498,187"
824,LYMPHOMA & NON-ACUTE LEUKEMIA W OTHER O.R. PROC W CC MS,3,"595,851","198,617"
824,LYMPHOMA & NON-ACUTE LEUKEMIA W OTHER PROC W CC MS,4,"652,705","163,176"
827,MYELOPROLIF DISORD OR POORLY DIFF NEOPL W MAJ O.R. PROC W CC MS,4,"1,054,670","263,668"
828,MYELOPROLIF DISORD OR POORLY DIFF NEOPL W MAJ O.R. PROC W/O CC/MCC MS,6,"749,020","124,837"
829,MYELOPROLIF DISORD OR POORLY DIFF NEOPL W OTHER O.R. PROC W CC/MCC MS,4,"886,924","221,731"
829,MYELOPROLIFERATIVE DISORDERS OR POORLY DIFFERENTIATED NEOPLASMS W OTHER PROCE MS,5,"751,406","150,281"
830,MYELOPROLIF DISORD OR POORLY DIFF NEOPL W OTHER O.R. PROC W/O CC/MCC MS,1,"174,794","174,794"
830,MYELOPROLIFERATIVE DISORDERS OR POORLY DIFFERENTIATED NEOPLASMS W OTHER PROCE MS,1,"159,355","159,355"
834,ACUTE LEUKEMIA W/O MAJOR O.R. PROCEDURE W MCC MS,31,"17,001,924","548,449"
835,ACUTE LEUKEMIA W/O MAJOR O.R. PROCEDURE W CC MS,13,"4,657,649","358,281"
836,ACUTE LEUKEMIA W/O MAJOR O.R. PROCEDURE W/O CC/MCC MS,3,"756,328","252,109"
837,CHEMO W ACUTE LEUKEMIA AS SDX OR W HIGH DOSE CHEMO AGENT W MCC MS,8,"2,473,064","309,133"
838,CHEMO W ACUTE LEUKEMIA AS SDX W CC OR HIGH DOSE CHEMO AGENT MS,10,"2,223,034","222,303"
839,CHEMO W ACUTE LEUKEMIA AS SDX W/O CC/MCC MS,14,"716,451","51,175"
840,LYMPHOMA & NON-ACUTE LEUKEMIA W MCC MS,25,"7,264,529","290,581"
841,LYMPHOMA & NON-ACUTE LEUKEMIA W CC MS,19,"3,235,545","170,292"
842,LYMPHOMA & NON-ACUTE LEUKEMIA W/O CC/MCC MS,4,"321,698","80,424"
843,OTHER MYELOPROLIF DIS OR POORLY DIFF NEOPL DIAG W MCC MS,1,"265,399","265,399"
844,OTHER MYELOPROLIF DIS OR POORLY DIFF NEOPL DIAG W CC MS,2,"158,133","79,066"
845,OTHER MYELOPROLIF DIS OR POORLY DIFF NEOPL DIAG W/O CC/MCC MS,1,"80,081","80,081"
846,CHEMOTHERAPY W/O ACUTE LEUKEMIA AS SECONDARY DIAGNOSIS W MCC MS,21,"2,686,744","127,940"
847,CHEMOTHERAPY W/O ACUTE LEUKEMIA AS SECONDARY DIAGNOSIS W CC MS,30,"3,647,979","121,599"
848,CHEMOTHERAPY W/O ACUTE LEUKEMIA AS SECONDARY DIAGNOSIS W/O CC/MCC MS,5,"258,328","51,666"
853,INFECTIOUS & PARASITIC DISEASES W O.R. PROCEDURE W MCC MS,191,"93,124,921","487,565"
854,INFECTIOUS & PARASITIC DISEASES W O.R. PROCEDURE W CC MS,87,"15,077,164","173,301"
855,INFECTIOUS & PARASITIC DISEASES W O.R. PROCEDURE W/O CC/MCC MS,1,"107,892","107,892"
856,POSTOPERATIVE OR POST-TRAUMATIC INFECTIONS W O.R. PROC W MCC MS,43,"19,514,225","453,819"
857,POSTOPERATIVE OR POST-TRAUMATIC INFECTIONS W O.R. PROC W CC MS,34,"5,362,382","157,717"
858,POSTOPERATIVE OR POST-TRAUMATIC INFECTIONS W O.R. PROC W/O CC/MCC MS,2,"253,437","126,719"
862,POSTOPERATIVE & POST-TRAUMATIC INFECTIONS W MCC MS,28,"4,849,673","173,203"
863,POSTOPERATIVE & POST-TRAUMATIC INFECTIONS W/O MCC MS,35,"2,232,981","63,799"
864,FEVER MS,33,"2,836,969","85,969"
865,VIRAL ILLNESS W MCC MS,4,"1,392,350","348,088"
866,VIRAL ILLNESS W/O MCC MS,19,"1,723,664","90,719"
867,OTHER INFECTIOUS & PARASITIC DISEASES DIAGNOSES W MCC MS,5,"786,374","157,275"
868,OTHER INFECTIOUS & PARASITIC DISEASES DIAGNOSES W CC MS,15,"2,037,040","135,803"
870,SEPTICEMIA OR SEVERE SEPSIS W MV >96 HOURS MS,39,"20,633,996","529,077"
871,SEPTICEMIA OR SEVERE SEPSIS W/O MV >96 HOURS W MCC MS,630,"104,031,855","165,130"
872,SEPTICEMIA OR SEVERE SEPSIS W/O MV >96 HOURS W/O MCC MS,313,"27,352,882","87,389"
876,O.R. PROCEDURE W PRINCIPAL DIAGNOSES OF MENTAL ILLNESS MS,1,"358,947","358,947"
880,ACUTE ADJUSTMENT REACTION & PSYCHOSOCIAL DYSFUNCTION MS,9,"672,956","74,773"
881,DEPRESSIVE NEUROSES MS,1,"43,882","43,882"
882,NEUROSES EXCEPT DEPRESSIVE MS,2,"83,565","41,783"
883,DISORDERS OF PERSONALITY & IMPULSE CONTROL MS,1,"155,748","155,748"
884,ORGANIC DISTURBANCES & INTELLECTUAL DISABILITY MS,20,"2,854,929","142,746"
885,PSYCHOSES MS,10,"731,316","73,132"
887,OTHER MENTAL DISORDER DIAGNOSES MS,2,"138,925","69,462"
894,"ALCOHOL/DRUG ABUSE OR DEPENDENCE, LEFT AMA MS",23,"1,665,290","72,404"
896,ALCOHOL/DRUG ABUSE OR DEPENDENCE W/O REHABILITATION THERAPY W MCC MS,27,"3,667,052","135,817"
897,ALCOHOL/DRUG ABUSE OR DEPENDENCE W/O REHABILITATION THERAPY W/O MCC MS,73,"5,689,451","77,938"
901,WOUND DEBRIDEMENTS FOR INJURIES W MCC MS,9,"2,188,036","243,115"
902,WOUND DEBRIDEMENTS FOR INJURIES W CC MS,4,"342,700","85,675"
903,WOUND DEBRIDEMENTS FOR INJURIES W/O CC/MCC MS,2,"164,769","82,384"
904,SKIN GRAFTS FOR INJURIES W CC/MCC MS,12,"3,903,848","325,321"
905,SKIN GRAFTS FOR INJURIES W/O CC/MCC MS,2,"280,461","140,230"
906,HAND PROCEDURES FOR INJURIES MS,9,"3,015,414","335,046"
907,OTHER O.R. PROCEDURES FOR INJURIES W MCC MS,49,"18,472,751","376,995"
908,OTHER O.R. PROCEDURES FOR INJURIES W CC MS,59,"10,721,770","181,725"
909,OTHER O.R. PROCEDURES FOR INJURIES W/O CC/MCC MS,27,"2,786,002","103,185"
913,TRAUMATIC INJURY W MCC MS,1,"41,863","41,863"
914,TRAUMATIC INJURY W/O MCC MS,16,"1,023,090","63,943"
915,ALLERGIC REACTIONS W MCC MS,21,"3,267,910","155,615"
916,ALLERGIC REACTIONS W/O MCC MS,35,"2,607,473","74,499"
917,POISONING & TOXIC EFFECTS OF DRUGS W MCC MS,290,"47,072,985","162,321"
918,POISONING & TOXIC EFFECTS OF DRUGS W/O MCC MS,153,"10,011,894","65,437"
919,COMPLICATIONS OF TREATMENT W MCC MS,38,"7,584,088","199,581"
920,COMPLICATIONS OF TREATMENT W CC MS,49,"5,639,547","115,093"
921,COMPLICATIONS OF TREATMENT W/O CC/MCC MS,23,"1,379,404","59,974"
922,"OTHER INJURY, POISONING & TOXIC EFFECT DIAG W MCC MS",12,"1,497,510","124,793"
923,"OTHER INJURY, POISONING & TOXIC EFFECT DIAG W/O MCC MS",13,"1,092,318","84,024"
927,EXTENSIVE BURNS OR FULL THICKNESS BURNS W MV >96 HRS W SKIN GRAFT MS,2,"6,559,192","3,279,596"
928,FULL THICKNESS BURN W SKIN GRAFT OR INHAL INJ W CC/MCC MS,42,"15,653,758","372,709"
929,FULL THICKNESS BURN W SKIN GRAFT OR INHAL INJ W/O CC/MCC MS,9,"1,528,944","169,883"
933,EXTENSIVE BURNS OR FULL THICKNESS BURNS W MV >96 HRS W/O SKIN GRAFT MS,4,"544,717","136,179"
934,FULL THICKNESS BURN W/O SKIN GRFT OR INHAL INJ MS,12,"659,300","54,942"
935,NON-EXTENSIVE BURNS MS,69,"6,359,689","92,169"
939,O.R. PROC W DIAGNOSES OF OTHER CONTACT W HEALTH SERVICES W MCC MS,3,"439,104","146,368"
940,O.R. PROC W DIAGNOSES OF OTHER CONTACT W HEALTH SERVICES W CC MS,7,"1,361,607","194,515"
941,O.R. PROC W DIAGNOSES OF OTHER CONTACT W HEALTH SERVICES W/O CC/MCC MS,7,"1,290,231","184,319"
945,REHABILITATION W CC/MCC MS,43,"10,167,887","236,462"
946,REHABILITATION W/O CC/MCC MS,6,"799,118","133,186"
947,SIGNS & SYMPTOMS W MCC MS,18,"1,145,015","63,612"
948,SIGNS & SYMPTOMS W/O MCC MS,61,"3,783,171","62,019"
949,AFTERCARE W CC/MCC MS,59,"15,107,856","256,065"
950,AFTERCARE W/O CC/MCC MS,3,"467,485","155,828"
951,OTHER FACTORS INFLUENCING HEALTH STATUS MS,76,"1,901,627","25,021"
955,CRANIOTOMY FOR MULTIPLE SIGNIFICANT TRAUMA MS,6,"3,802,103","633,684"
956,"LIMB REATTACHMENT, HIP & FEMUR PROC FOR MULTIPLE SIGNIFICANT TRAUMA MS",25,"11,338,366","453,535"
957,OTHER O.R. PROCEDURES FOR MULTIPLE SIGNIFICANT TRAUMA W MCC MS,47,"24,857,076","528,874"
958,OTHER O.R. PROCEDURES FOR MULTIPLE SIGNIFICANT TRAUMA W CC MS,43,"17,163,725","399,156"
959,OTHER O.R. PROCEDURES FOR MULTIPLE SIGNIFICANT TRAUMA W/O CC/MCC MS,15,"3,565,485","237,699"
963,OTHER MULTIPLE SIGNIFICANT TRAUMA W MCC MS,6,"2,155,370","359,228"
964,OTHER MULTIPLE SIGNIFICANT TRAUMA W CC MS,29,"4,171,889","143,858"
965,OTHER MULTIPLE SIGNIFICANT TRAUMA W/O CC/MCC MS,11,"1,288,387","117,126"
969,HIV W EXTENSIVE O.R. PROCEDURE W MCC MS,9,"4,424,776","491,642"
970,HIV W EXTENSIVE O.R. PROCEDURE W/O MCC MS,1,"146,988","146,988"
974,HIV W MAJOR RELATED CONDITION W MCC MS,52,"16,153,846","310,651"
975,HIV W MAJOR RELATED CONDITION W CC MS,46,"5,666,485","123,184"
976,HIV W MAJOR RELATED CONDITION W/O CC/MCC MS,11,"1,010,743","91,886"
977,HIV W OR W/O OTHER RELATED CONDITION MS,14,"1,638,319","117,023"
981,EXTENSIVE O.R. PROCEDURE UNRELATED TO PRINCIPAL DIAGNOSIS W MCC MS,94,"40,051,100","426,076"
982,EXTENSIVE O.R. PROCEDURE UNRELATED TO PRINCIPAL DIAGNOSIS W CC MS,54,"12,474,709","231,013"
983,EXTENSIVE O.R. PROCEDURE UNRELATED TO PRINCIPAL DIAGNOSIS W/O CC/MCC MS,27,"3,281,105","121,522"
987,NON-EXTENSIVE O.R. PROC UNRELATED TO PRINCIPAL DIAGNOSIS W MCC MS,39,"16,030,668","411,043"
988,NON-EXTENSIVE O.R. PROC UNRELATED TO PRINCIPAL DIAGNOSIS W CC MS,50,"7,082,170","141,643"
989,NON-EXTENSIVE O.R. PROC UNRELATED TO PRINCIPAL DIAGNOSIS W/O CC/MCC MS,9,"1,107,354","123,039"
999,UNGROUPABLE MS,31,"1,718,543","55,437"
