UCSF Medical Center,
Data Reported for Fiscal Year 2018 (7/1/17-6/30/18),
,
Inpatient DRG,Avg Charges per DRG
000 - NO MS_DRG_Code,"$660,111 "
001 - HEART TRANSPLANT OR IMPLANT OF HEART ASSIST SYSTEM W MCC,"$2,445,556 "
002 - HEART TRANSPLANT OR IMPLANT OF HEART ASSIST SYSTEM W/O MCC,"$1,005,042 "
"003 - ECMO OR TRACH W MV >96 HRS OR PDX EXC FACE, MOUTH  NECK W MAJ O.R.","$2,477,535 "
"004 - TRACH W MV >96 HRS OR PDX EXC FACE, MOUTH  NECK W/O MAJ O.R.","$1,737,928 "
005 - LIVER TRANSPLANT W MCC OR INTESTINAL TRANSPLANT,"$1,008,238 "
006 - LIVER TRANSPLANT W/O MCC,"$596,816 "
007 - LUNG TRANSPLANT,"$1,051,572 "
008 - SIMULTANEOUS PANCREAS/KIDNEY TRANSPLANT,"$772,231 "
010 - PANCREAS TRANSPLANT,"$583,264 "
"011 - TRACHEOSTOMY FOR FACE,MOUTH  NECK DIAGNOSES W MCC","$444,888 "
"012 - TRACHEOSTOMY FOR FACE,MOUTH  NECK DIAGNOSES W CC","$343,765 "
"013 - TRACHEOSTOMY FOR FACE,MOUTH  NECK DIAGNOSES W/O CC/MCC","$218,229 "
014 - ALLOGENEIC BONE MARROW TRANSPLANT,"$1,248,212 "
016 - AUTOLOGOUS BONE MARROW TRANSPLANT W CC/MCC,"$503,681 "
017 - AUTOLOGOUS BONE MARROW TRANSPLANT W/O CC/MCC,"$258,615 "
020 - INTRACRANIAL VASCULAR PROCEDURES W PDX HEMORRHAGE W MCC,"$943,260 "
021 - INTRACRANIAL VASCULAR PROCEDURES W PDX HEMORRHAGE W CC,"$595,530 "
022 - INTRACRANIAL VASCULAR PROCEDURES W PDX HEMORRHAGE W/O CC/MCC,"$403,656 "
023 - CRANIO W MAJOR DEV IMPL/ACUTE COMPLEX CNS PDX W MCC OR CHEMO IMPLANT,"$432,027 "
024 - CRANIO W MAJOR DEV IMPL/ACUTE COMPLEX CNS PDX W/O MCC,"$302,333 "
025 - CRANIOTOMY  ENDOVASCULAR INTRACRANIAL PROCEDURES W MCC,"$268,420 "
026 - CRANIOTOMY  ENDOVASCULAR INTRACRANIAL PROCEDURES W CC,"$213,999 "
027 - CRANIOTOMY  ENDOVASCULAR INTRACRANIAL PROCEDURES W/O CC/MCC,"$166,365 "
028 - SPINAL PROCEDURES W MCC,"$441,412 "
029 - SPINAL PROCEDURES W CC OR SPINAL NEUROSTIMULATORS,"$204,516 "
030 - SPINAL PROCEDURES W/O CC/MCC,"$167,305 "
031 - VENTRICULAR SHUNT PROCEDURES W MCC,"$228,856 "
032 - VENTRICULAR SHUNT PROCEDURES W CC,"$94,671 "
033 - VENTRICULAR SHUNT PROCEDURES W/O CC/MCC,"$80,132 "
034 - CAROTID ARTERY STENT PROCEDURE W MCC,"$222,623 "
035 - CAROTID ARTERY STENT PROCEDURE W CC,"$132,868 "
036 - CAROTID ARTERY STENT PROCEDURE W/O CC/MCC,"$120,718 "
037 - EXTRACRANIAL PROCEDURES W MCC,"$316,544 "
038 - EXTRACRANIAL PROCEDURES W CC,"$131,802 "
039 - EXTRACRANIAL PROCEDURES W/O CC/MCC,"$84,424 "
040 - PERIPH/CRANIAL NERVE  OTHER NERV SYST PROC W MCC,"$295,354 "
041 - PERIPH/CRANIAL NERVE  OTHER NERV SYST PROC W CC OR PERIPH NEUROSTIM,"$168,495 "
042 - PERIPH/CRANIAL NERVE  OTHER NERV SYST PROC W/O CC/MCC,"$117,817 "
052 - SPINAL DISORDERS  INJURIES W CC/MCC,"$66,048 "
053 - SPINAL DISORDERS  INJURIES W/O CC/MCC,"$52,906 "
054 - NERVOUS SYSTEM NEOPLASMS W MCC,"$116,252 "
055 - NERVOUS SYSTEM NEOPLASMS W/O MCC,"$98,731 "
056 - DEGENERATIVE NERVOUS SYSTEM DISORDERS W MCC,"$159,731 "
057 - DEGENERATIVE NERVOUS SYSTEM DISORDERS W/O MCC,"$85,227 "
058 - MULTIPLE SCLEROSIS  CEREBELLAR ATAXIA W MCC,"$216,074 "
059 - MULTIPLE SCLEROSIS  CEREBELLAR ATAXIA W CC,"$146,040 "
060 - MULTIPLE SCLEROSIS  CEREBELLAR ATAXIA W/O CC/MCC,"$69,410 "
061 - ACUTE ISCHEMIC STROKE W USE OF THROMBOLYTIC AGENT W MCC,"$189,338 "
062 - ACUTE ISCHEMIC STROKE W USE OF THROMBOLYTIC AGENT W CC,"$137,465 "
063 - ACUTE ISCHEMIC STROKE W USE OF THROMBOLYTIC AGENT W/O CC/MCC,"$131,195 "
064 - INTRACRANIAL HEMORRHAGE OR CEREBRAL INFARCTION W MCC,"$204,389 "
065 - INTRACRANIAL HEMORRHAGE OR CEREBRAL INFARCTION W CC OR TPA IN 24 HRS,"$153,991 "
066 - INTRACRANIAL HEMORRHAGE OR CEREBRAL INFARCTION W/O CC/MCC,"$110,993 "
068 - NONSPECIFIC CVA  PRECEREBRAL OCCLUSION W/O INFARCT W/O MCC,"$83,790 "
069 - TRANSIENT ISCHEMIA,"$73,267 "
070 - NONSPECIFIC CEREBROVASCULAR DISORDERS W MCC,"$198,858 "
071 - NONSPECIFIC CEREBROVASCULAR DISORDERS W CC,"$100,630 "
072 - NONSPECIFIC CEREBROVASCULAR DISORDERS W/O CC/MCC,"$67,010 "
073 - CRANIAL  PERIPHERAL NERVE DISORDERS W MCC,"$248,189 "
074 - CRANIAL  PERIPHERAL NERVE DISORDERS W/O MCC,"$78,539 "
075 - VIRAL MENINGITIS W CC/MCC,"$92,996 "
076 - VIRAL MENINGITIS W/O CC/MCC,"$36,148 "
077 - HYPERTENSIVE ENCEPHALOPATHY W MCC,"$228,955 "
078 - HYPERTENSIVE ENCEPHALOPATHY W CC,"$81,286 "
080 - NONTRAUMATIC STUPOR  COMA W MCC,"$80,570 "
081 - NONTRAUMATIC STUPOR  COMA W/O MCC,"$33,479 "
"082 - TRAUMATIC STUPOR  COMA, COMA >1 HR W MCC","$263,652 "
"084 - TRAUMATIC STUPOR  COMA, COMA >1 HR W/O CC/MCC","$83,020 "
"085 - TRAUMATIC STUPOR  COMA, COMA <1 HR W MCC","$167,152 "
"086 - TRAUMATIC STUPOR  COMA, COMA <1 HR W CC","$146,026 "
"087 - TRAUMATIC STUPOR  COMA, COMA <1 HR W/O CC/MCC","$54,972 "
089 - CONCUSSION W CC,"$11,754 "
090 - CONCUSSION W/O CC/MCC,"$37,763 "
091 - OTHER DISORDERS OF NERVOUS SYSTEM W MCC,"$117,398 "
092 - OTHER DISORDERS OF NERVOUS SYSTEM W CC,"$92,599 "
093 - OTHER DISORDERS OF NERVOUS SYSTEM W/O CC/MCC,"$78,141 "
094 - BACTERIAL  TUBERCULOUS INFECTIONS OF NERVOUS SYSTEM W MCC,"$374,898 "
095 - BACTERIAL  TUBERCULOUS INFECTIONS OF NERVOUS SYSTEM W CC,"$192,812 "
096 - BACTERIAL  TUBERCULOUS INFECTIONS OF NERVOUS SYSTEM W/O CC/MCC,"$120,336 "
097 - NON-BACTERIAL INFECT OF NERVOUS SYS EXC VIRAL MENINGITIS W MCC,"$390,647 "
098 - NON-BACTERIAL INFECT OF NERVOUS SYS EXC VIRAL MENINGITIS W CC,"$196,577 "
099 - NON-BACTERIAL INFECT OF NERVOUS SYS EXC VIRAL MENINGITIS W/O CC/MCC,"$88,324 "
100 - SEIZURES W MCC,"$176,758 "
101 - SEIZURES W/O MCC,"$69,050 "
102 - HEADACHES W MCC,"$77,143 "
103 - HEADACHES W/O MCC,"$61,807 "
113 - ORBITAL PROCEDURES W CC/MCC,"$140,523 "
114 - ORBITAL PROCEDURES W/O CC/MCC,"$94,712 "
115 - EXTRAOCULAR PROCEDURES EXCEPT ORBIT,"$80,567 "
116 - INTRAOCULAR PROCEDURES W CC/MCC,"$126,539 "
117 - INTRAOCULAR PROCEDURES W/O CC/MCC,"$118,078 "
121 - ACUTE MAJOR EYE INFECTIONS W CC/MCC,"$157,997 "
122 - ACUTE MAJOR EYE INFECTIONS W/O CC/MCC,"$78,914 "
123 - NEUROLOGICAL EYE DISORDERS,"$54,268 "
124 - OTHER DISORDERS OF THE EYE W MCC,"$149,304 "
125 - OTHER DISORDERS OF THE EYE W/O MCC,"$53,222 "
129 - MAJOR HEAD  NECK PROCEDURES W CC/MCC OR MAJOR DEVICE,"$189,016 "
130 - MAJOR HEAD  NECK PROCEDURES W/O CC/MCC,"$102,515 "
131 - CRANIAL/FACIAL PROCEDURES W CC/MCC,"$265,753 "
132 - CRANIAL/FACIAL PROCEDURES W/O CC/MCC,"$99,276 "
"133 - OTHER EAR, NOSE, MOUTH  THROAT O.R. PROCEDURES W CC/MCC","$112,134 "
"134 - OTHER EAR, NOSE, MOUTH  THROAT O.R. PROCEDURES W/O CC/MCC","$61,959 "
135 - SINUS  MASTOID PROCEDURES W CC/MCC,"$145,787 "
136 - SINUS  MASTOID PROCEDURES W/O CC/MCC,"$114,353 "
137 - MOUTH PROCEDURES W CC/MCC,"$92,973 "
138 - MOUTH PROCEDURES W/O CC/MCC,"$65,655 "
139 - SALIVARY GLAND PROCEDURES,"$75,906 "
"146 - EAR, NOSE, MOUTH  THROAT MALIGNANCY W MCC","$262,297 "
"147 - EAR, NOSE, MOUTH  THROAT MALIGNANCY W CC","$154,540 "
"148 - EAR, NOSE, MOUTH  THROAT MALIGNANCY W/O CC/MCC","$118,616 "
149 - DYSEQUILIBRIUM,"$47,829 "
151 - EPISTAXIS W/O MCC,"$39,885 "
152 - OTITIS MEDIA  URI W MCC,"$155,209 "
153 - OTITIS MEDIA  URI W/O MCC,"$56,993 "
"154 - OTHER EAR, NOSE, MOUTH  THROAT DIAGNOSES W MCC","$127,649 "
"155 - OTHER EAR, NOSE, MOUTH  THROAT DIAGNOSES W CC","$95,415 "
"156 - OTHER EAR, NOSE, MOUTH  THROAT DIAGNOSES W/O CC/MCC","$48,598 "
157 - DENTAL  ORAL DISEASES W MCC,"$103,684 "
158 - DENTAL  ORAL DISEASES W CC,"$74,146 "
159 - DENTAL  ORAL DISEASES W/O CC/MCC,"$48,976 "
163 - MAJOR CHEST PROCEDURES W MCC,"$447,398 "
164 - MAJOR CHEST PROCEDURES W CC,"$168,065 "
165 - MAJOR CHEST PROCEDURES W/O CC/MCC,"$128,044 "
166 - OTHER RESP SYSTEM O.R. PROCEDURES W MCC,"$509,957 "
167 - OTHER RESP SYSTEM O.R. PROCEDURES W CC,"$132,567 "
168 - OTHER RESP SYSTEM O.R. PROCEDURES W/O CC/MCC,"$84,264 "
175 - PULMONARY EMBOLISM W MCC,"$124,227 "
176 - PULMONARY EMBOLISM W/O MCC,"$59,418 "
177 - RESPIRATORY INFECTIONS  INFLAMMATIONS W MCC,"$208,071 "
178 - RESPIRATORY INFECTIONS  INFLAMMATIONS W CC,"$175,994 "
179 - RESPIRATORY INFECTIONS  INFLAMMATIONS W/O CC/MCC,"$163,017 "
180 - RESPIRATORY NEOPLASMS W MCC,"$148,832 "
181 - RESPIRATORY NEOPLASMS W CC,"$90,363 "
182 - RESPIRATORY NEOPLASMS W/O CC/MCC,"$75,626 "
183 - MAJOR CHEST TRAUMA W MCC,"$75,077 "
184 - MAJOR CHEST TRAUMA W CC,"$60,033 "
186 - PLEURAL EFFUSION W MCC,"$211,008 "
187 - PLEURAL EFFUSION W CC,"$102,294 "
189 - PULMONARY EDEMA  RESPIRATORY FAILURE,"$187,360 "
190 - CHRONIC OBSTRUCTIVE PULMONARY DISEASE W MCC,"$87,407 "
191 - CHRONIC OBSTRUCTIVE PULMONARY DISEASE W CC,"$79,839 "
192 - CHRONIC OBSTRUCTIVE PULMONARY DISEASE W/O CC/MCC,"$54,235 "
193 - SIMPLE PNEUMONIA  PLEURISY W MCC,"$125,670 "
194 - SIMPLE PNEUMONIA  PLEURISY W CC,"$67,319 "
195 - SIMPLE PNEUMONIA  PLEURISY W/O CC/MCC,"$41,075 "
196 - INTERSTITIAL LUNG DISEASE W MCC,"$127,432 "
197 - INTERSTITIAL LUNG DISEASE W CC,"$67,375 "
198 - INTERSTITIAL LUNG DISEASE W/O CC/MCC,"$58,391 "
199 - PNEUMOTHORAX W MCC,"$154,247 "
200 - PNEUMOTHORAX W CC,"$49,756 "
201 - PNEUMOTHORAX W/O CC/MCC,"$43,810 "
202 - BRONCHITIS  ASTHMA W CC/MCC,"$126,909 "
203 - BRONCHITIS  ASTHMA W/O CC/MCC,"$71,793 "
204 - RESPIRATORY SIGNS  SYMPTOMS,"$103,653 "
205 - OTHER RESPIRATORY SYSTEM DIAGNOSES W MCC,"$113,155 "
206 - OTHER RESPIRATORY SYSTEM DIAGNOSES W/O MCC,"$80,264 "
207 - RESPIRATORY SYSTEM DIAGNOSIS W VENTILATOR SUPPORT >96 HOURS,"$958,320 "
208 - RESPIRATORY SYSTEM DIAGNOSIS W VENTILATOR SUPPORT <96 HOURS,"$299,986 "
215 - OTHER HEART ASSIST SYSTEM IMPLANT,"$1,092,437 "
216 - CARDIAC VALVE  OTH MAJ CARDIOTHORACIC PROC W CARD CATH W MCC,"$1,784,596 "
217 - CARDIAC VALVE  OTH MAJ CARDIOTHORACIC PROC W CARD CATH W CC,"$522,391 "
218 - CARDIAC VALVE  OTH MAJ CARDIOTHORACIC PROC W CARD CATH W/O CC/MCC,"$509,631 "
219 - CARDIAC VALVE  OTH MAJ CARDIOTHORACIC PROC W/O CARD CATH W MCC,"$643,660 "
220 - CARDIAC VALVE  OTH MAJ CARDIOTHORACIC PROC W/O CARD CATH W CC,"$385,288 "
221 - CARDIAC VALVE  OTH MAJ CARDIOTHORACIC PROC W/O CARD CATH W/O CC/MCC,"$275,814 "
222 - CARDIAC DEFIB IMPLANT W CARDIAC CATH W AMI/HF/SHOCK W MCC,"$459,462 "
223 - CARDIAC DEFIB IMPLANT W CARDIAC CATH W AMI/HF/SHOCK W/O MCC,"$417,376 "
224 - CARDIAC DEFIB IMPLANT W CARDIAC CATH W/O AMI/HF/SHOCK W MCC,"$1,292,571 "
225 - CARDIAC DEFIB IMPLANT W CARDIAC CATH W/O AMI/HF/SHOCK W/O MCC,"$273,854 "
226 - CARDIAC DEFIBRILLATOR IMPLANT W/O CARDIAC CATH W MCC,"$305,130 "
227 - CARDIAC DEFIBRILLATOR IMPLANT W/O CARDIAC CATH W/O MCC,"$254,722 "
228 - OTHER CARDIOTHORACIC PROCEDURES W MCC,"$740,409 "
229 - OTHER CARDIOTHORACIC PROCEDURES W/O MCC,"$382,749 "
232 - CORONARY BYPASS W PTCA W/O MCC,"$633,327 "
233 - CORONARY BYPASS W CARDIAC CATH W MCC,"$661,295 "
234 - CORONARY BYPASS W CARDIAC CATH W/O MCC,"$417,205 "
235 - CORONARY BYPASS W/O CARDIAC CATH W MCC,"$383,830 "
236 - CORONARY BYPASS W/O CARDIAC CATH W/O MCC,"$281,831 "
239 - AMPUTATION FOR CIRC SYS DISORDERS EXC UPPER LIMB  TOE W MCC,"$1,938,516 "
240 - AMPUTATION FOR CIRC SYS DISORDERS EXC UPPER LIMB  TOE W CC,"$287,006 "
241 - AMPUTATION FOR CIRC SYS DISORDERS EXC UPPER LIMB  TOE W/O CC/MCC,"$119,336 "
242 - PERMANENT CARDIAC PACEMAKER IMPLANT W MCC,"$304,785 "
243 - PERMANENT CARDIAC PACEMAKER IMPLANT W CC,"$148,131 "
244 - PERMANENT CARDIAC PACEMAKER IMPLANT W/O CC/MCC,"$132,318 "
245 - AICD GENERATOR PROCEDURES,"$445,628 "
246 - PERC CARDIOVASC PROC W DRUG-ELUTING STENT W MCC OR 4+ VESSELS/STENTS,"$262,982 "
247 - PERC CARDIOVASC PROC W DRUG-ELUTING STENT W/O MCC,"$174,377 "
248 - PERC CARDIOVASC PROC W NON-DRUG-ELUTING STENT W MCC OR 4+ VES/STENTS,"$156,102 "
249 - PERC CARDIOVASC PROC W NON-DRUG-ELUTING STENT W/O MCC,"$140,868 "
250 - PERC CARDIOVASC PROC W/O CORONARY ARTERY STENT W MCC,"$219,525 "
251 - PERC CARDIOVASC PROC W/O CORONARY ARTERY STENT W/O MCC,"$133,496 "
252 - OTHER VASCULAR PROCEDURES W MCC,"$349,543 "
253 - OTHER VASCULAR PROCEDURES W CC,"$219,870 "
254 - OTHER VASCULAR PROCEDURES W/O CC/MCC,"$135,737 "
255 - UPPER LIMB  TOE AMPUTATION FOR CIRC SYSTEM DISORDERS W MCC,"$108,183 "
256 - UPPER LIMB  TOE AMPUTATION FOR CIRC SYSTEM DISORDERS W CC,"$149,139 "
258 - CARDIAC PACEMAKER DEVICE REPLACEMENT W MCC,"$88,938 "
259 - CARDIAC PACEMAKER DEVICE REPLACEMENT W/O MCC,"$83,371 "
260 - CARDIAC PACEMAKER REVISION EXCEPT DEVICE REPLACEMENT W MCC,"$271,536 "
261 - CARDIAC PACEMAKER REVISION EXCEPT DEVICE REPLACEMENT W CC,"$142,562 "
262 - CARDIAC PACEMAKER REVISION EXCEPT DEVICE REPLACEMENT W/O CC/MCC,"$73,004 "
263 - VEIN LIGATION  STRIPPING,"$47,163 "
264 - OTHER CIRCULATORY SYSTEM O.R. PROCEDURES,"$354,472 "
266 - ENDOVASCULAR CARDIAC VALVE REPLACEMENT W MCC,"$545,410 "
267 - ENDOVASCULAR CARDIAC VALVE REPLACEMENT W/O MCC,"$293,583 "
268 - AORTIC AND HEART ASSIST PROCEDURES EXCEPT PULSATION BALLOON W MCC,"$656,239 "
269 - AORTIC AND HEART ASSIST PROCEDURES EXCEPT PULSATION BALLOON W/O MCC,"$299,841 "
270 - OTHER MAJOR CARDIOVASCULAR PROCEDURES W MCC,"$788,703 "
271 - OTHER MAJOR CARDIOVASCULAR PROCEDURES W CC,"$294,882 "
272 - OTHER MAJOR CARDIOVASCULAR PROCEDURES W/O CC/MCC,"$204,639 "
273 - PERCUTANEOUS INTRACARDIAC PROCEDURES W MCC,"$378,946 "
274 - PERCUTANEOUS INTRACARDIAC PROCEDURES W/O MCC,"$200,255 "
"280 - ACUTE MYOCARDIAL INFARCTION, DISCHARGED ALIVE W MCC","$168,641 "
"281 - ACUTE MYOCARDIAL INFARCTION, DISCHARGED ALIVE W CC","$90,444 "
"282 - ACUTE MYOCARDIAL INFARCTION, DISCHARGED ALIVE W/O CC/MCC","$76,452 "
"283 - ACUTE MYOCARDIAL INFARCTION, EXPIRED W MCC","$186,689 "
"284 - ACUTE MYOCARDIAL INFARCTION, EXPIRED W CC","$2,042,909 "
"286 - CIRCULATORY DISORDERS EXCEPT AMI, W CARD CATH W MCC","$259,939 "
"287 - CIRCULATORY DISORDERS EXCEPT AMI, W CARD CATH W/O MCC","$141,679 "
288 - ACUTE  SUBACUTE ENDOCARDITIS W MCC,"$368,499 "
289 - ACUTE  SUBACUTE ENDOCARDITIS W CC,"$115,759 "
291 - HEART FAILURE  SHOCK W MCC,"$140,845 "
292 - HEART FAILURE  SHOCK W CC,"$84,637 "
293 - HEART FAILURE  SHOCK W/O CC/MCC,"$67,511 "
294 - DEEP VEIN THROMBOPHLEBITIS W CC/MCC,"$102,174 "
"296 - CARDIAC ARREST, UNEXPLAINED W MCC","$158,365 "
299 - PERIPHERAL VASCULAR DISORDERS W MCC,"$143,048 "
300 - PERIPHERAL VASCULAR DISORDERS W CC,"$99,508 "
301 - PERIPHERAL VASCULAR DISORDERS W/O CC/MCC,"$74,435 "
302 - ATHEROSCLEROSIS W MCC,"$32,588 "
303 - ATHEROSCLEROSIS W/O MCC,"$44,718 "
304 - HYPERTENSION W MCC,"$179,614 "
305 - HYPERTENSION W/O MCC,"$58,402 "
306 - CARDIAC CONGENITAL  VALVULAR DISORDERS W MCC,"$211,741 "
307 - CARDIAC CONGENITAL  VALVULAR DISORDERS W/O MCC,"$111,466 "
308 - CARDIAC ARRHYTHMIA  CONDUCTION DISORDERS W MCC,"$111,984 "
309 - CARDIAC ARRHYTHMIA  CONDUCTION DISORDERS W CC,"$61,584 "
310 - CARDIAC ARRHYTHMIA  CONDUCTION DISORDERS W/O CC/MCC,"$43,978 "
311 - ANGINA PECTORIS,"$40,638 "
312 - SYNCOPE  COLLAPSE,"$60,649 "
313 - CHEST PAIN,"$56,549 "
314 - OTHER CIRCULATORY SYSTEM DIAGNOSES W MCC,"$259,937 "
315 - OTHER CIRCULATORY SYSTEM DIAGNOSES W CC,"$100,042 "
316 - OTHER CIRCULATORY SYSTEM DIAGNOSES W/O CC/MCC,"$67,100 "
"326 - STOMACH, ESOPHAGEAL  DUODENAL PROC W MCC","$645,190 "
"327 - STOMACH, ESOPHAGEAL  DUODENAL PROC W CC","$233,284 "
"328 - STOMACH, ESOPHAGEAL  DUODENAL PROC W/O CC/MCC","$128,097 "
329 - MAJOR SMALL  LARGE BOWEL PROCEDURES W MCC,"$445,285 "
330 - MAJOR SMALL  LARGE BOWEL PROCEDURES W CC,"$182,256 "
331 - MAJOR SMALL  LARGE BOWEL PROCEDURES W/O CC/MCC,"$108,083 "
332 - RECTAL RESECTION W MCC,"$439,600 "
333 - RECTAL RESECTION W CC,"$194,491 "
334 - RECTAL RESECTION W/O CC/MCC,"$151,784 "
335 - PERITONEAL ADHESIOLYSIS W MCC,"$396,751 "
336 - PERITONEAL ADHESIOLYSIS W CC,"$184,214 "
337 - PERITONEAL ADHESIOLYSIS W/O CC/MCC,"$124,453 "
338 - APPENDECTOMY W COMPLICATED PRINCIPAL DIAG W MCC,"$117,366 "
339 - APPENDECTOMY W COMPLICATED PRINCIPAL DIAG W CC,"$142,079 "
340 - APPENDECTOMY W COMPLICATED PRINCIPAL DIAG W/O CC/MCC,"$87,130 "
341 - APPENDECTOMY W/O COMPLICATED PRINCIPAL DIAG W MCC,"$127,607 "
342 - APPENDECTOMY W/O COMPLICATED PRINCIPAL DIAG W CC,"$144,514 "
343 - APPENDECTOMY W/O COMPLICATED PRINCIPAL DIAG W/O CC/MCC,"$73,432 "
344 - MINOR SMALL  LARGE BOWEL PROCEDURES W MCC,"$216,376 "
345 - MINOR SMALL  LARGE BOWEL PROCEDURES W CC,"$127,552 "
346 - MINOR SMALL  LARGE BOWEL PROCEDURES W/O CC/MCC,"$49,213 "
347 - ANAL  STOMAL PROCEDURES W MCC,"$273,474 "
348 - ANAL  STOMAL PROCEDURES W CC,"$95,000 "
349 - ANAL  STOMAL PROCEDURES W/O CC/MCC,"$54,231 "
350 - INGUINAL  FEMORAL HERNIA PROCEDURES W MCC,"$282,170 "
351 - INGUINAL  FEMORAL HERNIA PROCEDURES W CC,"$115,126 "
352 - INGUINAL  FEMORAL HERNIA PROCEDURES W/O CC/MCC,"$60,531 "
353 - HERNIA PROCEDURES EXCEPT INGUINAL  FEMORAL W MCC,"$269,759 "
354 - HERNIA PROCEDURES EXCEPT INGUINAL  FEMORAL W CC,"$123,701 "
355 - HERNIA PROCEDURES EXCEPT INGUINAL  FEMORAL W/O CC/MCC,"$99,592 "
356 - OTHER DIGESTIVE SYSTEM O.R. PROCEDURES W MCC,"$212,257 "
357 - OTHER DIGESTIVE SYSTEM O.R. PROCEDURES W CC,"$175,622 "
358 - OTHER DIGESTIVE SYSTEM O.R. PROCEDURES W/O CC/MCC,"$103,866 "
368 - MAJOR ESOPHAGEAL DISORDERS W MCC,"$112,392 "
369 - MAJOR ESOPHAGEAL DISORDERS W CC,"$72,250 "
370 - MAJOR ESOPHAGEAL DISORDERS W/O CC/MCC,"$41,024 "
371 - MAJOR GASTROINTESTINAL DISORDERS  PERITONEAL INFECTIONS W MCC,"$168,357 "
372 - MAJOR GASTROINTESTINAL DISORDERS  PERITONEAL INFECTIONS W CC,"$95,191 "
373 - MAJOR GASTROINTESTINAL DISORDERS  PERITONEAL INFECTIONS W/O CC/MCC,"$59,145 "
374 - DIGESTIVE MALIGNANCY W MCC,"$175,769 "
375 - DIGESTIVE MALIGNANCY W CC,"$98,127 "
376 - DIGESTIVE MALIGNANCY W/O CC/MCC,"$90,576 "
377 - G.I. HEMORRHAGE W MCC,"$146,356 "
378 - G.I. HEMORRHAGE W CC,"$75,750 "
379 - G.I. HEMORRHAGE W/O CC/MCC,"$60,540 "
380 - COMPLICATED PEPTIC ULCER W MCC,"$183,506 "
381 - COMPLICATED PEPTIC ULCER W CC,"$83,931 "
382 - COMPLICATED PEPTIC ULCER W/O CC/MCC,"$116,501 "
384 - UNCOMPLICATED PEPTIC ULCER W/O MCC,"$77,046 "
385 - INFLAMMATORY BOWEL DISEASE W MCC,"$223,610 "
386 - INFLAMMATORY BOWEL DISEASE W CC,"$98,732 "
387 - INFLAMMATORY BOWEL DISEASE W/O CC/MCC,"$80,383 "
388 - G.I. OBSTRUCTION W MCC,"$273,906 "
389 - G.I. OBSTRUCTION W CC,"$80,621 "
390 - G.I. OBSTRUCTION W/O CC/MCC,"$60,252 "
"391 - ESOPHAGITIS, GASTROENT  MISC DIGEST DISORDERS W MCC","$122,789 "
"392 - ESOPHAGITIS, GASTROENT  MISC DIGEST DISORDERS W/O MCC","$64,662 "
393 - OTHER DIGESTIVE SYSTEM DIAGNOSES W MCC,"$150,967 "
394 - OTHER DIGESTIVE SYSTEM DIAGNOSES W CC,"$81,509 "
395 - OTHER DIGESTIVE SYSTEM DIAGNOSES W/O CC/MCC,"$57,658 "
"405 - PANCREAS, LIVER  SHUNT PROCEDURES W MCC","$526,282 "
"406 - PANCREAS, LIVER  SHUNT PROCEDURES W CC","$238,186 "
"407 - PANCREAS, LIVER  SHUNT PROCEDURES W/O CC/MCC","$170,623 "
408 - BILIARY TRACT PROC EXCEPT ONLY CHOLECYST W OR W/O C.D.E. W MCC,"$286,918 "
409 - BILIARY TRACT PROC EXCEPT ONLY CHOLECYST W OR W/O C.D.E. W CC,"$378,199 "
410 - BILIARY TRACT PROC EXCEPT ONLY CHOLECYST W OR W/O C.D.E. W/O CC/MCC,"$153,337 "
411 - CHOLECYSTECTOMY W C.D.E. W MCC,"$364,505 "
412 - CHOLECYSTECTOMY W C.D.E. W CC,"$164,156 "
414 - CHOLECYSTECTOMY EXCEPT BY LAPAROSCOPE W/O C.D.E. W MCC,"$256,278 "
415 - CHOLECYSTECTOMY EXCEPT BY LAPAROSCOPE W/O C.D.E. W CC,"$161,942 "
416 - CHOLECYSTECTOMY EXCEPT BY LAPAROSCOPE W/O C.D.E. W/O CC/MCC,"$118,437 "
417 - LAPAROSCOPIC CHOLECYSTECTOMY W/O C.D.E. W MCC,"$229,712 "
418 - LAPAROSCOPIC CHOLECYSTECTOMY W/O C.D.E. W CC,"$142,385 "
419 - LAPAROSCOPIC CHOLECYSTECTOMY W/O C.D.E. W/O CC/MCC,"$104,371 "
420 - HEPATOBILIARY DIAGNOSTIC PROCEDURES W MCC,"$525,271 "
421 - HEPATOBILIARY DIAGNOSTIC PROCEDURES W CC,"$148,409 "
422 - HEPATOBILIARY DIAGNOSTIC PROCEDURES W/O CC/MCC,"$42,057 "
423 - OTHER HEPATOBILIARY OR PANCREAS O.R. PROCEDURES W MCC,"$551,553 "
424 - OTHER HEPATOBILIARY OR PANCREAS O.R. PROCEDURES W CC,"$121,499 "
425 - OTHER HEPATOBILIARY OR PANCREAS O.R. PROCEDURES W/O CC/MCC,"$84,221 "
432 - CIRRHOSIS  ALCOHOLIC HEPATITIS W MCC,"$180,556 "
433 - CIRRHOSIS  ALCOHOLIC HEPATITIS W CC,"$78,986 "
434 - CIRRHOSIS  ALCOHOLIC HEPATITIS W/O CC/MCC,"$21,602 "
435 - MALIGNANCY OF HEPATOBILIARY SYSTEM OR PANCREAS W MCC,"$128,338 "
436 - MALIGNANCY OF HEPATOBILIARY SYSTEM OR PANCREAS W CC,"$100,237 "
437 - MALIGNANCY OF HEPATOBILIARY SYSTEM OR PANCREAS W/O CC/MCC,"$56,632 "
438 - DISORDERS OF PANCREAS EXCEPT MALIGNANCY W MCC,"$189,268 "
439 - DISORDERS OF PANCREAS EXCEPT MALIGNANCY W CC,"$81,020 "
440 - DISORDERS OF PANCREAS EXCEPT MALIGNANCY W/O CC/MCC,"$55,206 "
"441 - DISORDERS OF LIVER EXCEPT MALIG,CIRR,ALC HEPA W MCC","$192,393 "
"442 - DISORDERS OF LIVER EXCEPT MALIG,CIRR,ALC HEPA W CC","$93,515 "
"443 - DISORDERS OF LIVER EXCEPT MALIG,CIRR,ALC HEPA W/O CC/MCC","$62,090 "
444 - DISORDERS OF THE BILIARY TRACT W MCC,"$113,289 "
445 - DISORDERS OF THE BILIARY TRACT W CC,"$79,927 "
446 - DISORDERS OF THE BILIARY TRACT W/O CC/MCC,"$57,614 "
453 - COMBINED ANTERIOR/POSTERIOR SPINAL FUSION W MCC,"$645,995 "
454 - COMBINED ANTERIOR/POSTERIOR SPINAL FUSION W CC,"$455,366 "
455 - COMBINED ANTERIOR/POSTERIOR SPINAL FUSION W/O CC/MCC,"$290,386 "
456 - SPINAL FUS EXC CERV W SPINAL CURV/MALIG/INFEC OR EXT FUS W MCC,"$528,566 "
457 - SPINAL FUS EXC CERV W SPINAL CURV/MALIG/INFEC OR EXT FUS W CC,"$427,421 "
458 - SPINAL FUS EXC CERV W SPINAL CURV/MALIG/INFEC OR EXT FUS W/O CC/MCC,"$302,965 "
459 - SPINAL FUSION EXCEPT CERVICAL W MCC,"$387,396 "
460 - SPINAL FUSION EXCEPT CERVICAL W/O MCC,"$234,484 "
462 - BILATERAL OR MULTIPLE MAJOR JOINT PROCS OF LOWER EXTREMITY W/O MCC,"$161,413 "
"463 - WND DEBRID  SKN GRFT EXC HAND, FOR MUSCULO-CONN TISS DIS W MCC","$381,040 "
"464 - WND DEBRID  SKN GRFT EXC HAND, FOR MUSCULO-CONN TISS DIS W CC","$251,898 "
"465 - WND DEBRID  SKN GRFT EXC HAND, FOR MUSCULO-CONN TISS DIS W/O CC/MCC","$149,532 "
466 - REVISION OF HIP OR KNEE REPLACEMENT W MCC,"$283,702 "
467 - REVISION OF HIP OR KNEE REPLACEMENT W CC,"$188,220 "
468 - REVISION OF HIP OR KNEE REPLACEMENT W/O CC/MCC,"$130,796 "
469 - MAJOR JOINT REPLACEMENT OR REATTACHMENT OF LOWER EXTREMITY W MCC,"$200,133 "
470 - MAJOR JOINT REPLACEMENT OR REATTACHMENT OF LOWER EXTREMITY W/O MCC,"$105,720 "
471 - CERVICAL SPINAL FUSION W MCC,"$317,400 "
472 - CERVICAL SPINAL FUSION W CC,"$192,084 "
473 - CERVICAL SPINAL FUSION W/O CC/MCC,"$152,126 "
474 - AMPUTATION FOR MUSCULOSKELETAL SYS  CONN TISSUE DIS W MCC,"$375,464 "
475 - AMPUTATION FOR MUSCULOSKELETAL SYS  CONN TISSUE DIS W CC,"$168,096 "
476 - AMPUTATION FOR MUSCULOSKELETAL SYS  CONN TISSUE DIS W/O CC/MCC,"$117,187 "
477 - BIOPSIES OF MUSCULOSKELETAL SYSTEM  CONNECTIVE TISSUE W MCC,"$269,249 "
478 - BIOPSIES OF MUSCULOSKELETAL SYSTEM  CONNECTIVE TISSUE W CC,"$182,225 "
479 - BIOPSIES OF MUSCULOSKELETAL SYSTEM  CONNECTIVE TISSUE W/O CC/MCC,"$101,297 "
480 - HIP  FEMUR PROCEDURES EXCEPT MAJOR JOINT W MCC,"$205,866 "
481 - HIP  FEMUR PROCEDURES EXCEPT MAJOR JOINT W CC,"$164,725 "
482 - HIP  FEMUR PROCEDURES EXCEPT MAJOR JOINT W/O CC/MCC,"$126,997 "
483 - MAJOR JOINT/LIMB REATTACHMENT PROCEDURE OF UPPER EXTREMITIES,"$109,395 "
485 - KNEE PROCEDURES W PDX OF INFECTION W MCC,"$310,348 "
486 - KNEE PROCEDURES W PDX OF INFECTION W CC,"$152,606 "
487 - KNEE PROCEDURES W PDX OF INFECTION W/O CC/MCC,"$142,709 "
488 - KNEE PROCEDURES W/O PDX OF INFECTION W CC/MCC,"$119,853 "
489 - KNEE PROCEDURES W/O PDX OF INFECTION W/O CC/MCC,"$88,489 "
"492 - LOWER EXTREM  HUMER PROC EXCEPT HIP,FOOT,FEMUR W MCC","$232,710 "
"493 - LOWER EXTREM  HUMER PROC EXCEPT HIP,FOOT,FEMUR W CC","$159,528 "
"494 - LOWER EXTREM  HUMER PROC EXCEPT HIP,FOOT,FEMUR W/O CC/MCC","$109,332 "
495 - LOCAL EXCISION  REMOVAL INT FIX DEVICES EXC HIP  FEMUR W MCC,"$139,887 "
496 - LOCAL EXCISION  REMOVAL INT FIX DEVICES EXC HIP  FEMUR W CC,"$140,118 "
497 - LOCAL EXCISION  REMOVAL INT FIX DEVICES EXC HIP  FEMUR W/O CC/MCC,"$91,834 "
498 - LOCAL EXCISION  REMOVAL INT FIX DEVICES OF HIP  FEMUR W CC/MCC,"$164,464 "
499 - LOCAL EXCISION  REMOVAL INT FIX DEVICES OF HIP  FEMUR W/O CC/MCC,"$61,500 "
500 - SOFT TISSUE PROCEDURES W MCC,"$255,803 "
501 - SOFT TISSUE PROCEDURES W CC,"$123,352 "
502 - SOFT TISSUE PROCEDURES W/O CC/MCC,"$98,765 "
503 - FOOT PROCEDURES W MCC,"$192,872 "
504 - FOOT PROCEDURES W CC,"$103,731 "
505 - FOOT PROCEDURES W/O CC/MCC,"$87,453 "
506 - MAJOR THUMB OR JOINT PROCEDURES,"$102,017 "
507 - MAJOR SHOULDER OR ELBOW JOINT PROCEDURES W CC/MCC,"$93,323 "
508 - MAJOR SHOULDER OR ELBOW JOINT PROCEDURES W/O CC/MCC,"$117,766 "
509 - ARTHROSCOPY,"$86,329 "
"510 - SHOULDER,ELBOW OR FOREARM PROC,EXC MAJOR JOINT PROC W MCC","$148,601 "
"511 - SHOULDER,ELBOW OR FOREARM PROC,EXC MAJOR JOINT PROC W CC","$113,867 "
"512 - SHOULDER,ELBOW OR FOREARM PROC,EXC MAJOR JOINT PROC W/O CC/MCC","$113,020 "
"513 - HAND OR WRIST PROC, EXCEPT MAJOR THUMB OR JOINT PROC W CC/MCC","$131,648 "
"514 - HAND OR WRIST PROC, EXCEPT MAJOR THUMB OR JOINT PROC W/O CC/MCC","$77,730 "
515 - OTHER MUSCULOSKELET SYS  CONN TISS O.R. PROC W MCC,"$545,024 "
516 - OTHER MUSCULOSKELET SYS  CONN TISS O.R. PROC W CC,"$179,585 "
517 - OTHER MUSCULOSKELET SYS  CONN TISS O.R. PROC W/O CC/MCC,"$109,019 "
518 - BACK  NECK PROC EXC SPINAL FUSION W MCC OR DISC DEVICE/NEUROSTIM,"$212,383 "
519 - BACK  NECK PROC EXC SPINAL FUSION W CC,"$135,619 "
520 - BACK  NECK PROC EXC SPINAL FUSION W/O CC/MCC,"$101,086 "
533 - FRACTURES OF FEMUR W MCC,"$86,061 "
534 - FRACTURES OF FEMUR W/O MCC,"$132,748 "
535 - FRACTURES OF HIP  PELVIS W MCC,"$69,407 "
536 - FRACTURES OF HIP  PELVIS W/O MCC,"$65,873 "
"537 - SPRAINS, STRAINS,  DISLOCATIONS OF HIP, PELVIS  THIGH W CC/MCC","$118,563 "
539 - OSTEOMYELITIS W MCC,"$120,497 "
540 - OSTEOMYELITIS W CC,"$110,575 "
541 - OSTEOMYELITIS W/O CC/MCC,"$86,039 "
542 - PATHOLOGICAL FRACTURES  MUSCULOSKELET  CONN TISS MALIG W MCC,"$202,728 "
543 - PATHOLOGICAL FRACTURES  MUSCULOSKELET  CONN TISS MALIG W CC,"$115,234 "
544 - PATHOLOGICAL FRACTURES  MUSCULOSKELET  CONN TISS MALIG W/O CC/MCC,"$75,945 "
545 - CONNECTIVE TISSUE DISORDERS W MCC,"$350,109 "
546 - CONNECTIVE TISSUE DISORDERS W CC,"$108,538 "
547 - CONNECTIVE TISSUE DISORDERS W/O CC/MCC,"$65,935 "
548 - SEPTIC ARTHRITIS W MCC,"$279,532 "
549 - SEPTIC ARTHRITIS W CC,"$156,686 "
550 - SEPTIC ARTHRITIS W/O CC/MCC,"$77,883 "
551 - MEDICAL BACK PROBLEMS W MCC,"$125,710 "
552 - MEDICAL BACK PROBLEMS W/O MCC,"$72,732 "
553 - BONE DISEASES  ARTHROPATHIES W MCC,"$308,658 "
554 - BONE DISEASES  ARTHROPATHIES W/O MCC,"$64,977 "
555 - SIGNS  SYMPTOMS OF MUSCULOSKELETAL SYSTEM  CONN TISSUE W MCC,"$143,340 "
556 - SIGNS  SYMPTOMS OF MUSCULOSKELETAL SYSTEM  CONN TISSUE W/O MCC,"$72,073 "
"557 - TENDONITIS, MYOSITIS  BURSITIS W MCC","$77,317 "
"558 - TENDONITIS, MYOSITIS  BURSITIS W/O MCC","$77,401 "
"559 - AFTERCARE, MUSCULOSKELETAL SYSTEM  CONNECTIVE TISSUE W MCC","$130,888 "
"560 - AFTERCARE, MUSCULOSKELETAL SYSTEM  CONNECTIVE TISSUE W CC","$78,039 "
"561 - AFTERCARE, MUSCULOSKELETAL SYSTEM  CONNECTIVE TISSUE W/O CC/MCC","$66,623 "
"562 - FX, SPRN, STRN  DISL EXCEPT FEMUR, HIP, PELVIS  THIGH W MCC","$105,534 "
"563 - FX, SPRN, STRN  DISL EXCEPT FEMUR, HIP, PELVIS  THIGH W/O MCC","$65,488 "
564 - OTHER MUSCULOSKELETAL SYS  CONNECTIVE TISSUE DIAGNOSES W MCC,"$107,152 "
565 - OTHER MUSCULOSKELETAL SYS  CONNECTIVE TISSUE DIAGNOSES W CC,"$75,007 "
566 - OTHER MUSCULOSKELETAL SYS  CONNECTIVE TISSUE DIAGNOSES W/O CC/MCC,"$74,829 "
570 - SKIN DEBRIDEMENT W MCC,"$112,380 "
571 - SKIN DEBRIDEMENT W CC,"$139,173 "
572 - SKIN DEBRIDEMENT W/O CC/MCC,"$72,809 "
573 - SKIN GRAFT FOR SKIN ULCER OR CELLULITIS W MCC,"$325,822 "
574 - SKIN GRAFT FOR SKIN ULCER OR CELLULITIS W CC,"$452,814 "
575 - SKIN GRAFT FOR SKIN ULCER OR CELLULITIS W/O CC/MCC,"$118,461 "
576 - SKIN GRAFT EXC FOR SKIN ULCER OR CELLULITIS W MCC,"$285,859 "
577 - SKIN GRAFT EXC FOR SKIN ULCER OR CELLULITIS W CC,"$194,152 "
578 - SKIN GRAFT EXC FOR SKIN ULCER OR CELLULITIS W/O CC/MCC,"$125,226 "
"579 - OTHER SKIN, SUBCUT TISS  BREAST PROC W MCC","$219,233 "
"580 - OTHER SKIN, SUBCUT TISS  BREAST PROC W CC","$124,697 "
"581 - OTHER SKIN, SUBCUT TISS  BREAST PROC W/O CC/MCC","$108,980 "
582 - MASTECTOMY FOR MALIGNANCY W CC/MCC,"$152,355 "
"584 - BREAST BIOPSY, LOCAL EXCISION  OTHER BREAST PROCEDURES W CC/MCC","$254,292 "
"585 - BREAST BIOPSY, LOCAL EXCISION  OTHER BREAST PROCEDURES W/O CC/MCC","$186,093 "
592 - SKIN ULCERS W MCC,"$112,379 "
593 - SKIN ULCERS W CC,"$73,226 "
594 - SKIN ULCERS W/O CC/MCC,"$80,187 "
595 - MAJOR SKIN DISORDERS W MCC,"$159,760 "
596 - MAJOR SKIN DISORDERS W/O MCC,"$92,687 "
597 - MALIGNANT BREAST DISORDERS W MCC,"$167,162 "
598 - MALIGNANT BREAST DISORDERS W CC,"$67,032 "
600 - NON-MALIGNANT BREAST DISORDERS W CC/MCC,"$69,268 "
601 - NON-MALIGNANT BREAST DISORDERS W/O CC/MCC,"$34,991 "
602 - CELLULITIS W MCC,"$94,500 "
603 - CELLULITIS W/O MCC,"$63,357 "
"604 - TRAUMA TO THE SKIN, SUBCUT TISS  BREAST W MCC","$75,257 "
"605 - TRAUMA TO THE SKIN, SUBCUT TISS  BREAST W/O MCC","$46,004 "
606 - MINOR SKIN DISORDERS W MCC,"$118,741 "
607 - MINOR SKIN DISORDERS W/O MCC,"$60,251 "
614 - ADRENAL  PITUITARY PROCEDURES W CC/MCC,"$134,219 "
615 - ADRENAL  PITUITARY PROCEDURES W/O CC/MCC,"$86,029 "
"616 - AMPUTAT OF LOWER LIMB FOR ENDOCRINE,NUTRIT, METABOL DIS W MCC","$354,029 "
"617 - AMPUTAT OF LOWER LIMB FOR ENDOCRINE,NUTRIT, METABOL DIS W CC","$137,093 "
619 - O.R. PROCEDURES FOR OBESITY W MCC,"$193,776 "
620 - O.R. PROCEDURES FOR OBESITY W CC,"$121,600 "
621 - O.R. PROCEDURES FOR OBESITY W/O CC/MCC,"$108,415 "
"622 - SKIN GRAFTS  WOUND DEBRID FOR ENDOC, NUTRIT  METAB DIS W MCC","$205,570 "
"623 - SKIN GRAFTS  WOUND DEBRID FOR ENDOC, NUTRIT  METAB DIS W CC","$150,755 "
"624 - SKIN GRAFTS  WOUND DEBRID FOR ENDOC, NUTRIT  METAB DIS W/O CC/MCC","$77,294 "
"625 - THYROID, PARATHYROID  THYROGLOSSAL PROCEDURES W MCC","$305,745 "
"626 - THYROID, PARATHYROID  THYROGLOSSAL PROCEDURES W CC","$131,289 "
"627 - THYROID, PARATHYROID  THYROGLOSSAL PROCEDURES W/O CC/MCC","$66,757 "
"628 - OTHER ENDOCRINE, NUTRIT  METAB O.R. PROC W MCC","$128,034 "
"629 - OTHER ENDOCRINE, NUTRIT  METAB O.R. PROC W CC","$254,754 "
"630 - OTHER ENDOCRINE, NUTRIT  METAB O.R. PROC W/O CC/MCC","$108,315 "
637 - DIABETES W MCC,"$156,756 "
638 - DIABETES W CC,"$88,038 "
639 - DIABETES W/O CC/MCC,"$63,710 "
"640 - MISC DISORDERS OF NUTRITION,METABOLISM,FLUIDS/ELECTROLYTES W MCC","$123,471 "
"641 - MISC DISORDERS OF NUTRITION,METABOLISM,FLUIDS/ELECTROLYTES W/O MCC","$71,703 "
642 - INBORN AND OTHER DISORDERS OF METABOLISM,"$115,474 "
643 - ENDOCRINE DISORDERS W MCC,"$117,823 "
644 - ENDOCRINE DISORDERS W CC,"$70,027 "
645 - ENDOCRINE DISORDERS W/O CC/MCC,"$46,158 "
652 - KIDNEY TRANSPLANT,"$417,410 "
653 - MAJOR BLADDER PROCEDURES W MCC,"$324,189 "
654 - MAJOR BLADDER PROCEDURES W CC,"$197,556 "
655 - MAJOR BLADDER PROCEDURES W/O CC/MCC,"$153,064 "
656 - KIDNEY  URETER PROCEDURES FOR NEOPLASM W MCC,"$328,843 "
657 - KIDNEY  URETER PROCEDURES FOR NEOPLASM W CC,"$137,266 "
658 - KIDNEY  URETER PROCEDURES FOR NEOPLASM W/O CC/MCC,"$104,874 "
659 - KIDNEY  URETER PROCEDURES FOR NON-NEOPLASM W MCC,"$245,835 "
660 - KIDNEY  URETER PROCEDURES FOR NON-NEOPLASM W CC,"$101,139 "
661 - KIDNEY  URETER PROCEDURES FOR NON-NEOPLASM W/O CC/MCC,"$88,676 "
662 - MINOR BLADDER PROCEDURES W MCC,"$208,647 "
663 - MINOR BLADDER PROCEDURES W CC,"$61,648 "
664 - MINOR BLADDER PROCEDURES W/O CC/MCC,"$55,573 "
667 - PROSTATECTOMY W/O CC/MCC,"$65,077 "
668 - TRANSURETHRAL PROCEDURES W MCC,"$599,931 "
669 - TRANSURETHRAL PROCEDURES W CC,"$97,785 "
670 - TRANSURETHRAL PROCEDURES W/O CC/MCC,"$65,219 "
671 - URETHRAL PROCEDURES W CC/MCC,"$104,550 "
672 - URETHRAL PROCEDURES W/O CC/MCC,"$64,130 "
673 - OTHER KIDNEY  URINARY TRACT PROCEDURES W MCC,"$206,925 "
674 - OTHER KIDNEY  URINARY TRACT PROCEDURES W CC,"$178,966 "
675 - OTHER KIDNEY  URINARY TRACT PROCEDURES W/O CC/MCC,"$115,623 "
682 - RENAL FAILURE W MCC,"$121,901 "
683 - RENAL FAILURE W CC,"$84,411 "
684 - RENAL FAILURE W/O CC/MCC,"$42,570 "
686 - KIDNEY  URINARY TRACT NEOPLASMS W MCC,"$228,502 "
687 - KIDNEY  URINARY TRACT NEOPLASMS W CC,"$68,153 "
688 - KIDNEY  URINARY TRACT NEOPLASMS W/O CC/MCC,"$70,137 "
689 - KIDNEY  URINARY TRACT INFECTIONS W MCC,"$84,293 "
690 - KIDNEY  URINARY TRACT INFECTIONS W/O MCC,"$63,861 "
693 - URINARY STONES W/O ESW LITHOTRIPSY W MCC,"$236,907 "
694 - URINARY STONES W/O ESW LITHOTRIPSY W/O MCC,"$56,536 "
695 - KIDNEY  URINARY TRACT SIGNS  SYMPTOMS W MCC,"$85,808 "
696 - KIDNEY  URINARY TRACT SIGNS  SYMPTOMS W/O MCC,"$57,851 "
697 - URETHRAL STRICTURE,"$52,415 "
698 - OTHER KIDNEY  URINARY TRACT DIAGNOSES W MCC,"$130,118 "
699 - OTHER KIDNEY  URINARY TRACT DIAGNOSES W CC,"$82,434 "
700 - OTHER KIDNEY  URINARY TRACT DIAGNOSES W/O CC/MCC,"$80,659 "
707 - MAJOR MALE PELVIC PROCEDURES W CC/MCC,"$114,332 "
708 - MAJOR MALE PELVIC PROCEDURES W/O CC/MCC,"$96,501 "
709 - PENIS PROCEDURES W CC/MCC,"$100,143 "
710 - PENIS PROCEDURES W/O CC/MCC,"$66,947 "
711 - TESTES PROCEDURES W CC/MCC,"$64,971 "
712 - TESTES PROCEDURES W/O CC/MCC,"$44,767 "
713 - TRANSURETHRAL PROSTATECTOMY W CC/MCC,"$80,665 "
714 - TRANSURETHRAL PROSTATECTOMY W/O CC/MCC,"$62,271 "
716 - OTHER MALE REPRODUCTIVE SYSTEM O.R. PROC FOR MALIGNANCY W/O CC/MCC,"$44,621 "
717 - OTHER MALE REPRODUCTIVE SYSTEM O.R. PROC EXC MALIGNANCY W CC/MCC,"$107,538 "
"722 - MALIGNANCY, MALE REPRODUCTIVE SYSTEM W MCC","$155,374 "
"723 - MALIGNANCY, MALE REPRODUCTIVE SYSTEM W CC","$62,570 "
725 - BENIGN PROSTATIC HYPERTROPHY W MCC,"$94,232 "
726 - BENIGN PROSTATIC HYPERTROPHY W/O MCC,"$96,593 "
727 - INFLAMMATION OF THE MALE REPRODUCTIVE SYSTEM W MCC,"$31,737 "
728 - INFLAMMATION OF THE MALE REPRODUCTIVE SYSTEM W/O MCC,"$49,218 "
729 - OTHER MALE REPRODUCTIVE SYSTEM DIAGNOSES W CC/MCC,"$35,417 "
730 - OTHER MALE REPRODUCTIVE SYSTEM DIAGNOSES W/O CC/MCC,"$32,392 "
"734 - PELVIC EVISCERATION, RAD HYSTERECTOMY  RAD VULVECTOMY W CC/MCC","$173,538 "
"735 - PELVIC EVISCERATION, RAD HYSTERECTOMY  RAD VULVECTOMY W/O CC/MCC","$111,958 "
736 - UTERINE  ADNEXA PROC FOR OVARIAN OR ADNEXAL MALIGNANCY W MCC,"$266,829 "
737 - UTERINE  ADNEXA PROC FOR OVARIAN OR ADNEXAL MALIGNANCY W CC,"$161,816 "
738 - UTERINE  ADNEXA PROC FOR OVARIAN OR ADNEXAL MALIGNANCY W/O CC/MCC,"$98,593 "
"739 - UTERINE,ADNEXA PROC FOR NON-OVARIAN/ADNEXAL MALIG W MCC","$312,911 "
"740 - UTERINE,ADNEXA PROC FOR NON-OVARIAN/ADNEXAL MALIG W CC","$125,525 "
"741 - UTERINE,ADNEXA PROC FOR NON-OVARIAN/ADNEXAL MALIG W/O CC/MCC","$94,957 "
742 - UTERINE  ADNEXA PROC FOR NON-MALIGNANCY W CC/MCC,"$125,096 "
743 - UTERINE  ADNEXA PROC FOR NON-MALIGNANCY W/O CC/MCC,"$78,057 "
"744 - DC, CONIZATION, LAPAROSCOPY  TUBAL INTERRUPTION W CC/MCC","$230,263 "
"745 - DC, CONIZATION, LAPAROSCOPY  TUBAL INTERRUPTION W/O CC/MCC","$85,418 "
"746 - VAGINA, CERVIX  VULVA PROCEDURES W CC/MCC","$133,418 "
"747 - VAGINA, CERVIX  VULVA PROCEDURES W/O CC/MCC","$77,270 "
748 - FEMALE REPRODUCTIVE SYSTEM RECONSTRUCTIVE PROCEDURES,"$54,257 "
749 - OTHER FEMALE REPRODUCTIVE SYSTEM O.R. PROCEDURES W CC/MCC,"$183,028 "
750 - OTHER FEMALE REPRODUCTIVE SYSTEM O.R. PROCEDURES W/O CC/MCC,"$95,880 "
"754 - MALIGNANCY, FEMALE REPRODUCTIVE SYSTEM W MCC","$318,722 "
"755 - MALIGNANCY, FEMALE REPRODUCTIVE SYSTEM W CC","$74,268 "
"757 - INFECTIONS, FEMALE REPRODUCTIVE SYSTEM W MCC","$173,230 "
"758 - INFECTIONS, FEMALE REPRODUCTIVE SYSTEM W CC","$42,444 "
"759 - INFECTIONS, FEMALE REPRODUCTIVE SYSTEM W/O CC/MCC","$76,018 "
760 - MENSTRUAL  OTHER FEMALE REPRODUCTIVE SYSTEM DISORDERS W CC/MCC,"$48,688 "
761 - MENSTRUAL  OTHER FEMALE REPRODUCTIVE SYSTEM DISORDERS W/O CC/MCC,"$41,067 "
765 - CESAREAN SECTION W CC/MCC,"$113,728 "
766 - CESAREAN SECTION W/O CC/MCC,"$90,670 "
767 - VAGINAL DELIVERY W STERILIZATION /OR DC,"$76,145 "
768 - VAGINAL DELIVERY W O.R. PROC EXCEPT STERIL /OR DC,"$107,758 "
769 - POSTPARTUM  POST ABORTION DIAGNOSES W O.R. PROCEDURE,"$169,008 "
"770 - ABORTION W DC, ASPIRATION CURETTAGE OR HYSTEROTOMY","$47,777 "
774 - VAGINAL DELIVERY W COMPLICATING DIAGNOSES,"$68,414 "
775 - VAGINAL DELIVERY W/O COMPLICATING DIAGNOSES,"$53,184 "
776 - POSTPARTUM  POST ABORTION DIAGNOSES W/O O.R. PROCEDURE,"$37,763 "
777 - ECTOPIC PREGNANCY,"$67,601 "
778 - THREATENED ABORTION,"$28,268 "
779 - ABORTION W/O DC,"$34,514 "
780 - FALSE LABOR,"$61,677 "
781 - OTHER ANTEPARTUM DIAGNOSES W MEDICAL COMPLICATIONS,"$66,039 "
782 - OTHER ANTEPARTUM DIAGNOSES W/O MEDICAL COMPLICATIONS,"$41,284 "
"789 - NEONATES, DIED OR TRANSFERRED TO ANOTHER ACUTE CARE FACILITY","$871,459 "
"790 - EXTREME IMMATURITY OR RESPIRATORY DISTRESS SYNDROME, NEONATE","$1,391,143 "
791 - PREMATURITY W MAJOR PROBLEMS,"$807,465 "
792 - PREMATURITY W/O MAJOR PROBLEMS,"$270,800 "
793 - FULL TERM NEONATE W MAJOR PROBLEMS,"$732,898 "
794 - NEONATE W OTHER SIGNIFICANT PROBLEMS,"$89,938 "
795 - NORMAL NEWBORN,"$41,748 "
799 - SPLENECTOMY W MCC,"$373,228 "
800 - SPLENECTOMY W CC,"$194,696 "
801 - SPLENECTOMY W/O CC/MCC,"$99,410 "
802 - OTHER O.R. PROC OF THE BLOOD  BLOOD FORMING ORGANS W MCC,"$115,655 "
803 - OTHER O.R. PROC OF THE BLOOD  BLOOD FORMING ORGANS W CC,"$138,530 "
804 - OTHER O.R. PROC OF THE BLOOD  BLOOD FORMING ORGANS W/O CC/MCC,"$77,011 "
808 - MAJOR HEMATOL/IMMUN DIAG EXC SICKLE CELL CRISIS  COAGUL W MCC,"$245,777 "
809 - MAJOR HEMATOL/IMMUN DIAG EXC SICKLE CELL CRISIS  COAGUL W CC,"$113,162 "
810 - MAJOR HEMATOL/IMMUN DIAG EXC SICKLE CELL CRISIS  COAGUL W/O CC/MCC,"$108,203 "
811 - RED BLOOD CELL DISORDERS W MCC,"$107,208 "
812 - RED BLOOD CELL DISORDERS W/O MCC,"$63,004 "
813 - COAGULATION DISORDERS,"$117,267 "
814 - RETICULOENDOTHELIAL  IMMUNITY DISORDERS W MCC,"$169,790 "
815 - RETICULOENDOTHELIAL  IMMUNITY DISORDERS W CC,"$72,824 "
816 - RETICULOENDOTHELIAL  IMMUNITY DISORDERS W/O CC/MCC,"$65,186 "
820 - LYMPHOMA  LEUKEMIA W MAJOR O.R. PROCEDURE W MCC,"$885,535 "
821 - LYMPHOMA  LEUKEMIA W MAJOR O.R. PROCEDURE W CC,"$111,684 "
822 - LYMPHOMA  LEUKEMIA W MAJOR O.R. PROCEDURE W/O CC/MCC,"$83,157 "
823 - LYMPHOMA  NON-ACUTE LEUKEMIA W OTHER O.R. PROC W MCC,"$490,867 "
824 - LYMPHOMA  NON-ACUTE LEUKEMIA W OTHER O.R. PROC W CC,"$168,949 "
825 - LYMPHOMA  NON-ACUTE LEUKEMIA W OTHER O.R. PROC W/O CC/MCC,"$94,632 "
826 - MYELOPROLIF DISORD OR POORLY DIFF NEOPL W MAJ O.R. PROC W MCC,"$557,011 "
827 - MYELOPROLIF DISORD OR POORLY DIFF NEOPL W MAJ O.R. PROC W CC,"$222,790 "
828 - MYELOPROLIF DISORD OR POORLY DIFF NEOPL W MAJ O.R. PROC W/O CC/MCC,"$110,671 "
829 - MYELOPROLIF DISORD OR POORLY DIFF NEOPL W OTHER O.R. PROC W CC/MCC,"$420,311 "
830 - MYELOPROLIF DISORD OR POORLY DIFF NEOPL W OTHER O.R. PROC W/O CC/MCC,"$113,739 "
834 - ACUTE LEUKEMIA W/O MAJOR O.R. PROCEDURE W MCC,"$566,963 "
835 - ACUTE LEUKEMIA W/O MAJOR O.R. PROCEDURE W CC,"$238,783 "
836 - ACUTE LEUKEMIA W/O MAJOR O.R. PROCEDURE W/O CC/MCC,"$138,780 "
837 - CHEMO W ACUTE LEUKEMIA AS SDX OR W HIGH DOSE CHEMO AGENT W MCC,"$368,511 "
838 - CHEMO W ACUTE LEUKEMIA AS SDX W CC OR HIGH DOSE CHEMO AGENT,"$245,894 "
839 - CHEMO W ACUTE LEUKEMIA AS SDX W/O CC/MCC,"$116,039 "
840 - LYMPHOMA  NON-ACUTE LEUKEMIA W MCC,"$325,948 "
841 - LYMPHOMA  NON-ACUTE LEUKEMIA W CC,"$155,247 "
842 - LYMPHOMA  NON-ACUTE LEUKEMIA W/O CC/MCC,"$143,474 "
843 - OTHER MYELOPROLIF DIS OR POORLY DIFF NEOPL DIAG W MCC,"$234,276 "
844 - OTHER MYELOPROLIF DIS OR POORLY DIFF NEOPL DIAG W CC,"$135,396 "
845 - OTHER MYELOPROLIF DIS OR POORLY DIFF NEOPL DIAG W/O CC/MCC,"$238,343 "
846 - CHEMOTHERAPY W/O ACUTE LEUKEMIA AS SECONDARY DIAGNOSIS W MCC,"$225,738 "
847 - CHEMOTHERAPY W/O ACUTE LEUKEMIA AS SECONDARY DIAGNOSIS W CC,"$82,829 "
848 - CHEMOTHERAPY W/O ACUTE LEUKEMIA AS SECONDARY DIAGNOSIS W/O CC/MCC,"$52,963 "
849 - RADIOTHERAPY,"$109,872 "
853 - INFECTIOUS  PARASITIC DISEASES W O.R. PROCEDURE W MCC,"$580,275 "
854 - INFECTIOUS  PARASITIC DISEASES W O.R. PROCEDURE W CC,"$222,598 "
855 - INFECTIOUS  PARASITIC DISEASES W O.R. PROCEDURE W/O CC/MCC,"$71,508 "
856 - POSTOPERATIVE OR POST-TRAUMATIC INFECTIONS W O.R. PROC W MCC,"$399,884 "
857 - POSTOPERATIVE OR POST-TRAUMATIC INFECTIONS W O.R. PROC W CC,"$162,597 "
858 - POSTOPERATIVE OR POST-TRAUMATIC INFECTIONS W O.R. PROC W/O CC/MCC,"$88,432 "
862 - POSTOPERATIVE  POST-TRAUMATIC INFECTIONS W MCC,"$152,999 "
863 - POSTOPERATIVE  POST-TRAUMATIC INFECTIONS W/O MCC,"$64,172 "
864 - FEVER,"$87,863 "
865 - VIRAL ILLNESS W MCC,"$140,058 "
866 - VIRAL ILLNESS W/O MCC,"$76,312 "
867 - OTHER INFECTIOUS  PARASITIC DISEASES DIAGNOSES W MCC,"$267,476 "
868 - OTHER INFECTIOUS  PARASITIC DISEASES DIAGNOSES W CC,"$103,835 "
869 - OTHER INFECTIOUS  PARASITIC DISEASES DIAGNOSES W/O CC/MCC,"$112,316 "
870 - SEPTICEMIA OR SEVERE SEPSIS W MV >96 HOURS,"$746,471 "
871 - SEPTICEMIA OR SEVERE SEPSIS W/O MV >96 HOURS W MCC,"$169,215 "
872 - SEPTICEMIA OR SEVERE SEPSIS W/O MV >96 HOURS W/O MCC,"$85,717 "
876 - O.R. PROCEDURE W PRINCIPAL DIAGNOSES OF MENTAL ILLNESS,"$165,927 "
880 - ACUTE ADJUSTMENT REACTION  PSYCHOSOCIAL DYSFUNCTION,"$64,863 "
881 - DEPRESSIVE NEUROSES,"$77,837 "
882 - NEUROSES EXCEPT DEPRESSIVE,"$77,137 "
883 - DISORDERS OF PERSONALITY  IMPULSE CONTROL,"$97,586 "
884 - ORGANIC DISTURBANCES  MENTAL RETARDATION,"$99,811 "
885 - PSYCHOSES,"$131,044 "
886 - BEHAVIORAL  DEVELOPMENTAL DISORDERS,"$51,151 "
887 - OTHER MENTAL DISORDER DIAGNOSES,"$75,664 "
"894 - ALCOHOL/DRUG ABUSE OR DEPENDENCE, LEFT AMA","$74,530 "
896 - ALCOHOL/DRUG ABUSE OR DEPENDENCE W/O REHABILITATION THERAPY W MCC,"$153,844 "
897 - ALCOHOL/DRUG ABUSE OR DEPENDENCE W/O REHABILITATION THERAPY W/O MCC,"$78,947 "
901 - WOUND DEBRIDEMENTS FOR INJURIES W MCC,"$519,300 "
902 - WOUND DEBRIDEMENTS FOR INJURIES W CC,"$142,484 "
903 - WOUND DEBRIDEMENTS FOR INJURIES W/O CC/MCC,"$143,975 "
904 - SKIN GRAFTS FOR INJURIES W CC/MCC,"$227,627 "
905 - SKIN GRAFTS FOR INJURIES W/O CC/MCC,"$84,532 "
906 - HAND PROCEDURES FOR INJURIES,"$230,138 "
907 - OTHER O.R. PROCEDURES FOR INJURIES W MCC,"$483,340 "
908 - OTHER O.R. PROCEDURES FOR INJURIES W CC,"$145,215 "
909 - OTHER O.R. PROCEDURES FOR INJURIES W/O CC/MCC,"$94,186 "
913 - TRAUMATIC INJURY W MCC,"$103,947 "
914 - TRAUMATIC INJURY W/O MCC,"$34,821 "
915 - ALLERGIC REACTIONS W MCC,"$155,900 "
916 - ALLERGIC REACTIONS W/O MCC,"$53,080 "
917 - POISONING  TOXIC EFFECTS OF DRUGS W MCC,"$132,814 "
918 - POISONING  TOXIC EFFECTS OF DRUGS W/O MCC,"$71,113 "
919 - COMPLICATIONS OF TREATMENT W MCC,"$181,277 "
920 - COMPLICATIONS OF TREATMENT W CC,"$99,814 "
921 - COMPLICATIONS OF TREATMENT W/O CC/MCC,"$49,447 "
"922 - OTHER INJURY, POISONING  TOXIC EFFECT DIAG W MCC","$201,203 "
"923 - OTHER INJURY, POISONING  TOXIC EFFECT DIAG W/O MCC","$37,871 "
935 - NON-EXTENSIVE BURNS,"$60,051 "
939 - O.R. PROC W DIAGNOSES OF OTHER CONTACT W HEALTH SERVICES W MCC,"$443,685 "
940 - O.R. PROC W DIAGNOSES OF OTHER CONTACT W HEALTH SERVICES W CC,"$134,847 "
941 - O.R. PROC W DIAGNOSES OF OTHER CONTACT W HEALTH SERVICES W/O CC/MCC,"$170,944 "
947 - SIGNS  SYMPTOMS W MCC,"$85,595 "
948 - SIGNS  SYMPTOMS W/O MCC,"$63,825 "
949 - AFTERCARE W CC/MCC,"$48,612 "
950 - AFTERCARE W/O CC/MCC,"$25,809 "
951 - OTHER FACTORS INFLUENCING HEALTH STATUS,"$53,262 "
957 - OTHER O.R. PROCEDURES FOR MULTIPLE SIGNIFICANT TRAUMA W MCC,"$478,958 "
958 - OTHER O.R. PROCEDURES FOR MULTIPLE SIGNIFICANT TRAUMA W CC,"$273,928 "
964 - OTHER MULTIPLE SIGNIFICANT TRAUMA W CC,"$51,924 "
969 - HIV W EXTENSIVE O.R. PROCEDURE W MCC,"$533,166 "
970 - HIV W EXTENSIVE O.R. PROCEDURE W/O MCC,"$272,478 "
974 - HIV W MAJOR RELATED CONDITION W MCC,"$331,311 "
975 - HIV W MAJOR RELATED CONDITION W CC,"$113,434 "
976 - HIV W MAJOR RELATED CONDITION W/O CC/MCC,"$41,066 "
977 - HIV W OR W/O OTHER RELATED CONDITION,"$124,439 "
981 - EXTENSIVE O.R. PROCEDURE UNRELATED TO PRINCIPAL DIAGNOSIS W MCC,"$641,359 "
982 - EXTENSIVE O.R. PROCEDURE UNRELATED TO PRINCIPAL DIAGNOSIS W CC,"$147,647 "
983 - EXTENSIVE O.R. PROCEDURE UNRELATED TO PRINCIPAL DIAGNOSIS W/O CC/MCC,"$98,617 "
987 - NON-EXTENSIVE O.R. PROC UNRELATED TO PRINCIPAL DIAGNOSIS W MCC,"$609,675 "
988 - NON-EXTENSIVE O.R. PROC UNRELATED TO PRINCIPAL DIAGNOSIS W CC,"$190,560 "
989 - NON-EXTENSIVE O.R. PROC UNRELATED TO PRINCIPAL DIAGNOSIS W/O CC/MCC,"$76,454 "
,
