Description,Average Self Pay Patient Responsibility
Acute  Subacute Endocarditis W Cc,"$24,942 "
Acute  Subacute Endocarditis W Mcc,"$23,307 "
Acute  Subacute Endocarditis W/O Cc/Mcc,"$18,885 "
Acute Adjustment Reaction  Psychosocial Dysfunction,"$13,008 "
Acute Leukemia W/O Major O.R. Procedure W Cc,"$17,057 "
Acute Leukemia W/O Major O.R. Procedure W Mcc,"$45,428 "
Acute Leukemia W/O Major O.R. Procedure W/O Cc/Mcc,"$16,942 "
Acute Major Eye Infections W Cc/Mcc,"$7,840 "
Acute Major Eye Infections W/O Cc/Mcc,"$9,935 "
"Acute Myocardial Infarction, Discharged Alive W Cc","$15,940 "
"Acute Myocardial Infarction, Discharged Alive W Mcc","$21,433 "
"Acute Myocardial Infarction, Discharged Alive W/O Cc/Mcc","$14,880 "
"Acute Myocardial Infarction, Expired W Cc","$10,974 "
"Acute Myocardial Infarction, Expired W Mcc","$24,816 "
Adrenal  Pituitary Procedures W Cc/Mcc,"$58,437 "
Adrenal  Pituitary Procedures W/O Cc/Mcc,"$34,261 "
Aftercare W Cc/Mcc,"$16,296 "
"Aftercare, Musculoskeletal System  Connective Tissue W Cc","$13,804 "
"Aftercare, Musculoskeletal System  Connective Tissue W Mcc","$22,854 "
"Aftercare, Musculoskeletal System  Connective Tissue W/O Cc/Mcc","$13,554 "
Aicd Generator Procedures,"$52,666 "
Aicd Lead Procedures,"$25,271 "
Alcohol/Drug Abuse Or Dependence W/O Rehabilitation Therapy W Mcc,"$19,485 "
Alcohol/Drug Abuse Or Dependence W/O Rehabilitation Therapy W/O Mcc,"$10,563 "
"Alcohol/Drug Abuse Or Dependence, Left Ama","$8,099 "
Allergic Reactions W Mcc,"$17,324 "
Allergic Reactions W/O Mcc,"$7,504 "
"Amputat Of Lower Limb For Endocrine,Nutrit, Metabol Dis W Cc","$26,561 "
"Amputat Of Lower Limb For Endocrine,Nutrit, Metabol Dis W Mcc","$42,318 "
"Amputat Of Lower Limb For Endocrine,Nutrit, Metabol Dis W/O Cc/Mcc","$15,332 "
Amputation For Circ Sys Disorders Exc Upper Limb  Toe W Cc,"$38,433 "
Amputation For Circ Sys Disorders Exc Upper Limb  Toe W Mcc,"$50,502 "
Amputation For Circ Sys Disorders Exc Upper Limb  Toe W/O Cc/Mcc,"$20,292 "
Amputation For Musculoskeletal Sys  Conn Tissue Dis W Cc,"$32,272 "
Amputation For Musculoskeletal Sys  Conn Tissue Dis W Mcc,"$37,860 "
Amputation For Musculoskeletal Sys  Conn Tissue Dis W/O Cc/Mcc,"$15,999 "
Anal  Stomal Procedures W Cc,"$19,878 "
Anal  Stomal Procedures W Mcc,"$35,554 "
Anal  Stomal Procedures W/O Cc/Mcc,"$16,664 "
Angina Pectoris,"$14,248 "
Aortic And Heart Assist Procedures Except Pulsation Balloon W Mcc,"$96,422 "
Aortic And Heart Assist Procedures Except Pulsation Balloon W/O Mcc,"$49,579 "
Appendectomy W Complicated Principal Diag W Cc,"$24,208 "
Appendectomy W Complicated Principal Diag W Mcc,"$32,337 "
Appendectomy W Complicated Principal Diag W/O Cc/Mcc,"$19,659 "
Appendectomy W/O Complicated Principal Diag W Cc,"$20,501 "
Appendectomy W/O Complicated Principal Diag W Mcc,"$32,182 "
Appendectomy W/O Complicated Principal Diag W/O Cc/Mcc,"$16,649 "
Atherosclerosis W Mcc,"$17,041 "
Atherosclerosis W/O Mcc,"$10,672 "
Back  Neck Proc Exc Spinal Fusion W Cc,"$34,925 "
Back  Neck Proc Exc Spinal Fusion W Mcc Or Disc Device/Neurostim,"$58,978 "
Back  Neck Proc Exc Spinal Fusion W/O Cc/Mcc,"$25,669 "
Bacterial  Tuberculous Infections Of Nervous System W Cc,"$27,280 "
Bacterial  Tuberculous Infections Of Nervous System W Mcc,"$46,860 "
Bacterial  Tuberculous Infections Of Nervous System W/O Cc/Mcc,"$35,906 "
Benign Prostatic Hypertrophy W Mcc,"$14,449 "
Benign Prostatic Hypertrophy W/O Mcc,"$7,886 "
Bilateral Or Multiple Major Joint Procs Of Lower Extremity W Mcc,"$149,015 "
Bilateral Or Multiple Major Joint Procs Of Lower Extremity W/O Mcc,"$43,342 "
Biliary Tract Proc Except Only Cholecyst W Or W/O C.D.E. W Cc,"$52,821 "
Biliary Tract Proc Except Only Cholecyst W Or W/O C.D.E. W Mcc,"$69,941 "
Biliary Tract Proc Except Only Cholecyst W Or W/O C.D.E. W/O Cc/Mcc,"$36,849 "
Biopsies Of Musculoskeletal System  Connective Tissue W Cc,"$30,778 "
Biopsies Of Musculoskeletal System  Connective Tissue W Mcc,"$35,173 "
Biopsies Of Musculoskeletal System  Connective Tissue W/O Cc/Mcc,"$24,825 "
Bone Diseases  Arthropathies W Mcc,"$15,614 "
Bone Diseases  Arthropathies W/O Mcc,"$10,233 "
"Breast Biopsy, Local Excision  Other Breast Procedures W Cc/Mcc","$64,816 "
"Breast Biopsy, Local Excision  Other Breast Procedures W/O Cc/Mcc","$46,319 "
Bronchitis  Asthma W Cc/Mcc,"$10,008 "
Bronchitis  Asthma W/O Cc/Mcc,"$5,924 "
"Cardiac Arrest, Unexplained W Cc","$9,458 "
"Cardiac Arrest, Unexplained W Mcc","$22,548 "
"Cardiac Arrest, Unexplained W/O Cc/Mcc","$3,619 "
Cardiac Arrhythmia  Conduction Disorders W Cc,"$11,257 "
Cardiac Arrhythmia  Conduction Disorders W Mcc,"$15,905 "
Cardiac Arrhythmia  Conduction Disorders W/O Cc/Mcc,"$9,259 "
Cardiac Congenital  Valvular Disorders W Mcc,"$17,882 "
Cardiac Congenital  Valvular Disorders W/O Mcc,"$12,863 "
Cardiac Defib Implant W Cardiac Cath W Ami/Hf/Shock W Mcc,"$98,144 "
Cardiac Defib Implant W Cardiac Cath W Ami/Hf/Shock W/O Mcc,"$56,324 "
Cardiac Defib Implant W Cardiac Cath W/O Ami/Hf/Shock W Mcc,"$60,755 "
Cardiac Defib Implant W Cardiac Cath W/O Ami/Hf/Shock W/O Mcc,"$57,557 "
Cardiac Defibrillator Implant W/O Cardiac Cath W Mcc,"$48,184 "
Cardiac Defibrillator Implant W/O Cardiac Cath W/O Mcc,"$37,994 "
Cardiac Pacemaker Device Replacement W Mcc,"$25,312 "
Cardiac Pacemaker Device Replacement W/O Mcc,"$19,228 "
Cardiac Pacemaker Revision Except Device Replacement W Cc,"$20,797 "
Cardiac Pacemaker Revision Except Device Replacement W Mcc,"$27,828 "
Cardiac Pacemaker Revision Except Device Replacement W/O Cc/Mcc,"$16,030 "
Cardiac Valve  Oth Maj Cardiothoracic Proc W Card Cath W Cc,"$78,076 "
Cardiac Valve  Oth Maj Cardiothoracic Proc W Card Cath W Mcc,"$129,554 "
Cardiac Valve  Oth Maj Cardiothoracic Proc W Card Cath W/O Cc/Mcc,"$87,583 "
Cardiac Valve  Oth Maj Cardiothoracic Proc W/O Card Cath W Cc,"$68,925 "
Cardiac Valve  Oth Maj Cardiothoracic Proc W/O Card Cath W Mcc,"$90,505 "
Cardiac Valve  Oth Maj Cardiothoracic Proc W/O Card Cath W/O Cc/Mcc,"$53,900 "
Carotid Artery Stent Procedure W Cc,"$47,934 "
Carotid Artery Stent Procedure W Mcc,"$73,194 "
Carotid Artery Stent Procedure W/O Cc/Mcc,"$29,612 "
Cellulitis W Mcc,"$15,385 "
Cellulitis W/O Mcc,"$9,175 "
Cervical Spinal Fusion W Cc,"$40,759 "
Cervical Spinal Fusion W Mcc,"$53,653 "
Cervical Spinal Fusion W/O Cc/Mcc,"$36,585 "
Cesarean Section W Cc/Mcc,"$12,278 "
Cesarean Section W/O Cc/Mcc,"$9,727 "
Chemo W Acute Leukemia As Sdx Or W High Dose Chemo Agent W Mcc,"$51,869 "
Chemo W Acute Leukemia As Sdx W Cc Or High Dose Chemo Agent,"$17,153 "
Chemo W Acute Leukemia As Sdx W/O Cc/Mcc,"$10,758 "
Chemotherapy W/O Acute Leukemia As Secondary Diagnosis W Cc,"$20,849 "
Chemotherapy W/O Acute Leukemia As Secondary Diagnosis W Mcc,"$37,744 "
Chest Pain,"$12,593 "
Cholecystectomy Except By Laparoscope W/O C.D.E. W Cc,"$33,416 "
Cholecystectomy Except By Laparoscope W/O C.D.E. W Mcc,"$67,115 "
Cholecystectomy Except By Laparoscope W/O C.D.E. W/O Cc/Mcc,"$23,220 "
Cholecystectomy W C.D.E. W Cc,"$52,327 "
Cholecystectomy W C.D.E. W Mcc,"$114,183 "
Cholecystectomy W C.D.E. W/O Cc/Mcc,"$22,694 "
Chronic Obstructive Pulmonary Disease W Cc,"$10,541 "
Chronic Obstructive Pulmonary Disease W Mcc,"$12,428 "
Chronic Obstructive Pulmonary Disease W/O Cc/Mcc,"$8,989 "
"Circulatory Disorders Except Ami, W Card Cath W Mcc","$25,491 "
"Circulatory Disorders Except Ami, W Card Cath W/O Mcc","$18,903 "
Cirrhosis  Alcoholic Hepatitis W Cc,"$13,441 "
Cirrhosis  Alcoholic Hepatitis W Mcc,"$23,210 "
Cirrhosis  Alcoholic Hepatitis W/O Cc/Mcc,"$8,553 "
Coagulation Disorders,"$17,667 "
Combined Anterior/Posterior Spinal Fusion W Cc,"$67,142 "
Combined Anterior/Posterior Spinal Fusion W Mcc,"$85,667 "
Combined Anterior/Posterior Spinal Fusion W/O Cc/Mcc,"$48,768 "
Complicated Peptic Ulcer W Cc,"$18,153 "
Complicated Peptic Ulcer W Mcc,"$29,701 "
Complicated Peptic Ulcer W/O Cc/Mcc,"$15,715 "
Complications Of Treatment W Cc,"$14,523 "
Complications Of Treatment W Mcc,"$22,241 "
Complications Of Treatment W/O Cc/Mcc,"$11,296 "
Concussion W Cc,"$15,035 "
Concussion W Mcc,"$17,200 "
Concussion W/O Cc/Mcc,"$13,302 "
Connective Tissue Disorders W Cc,"$23,819 "
Connective Tissue Disorders W Mcc,"$29,798 "
Connective Tissue Disorders W/O Cc/Mcc,"$10,510 "
Coronary Bypass W Cardiac Cath W Mcc,"$93,288 "
Coronary Bypass W Cardiac Cath W/O Mcc,"$75,314 "
Coronary Bypass W Ptca W Mcc,"$93,370 "
Coronary Bypass W Ptca W/O Mcc,"$89,833 "
Coronary Bypass W/O Cardiac Cath W Mcc,"$71,485 "
Coronary Bypass W/O Cardiac Cath W/O Mcc,"$57,736 "
Cranial  Peripheral Nerve Disorders W Mcc,"$15,606 "
Cranial  Peripheral Nerve Disorders W/O Mcc,"$13,684 "
Cranial/Facial Procedures W Cc/Mcc,"$38,792 "
Cranial/Facial Procedures W/O Cc/Mcc,"$38,528 "
Cranio W Major Dev Impl/Acute Complex Cns Pdx W/O Mcc,"$52,649 "
Craniotomy  Endovascular Intracranial Procedures W Cc,"$42,973 "
Craniotomy  Endovascular Intracranial Procedures W Mcc,"$61,801 "
Craniotomy  Endovascular Intracranial Procedures W/O Cc/Mcc,"$38,133 "
Craniotomy For Multiple Significant Trauma,"$113,603 "
Craniotomy W Major Device Implant Or Acute Cns Pdx W Mcc Or Chemotherapy Implant Or Epilepsy W Neurostimulator,"$77,590 "
"Dc, Conization, Laparoscopy  Tubal Interruption W Cc/Mcc","$24,645 "
"Dc, Conization, Laparoscopy  Tubal Interruption W/O Cc/Mcc","$18,536 "
Deep Vein Thrombophlebitis W Cc/Mcc,"$11,056 "
Deep Vein Thrombophlebitis W/O Cc/Mcc,"$11,237 "
Degenerative Nervous System Disorders W Mcc,"$24,157 "
Degenerative Nervous System Disorders W/O Mcc,"$16,619 "
Dental  Oral Diseases W Cc,"$11,975 "
Dental  Oral Diseases W Mcc,"$23,928 "
Dental  Oral Diseases W/O Cc/Mcc,"$8,099 "
Depressive Neuroses,"$11,427 "
Diabetes W Cc,"$11,329 "
Diabetes W Mcc,"$16,224 "
Diabetes W/O Cc/Mcc,"$8,083 "
Digestive Malignancy W Cc,"$19,374 "
Digestive Malignancy W Mcc,"$25,515 "
Digestive Malignancy W/O Cc/Mcc,"$17,856 "
"Disorders Of Liver Except Malig,Cirr,Alc Hepa W Cc","$13,516 "
"Disorders Of Liver Except Malig,Cirr,Alc Hepa W Mcc","$20,109 "
"Disorders Of Liver Except Malig,Cirr,Alc Hepa W/O Cc/Mcc","$13,561 "
Disorders Of Pancreas Except Malignancy W Cc,"$13,522 "
Disorders Of Pancreas Except Malignancy W Mcc,"$22,328 "
Disorders Of Pancreas Except Malignancy W/O Cc/Mcc,"$10,780 "
Disorders Of Personality  Impulse Control,"$30,642 "
Disorders Of The Biliary Tract W Cc,"$24,721 "
Disorders Of The Biliary Tract W Mcc,"$29,368 "
Disorders Of The Biliary Tract W/O Cc/Mcc,"$19,388 "
Dysequilibrium,"$14,938 "
"Ear, Nose, Mouth  Throat Malignancy W Cc","$11,008 "
"Ear, Nose, Mouth  Throat Malignancy W Mcc","$20,738 "
"Ecmo Or Trach W Mv >96 Hrs Or Pdx Exc Face, Mouth  Neck W Maj O.R.","$179,759 "
Ectopic Pregnancy,"$18,635 "
Endocrine Disorders W Cc,"$13,397 "
Endocrine Disorders W Mcc,"$18,857 "
Endocrine Disorders W/O Cc/Mcc,"$9,737 "
Endovascular Cardiac Valve Replacement W Mcc,"$115,889 "
Endovascular Cardiac Valve Replacement W/O Mcc,"$76,346 "
Epistaxis W Mcc,"$27,071 "
Epistaxis W/O Mcc,"$8,686 "
"Esophagitis, Gastroent  Misc Digest Disorders W Mcc","$17,865 "
"Esophagitis, Gastroent  Misc Digest Disorders W/O Mcc","$11,684 "
Extensive O.R. Procedure Unrelated To Principal Diagnosis W Cc,"$31,853 "
Extensive O.R. Procedure Unrelated To Principal Diagnosis W Mcc,"$49,441 "
Extensive O.R. Procedure Unrelated To Principal Diagnosis W/O Cc/Mcc,"$20,944 "
Extracranial Procedures W Cc,"$30,110 "
Extracranial Procedures W Mcc,"$48,295 "
Extracranial Procedures W/O Cc/Mcc,"$22,243 "
Extraocular Procedures Except Orbit,"$20,666 "
"Extreme Immaturity Or Respiratory Distress Syndrome, Neonate","$70,052 "
False Labor,"$4,684 "
Female Reproductive System Reconstructive Procedures,"$28,626 "
Fever,"$12,399 "
Foot Procedures W Cc,"$30,297 "
Foot Procedures W Mcc,"$29,152 "
Foot Procedures W/O Cc/Mcc,"$26,060 "
Fractures Of Femur W Mcc,"$20,484 "
Fractures Of Femur W/O Mcc,"$12,221 "
Fractures Of Hip  Pelvis W Mcc,"$14,192 "
Fractures Of Hip  Pelvis W/O Mcc,"$11,241 "
Full Term Neonate W Major Problems,"$6,214 "
Full Thickness Burn W Skin Graft Or Inhal Inj W Cc/Mcc,"$29,412 "
Full Thickness Burn W/O Skin Grft Or Inhal Inj,"$9,512 "
"Fx, Sprn, Strn  Disl Except Femur, Hip, Pelvis  Thigh W Mcc","$17,321 "
"Fx, Sprn, Strn  Disl Except Femur, Hip, Pelvis  Thigh W/O Mcc","$13,557 "
G.I. Hemorrhage W Cc,"$16,972 "
G.I. Hemorrhage W Mcc,"$25,300 "
G.I. Hemorrhage W/O Cc/Mcc,"$12,727 "
G.I. Obstruction W Cc,"$11,810 "
G.I. Obstruction W Mcc,"$19,244 "
G.I. Obstruction W/O Cc/Mcc,"$8,940 "
"Hand Or Wrist Proc, Except Major Thumb Or Joint Proc W Cc/Mcc","$22,421 "
"Hand Or Wrist Proc, Except Major Thumb Or Joint Proc W/O Cc/Mcc","$15,846 "
Hand Procedures For Injuries,"$30,665 "
Headaches W Mcc,"$18,523 "
Headaches W/O Mcc,"$13,981 "
Heart Failure  Shock W Cc,"$11,119 "
Heart Failure  Shock W Mcc,"$15,385 "
Heart Failure  Shock W/O Cc/Mcc,"$8,505 "
Heart Transplant Or Implant Of Heart Assist System W Mcc,"$158,155 "
Hepatobiliary Diagnostic Procedures W Cc,"$52,147 "
Hepatobiliary Diagnostic Procedures W Mcc,"$53,110 "
Hepatobiliary Diagnostic Procedures W/O Cc/Mcc,"$31,193 "
Hernia Procedures Except Inguinal  Femoral W Cc,"$26,958 "
Hernia Procedures Except Inguinal  Femoral W Mcc,"$40,526 "
Hernia Procedures Except Inguinal  Femoral W/O Cc/Mcc,"$20,340 "
Hip  Femur Procedures Except Major Joint W Cc,"$31,004 "
Hip  Femur Procedures Except Major Joint W Mcc,"$38,539 "
Hip  Femur Procedures Except Major Joint W/O Cc/Mcc,"$23,458 "
Hiv W Extensive O.R. Procedure W Mcc,"$65,598 "
Hiv W Major Related Condition W Cc,"$20,240 "
Hiv W Major Related Condition W Mcc,"$33,018 "
Hiv W Major Related Condition W/O Cc/Mcc,"$12,991 "
Hiv W Or W/O Other Related Condition,"$19,606 "
Hypertension W Mcc,"$13,886 "
Hypertension W/O Mcc,"$12,761 "
Hypertensive Encephalopathy W Cc,"$13,131 "
Hypertensive Encephalopathy W Mcc,"$17,720 "
Hypertensive Encephalopathy W/O Cc/Mcc,"$15,035 "
Inborn And Other Disorders Of Metabolism,"$15,475 "
"Infections, Female Reproductive System W Cc","$11,495 "
"Infections, Female Reproductive System W Mcc","$15,514 "
"Infections, Female Reproductive System W/O Cc/Mcc","$10,873 "
Infectious  Parasitic Diseases W O.R. Procedure W Cc,"$31,235 "
Infectious  Parasitic Diseases W O.R. Procedure W Mcc,"$55,077 "
Infectious  Parasitic Diseases W O.R. Procedure W/O Cc/Mcc,"$19,850 "
Inflammation Of The Male Reproductive System W Mcc,"$15,710 "
Inflammation Of The Male Reproductive System W/O Mcc,"$10,472 "
Inflammatory Bowel Disease W Cc,"$13,721 "
Inflammatory Bowel Disease W Mcc,"$15,090 "
Inflammatory Bowel Disease W/O Cc/Mcc,"$11,010 "
Inguinal  Femoral Hernia Procedures W Cc,"$24,412 "
Inguinal  Femoral Hernia Procedures W Mcc,"$33,330 "
Inguinal  Femoral Hernia Procedures W/O Cc/Mcc,"$19,847 "
Interstitial Lung Disease W Cc,"$16,669 "
Interstitial Lung Disease W Mcc,"$15,019 "
Interstitial Lung Disease W/O Cc/Mcc,"$12,267 "
Intracranial Hemorrhage Or Cerebral Infarction W Cc Or Tpa In 24 Hrs,"$17,029 "
Intracranial Hemorrhage Or Cerebral Infarction W Mcc,"$23,976 "
Intracranial Hemorrhage Or Cerebral Infarction W/O Cc/Mcc,"$14,610 "
Intracranial Vascular Procedures W Pdx Hemorrhage W Mcc,"$143,828 "
Intracranial Vascular Procedures W Pdx Hemorrhage W/O Cc/Mcc,"$84,478 "
"Ischemic Stroke, Precerebral Occlusion Or Transient Ischemia W Thrombolytic Agent W Cc","$33,882 "
"Ischemic Stroke, Precerebral Occlusion Or Transient Ischemia W Thrombolytic Agent W Mcc","$39,805 "
"Ischemic Stroke, Precerebral Occlusion Or Transient Ischemia W Thrombolytic Agent W/O Cc/Mcc","$30,508 "
Kidney  Ureter Procedures For Neoplasm W Cc,"$29,797 "
Kidney  Ureter Procedures For Neoplasm W Mcc,"$51,905 "
Kidney  Ureter Procedures For Neoplasm W/O Cc/Mcc,"$26,166 "
Kidney  Ureter Procedures For Non-Neoplasm W Cc,"$28,596 "
Kidney  Ureter Procedures For Non-Neoplasm W Mcc,"$42,411 "
Kidney  Ureter Procedures For Non-Neoplasm W/O Cc/Mcc,"$28,016 "
Kidney  Urinary Tract Infections W Mcc,"$13,431 "
Kidney  Urinary Tract Infections W/O Mcc,"$10,703 "
Kidney  Urinary Tract Neoplasms W Cc,"$16,049 "
Kidney  Urinary Tract Neoplasms W Mcc,"$17,185 "
Kidney  Urinary Tract Neoplasms W/O Cc/Mcc,"$19,830 "
Kidney  Urinary Tract Signs  Symptoms W Mcc,"$11,202 "
Kidney  Urinary Tract Signs  Symptoms W/O Mcc,"$10,468 "
Knee Procedures W Pdx Of Infection W Cc,"$34,213 "
Knee Procedures W Pdx Of Infection W Mcc,"$48,007 "
Knee Procedures W Pdx Of Infection W/O Cc/Mcc,"$33,368 "
Knee Procedures W/O Pdx Of Infection W Cc/Mcc,"$38,992 "
Knee Procedures W/O Pdx Of Infection W/O Cc/Mcc,"$25,263 "
Laparoscopic Cholecystectomy W/O C.D.E. W Cc,"$30,217 "
Laparoscopic Cholecystectomy W/O C.D.E. W Mcc,"$40,878 "
Laparoscopic Cholecystectomy W/O C.D.E. W/O Cc/Mcc,"$25,682 "
"Limb Reattachment, Hip  Femur Proc For Multiple Significant Trauma","$63,785 "
Local Excision  Removal Int Fix Devices Exc Hip  Femur W Cc,"$32,025 "
Local Excision  Removal Int Fix Devices Exc Hip  Femur W Mcc,"$36,488 "
Local Excision  Removal Int Fix Devices Exc Hip  Femur W/O Cc/Mcc,"$29,404 "
Local Excision  Removal Int Fix Devices Of Hip  Femur W Cc/Mcc,"$53,894 "
Local Excision  Removal Int Fix Devices Of Hip  Femur W/O Cc/Mcc,"$21,419 "
"Lower Extrem  Humer Proc Except Hip,Foot,Femur W Cc","$36,141 "
"Lower Extrem  Humer Proc Except Hip,Foot,Femur W Mcc","$43,023 "
"Lower Extrem  Humer Proc Except Hip,Foot,Femur W/O Cc/Mcc","$27,678 "
Lymphoma  Leukemia W Major O.R. Procedure W Cc,"$42,224 "
Lymphoma  Leukemia W Major O.R. Procedure W Mcc,"$52,577 "
Lymphoma  Leukemia W Major O.R. Procedure W/O Cc/Mcc,"$29,938 "
Lymphoma  Non-Acute Leukemia W Cc,"$21,613 "
Lymphoma  Non-Acute Leukemia W Mcc,"$30,582 "
Lymphoma  Non-Acute Leukemia W Other Proc W Cc,"$32,234 "
Lymphoma  Non-Acute Leukemia W Other Proc W Mcc,"$62,374 "
Lymphoma  Non-Acute Leukemia W Other Proc W/O Cc/Mcc,"$24,098 "
Lymphoma  Non-Acute Leukemia W/O Cc/Mcc,"$13,895 "
Major Bladder Procedures W Cc,"$52,849 "
Major Bladder Procedures W Mcc,"$65,998 "
Major Bladder Procedures W/O Cc/Mcc,"$32,971 "
Major Chest Procedures W Cc,"$43,694 "
Major Chest Procedures W Mcc,"$58,713 "
Major Chest Procedures W/O Cc/Mcc,"$34,610 "
Major Chest Trauma W Cc,"$18,378 "
Major Chest Trauma W Mcc,"$21,233 "
Major Chest Trauma W/O Cc/Mcc,"$12,866 "
Major Esophageal Disorders W Cc,"$17,616 "
Major Esophageal Disorders W Mcc,"$28,010 "
Major Esophageal Disorders W/O Cc/Mcc,"$15,283 "
Major Gastrointestinal Disorders  Peritoneal Infections W Cc,"$13,726 "
Major Gastrointestinal Disorders  Peritoneal Infections W Mcc,"$20,352 "
Major Gastrointestinal Disorders  Peritoneal Infections W/O Cc/Mcc,"$11,853 "
Major Head  Neck Procedures W Cc/Mcc Or Major Device,"$33,913 "
Major Head  Neck Procedures W/O Cc/Mcc,"$56,294 "
Major Hematol/Immun Diag Exc Sickle Cell Crisis  Coagul W Cc,"$14,196 "
Major Hematol/Immun Diag Exc Sickle Cell Crisis  Coagul W Mcc,"$26,566 "
Major Hematol/Immun Diag Exc Sickle Cell Crisis  Coagul W/O Cc/Mcc,"$13,291 "
Major Hip And Knee Joint Replacement Or Reattachment Of Lower Extremity W Mcc Or Total Ankle Replacement,"$43,006 "
Major Hip And Knee Joint Replacement Or Reattachment Of Lower Extremity W/O Mcc,"$27,853 "
Major Joint/Limb Reattachment Procedure Of Upper Extremities,"$32,385 "
Major Male Pelvic Procedures W Cc/Mcc,"$38,400 "
Major Male Pelvic Procedures W/O Cc/Mcc,"$30,679 "
Major Shoulder Or Elbow Joint Procedures W Cc/Mcc,"$16,065 "
Major Shoulder Or Elbow Joint Procedures W/O Cc/Mcc,"$19,253 "
Major Skin Disorders W Mcc,"$14,531 "
Major Skin Disorders W/O Mcc,"$9,005 "
Major Small  Large Bowel Procedures W Cc,"$40,011 "
Major Small  Large Bowel Procedures W Mcc,"$65,255 "
Major Small  Large Bowel Procedures W/O Cc/Mcc,"$33,102 "
Major Thumb Or Joint Procedures,"$15,223 "
Malignancy Of Hepatobiliary System Or Pancreas W Cc,"$15,696 "
Malignancy Of Hepatobiliary System Or Pancreas W Mcc,"$31,107 "
Malignancy Of Hepatobiliary System Or Pancreas W/O Cc/Mcc,"$15,663 "
"Malignancy, Female Reproductive System W Cc","$15,178 "
"Malignancy, Female Reproductive System W Mcc","$18,701 "
"Malignancy, Female Reproductive System W/O Cc/Mcc","$7,326 "
"Malignancy, Male Reproductive System W Cc","$31,049 "
"Malignancy, Male Reproductive System W Mcc","$21,970 "
"Malignancy, Male Reproductive System W/O Cc/Mcc","$7,678 "
Malignant Breast Disorders W Cc,"$12,903 "
Malignant Breast Disorders W Mcc,"$18,788 "
Malignant Breast Disorders W/O Cc/Mcc,"$10,808 "
Mastectomy For Malignancy W Cc/Mcc,"$48,496 "
Mastectomy For Malignancy W/O Cc/Mcc,"$56,657 "
Medical Back Problems W Mcc,"$22,732 "
Medical Back Problems W/O Mcc,"$15,564 "
Menstrual  Other Female Reproductive System Disorders W Cc/Mcc,"$10,297 "
Menstrual  Other Female Reproductive System Disorders W/O Cc/Mcc,"$9,843 "
Minor Bladder Procedures W Cc,"$24,670 "
Minor Bladder Procedures W Mcc,"$33,046 "
Minor Bladder Procedures W/O Cc/Mcc,"$22,492 "
Minor Skin Disorders W Mcc,"$11,366 "
Minor Skin Disorders W/O Mcc,"$9,612 "
Minor Small  Large Bowel Procedures W Cc,"$24,315 "
Minor Small  Large Bowel Procedures W Mcc,"$31,839 "
Minor Small  Large Bowel Procedures W/O Cc/Mcc,"$20,033 "
"Misc Disorders Of Nutrition,Metabolism,Fluids/Electrolytes W Mcc","$15,527 "
"Misc Disorders Of Nutrition,Metabolism,Fluids/Electrolytes W/O Mcc","$10,542 "
Mouth Procedures W Cc/Mcc,"$17,708 "
Mouth Procedures W/O Cc/Mcc,"$13,731 "
Multiple Sclerosis  Cerebellar Ataxia W Cc,"$18,416 "
Multiple Sclerosis  Cerebellar Ataxia W Mcc,"$25,657 "
Multiple Sclerosis  Cerebellar Ataxia W/O Cc/Mcc,"$16,952 "
Myeloprolif Disord Or Poorly Diff Neopl W Maj O.R. Proc W Cc,"$41,638 "
Myeloprolif Disord Or Poorly Diff Neopl W Maj O.R. Proc W Mcc,"$68,054 "
Myeloprolif Disord Or Poorly Diff Neopl W Maj O.R. Proc W/O Cc/Mcc,"$29,031 "
Myeloproliferative Disorders Or Poorly Differentiated Neoplasms W Other Procedure W Cc/Mcc,"$55,330 "
Myeloproliferative Disorders Or Poorly Differentiated Neoplasms W Other Procedure W/O Cc/Mcc,"$15,602 "
Neonate W Other Significant Problems,"$2,443 "
"Neonates, Died Or Transferred To Another Acute Care Facility","$27,145 "
Nervous System Neoplasms W Mcc,"$17,148 "
Nervous System Neoplasms W/O Mcc,"$15,002 "
Neurological Eye Disorders,"$18,535 "
Neuroses Except Depressive,"$11,142 "
Non-Bacterial Infect Of Nervous Sys Exc Viral Meningitis W Cc,"$30,979 "
Non-Bacterial Infect Of Nervous Sys Exc Viral Meningitis W Mcc,"$29,473 "
Non-Bacterial Infect Of Nervous Sys Exc Viral Meningitis W/O Cc/Mcc,"$12,223 "
Non-Extensive Burns,"$7,216 "
Non-Extensive O.R. Proc Unrelated To Principal Diagnosis W Cc,"$22,717 "
Non-Extensive O.R. Proc Unrelated To Principal Diagnosis W Mcc,"$43,294 "
Non-Extensive O.R. Proc Unrelated To Principal Diagnosis W/O Cc/Mcc,"$15,589 "
Non-Malignant Breast Disorders W Cc/Mcc,"$14,204 "
Non-Malignant Breast Disorders W/O Cc/Mcc,"$9,277 "
Nonspecific Cerebrovascular Disorders W Cc,"$15,595 "
Nonspecific Cerebrovascular Disorders W Mcc,"$22,483 "
Nonspecific Cerebrovascular Disorders W/O Cc/Mcc,"$12,347 "
Nonspecific Cva  Precerebral Occlusion W/O Infarct W Mcc,"$24,892 "
Nonspecific Cva  Precerebral Occlusion W/O Infarct W/O Mcc,"$15,691 "
Nontraumatic Stupor  Coma W Mcc,"$21,276 "
Nontraumatic Stupor  Coma W/O Mcc,"$16,581 "
Normal Newborn,"$1,313 "
O.R. Proc W Diagnoses Of Other Contact W Health Services W Cc,"$37,468 "
O.R. Proc W Diagnoses Of Other Contact W Health Services W Mcc,"$36,557 "
O.R. Proc W Diagnoses Of Other Contact W Health Services W/O Cc/Mcc,"$27,740 "
O.R. Procedure W Principal Diagnoses Of Mental Illness,"$36,501 "
O.R. Procedures For Obesity W Cc,"$28,109 "
O.R. Procedures For Obesity W Mcc,"$33,148 "
O.R. Procedures For Obesity W/O Cc/Mcc,"$22,389 "
Organic Disturbances  Intellectual Disability,"$14,422 "
Osteomyelitis W Cc,"$13,587 "
Osteomyelitis W Mcc,"$22,587 "
Osteomyelitis W/O Cc/Mcc,"$14,388 "
Other Antepartum Diagnoses W Medical Complications,"$8,903 "
Other Antepartum Diagnoses W/O Medical Complications,"$5,186 "
Other Cardiothoracic Procedures W Mcc,"$83,309 "
Other Cardiothoracic Procedures W/O Mcc,"$57,722 "
Other Circulatory System Diagnoses W Cc,"$12,285 "
Other Circulatory System Diagnoses W Mcc,"$24,723 "
Other Circulatory System Diagnoses W/O Cc/Mcc,"$9,547 "
Other Circulatory System O.R. Procedures,"$38,604 "
Other Digestive System Diagnoses W Cc,"$14,886 "
Other Digestive System Diagnoses W Mcc,"$22,736 "
Other Digestive System Diagnoses W/O Cc/Mcc,"$12,259 "
Other Digestive System O.R. Procedures W Cc,"$29,338 "
Other Digestive System O.R. Procedures W Mcc,"$53,316 "
Other Digestive System O.R. Procedures W/O Cc/Mcc,"$24,152 "
Other Disorders Of Nervous System W Cc,"$14,270 "
Other Disorders Of Nervous System W Mcc,"$20,653 "
Other Disorders Of Nervous System W/O Cc/Mcc,"$13,356 "
Other Disorders Of The Eye W Mcc,"$14,372 "
Other Disorders Of The Eye W/O Mcc,"$9,855 "
"Other Ear, Nose, Mouth  Throat Diagnoses W Cc","$11,228 "
"Other Ear, Nose, Mouth  Throat Diagnoses W Mcc","$17,455 "
"Other Ear, Nose, Mouth  Throat Diagnoses W/O Cc/Mcc","$10,947 "
"Other Ear, Nose, Mouth  Throat O.R. Procedures W Cc/Mcc","$24,743 "
"Other Ear, Nose, Mouth  Throat O.R. Procedures W/O Cc/Mcc","$17,757 "
"Other Endocrine, Nutrit  Metab O.R. Proc W Cc","$30,380 "
"Other Endocrine, Nutrit  Metab O.R. Proc W Mcc","$44,356 "
"Other Endocrine, Nutrit  Metab O.R. Proc W/O Cc/Mcc","$27,711 "
Other Factors Influencing Health Status,"$20,890 "
Other Female Reproductive System O.R. Procedures W Cc/Mcc,"$28,059 "
Other Female Reproductive System O.R. Procedures W/O Cc/Mcc,"$17,114 "
Other Heart Assist System Implant,"$84,603 "
Other Hepatobiliary Or Pancreas O.R. Procedures W Cc,"$21,283 "
Other Hepatobiliary Or Pancreas O.R. Procedures W Mcc,"$41,705 "
Other Hepatobiliary Or Pancreas O.R. Procedures W/O Cc/Mcc,"$22,587 "
Other Infectious  Parasitic Diseases Diagnoses W Cc,"$18,123 "
Other Infectious  Parasitic Diseases Diagnoses W Mcc,"$26,890 "
Other Infectious  Parasitic Diseases Diagnoses W/O Cc/Mcc,"$11,718 "
"Other Injury, Poisoning  Toxic Effect Diag W Mcc","$18,829 "
"Other Injury, Poisoning  Toxic Effect Diag W/O Mcc","$11,754 "
Other Kidney  Urinary Tract Diagnoses W Cc,"$13,139 "
Other Kidney  Urinary Tract Diagnoses W Mcc,"$18,282 "
Other Kidney  Urinary Tract Diagnoses W/O Cc/Mcc,"$12,059 "
Other Kidney  Urinary Tract Procedures W Cc,"$27,617 "
Other Kidney  Urinary Tract Procedures W Mcc,"$37,312 "
Other Kidney  Urinary Tract Procedures W/O Cc/Mcc,"$23,400 "
Other Major Cardiovascular Procedures W Cc,"$43,579 "
Other Major Cardiovascular Procedures W Mcc,"$54,858 "
Other Major Cardiovascular Procedures W/O Cc/Mcc,"$33,803 "
Other Male Reproductive System Diagnoses W Cc/Mcc,"$11,503 "
Other Male Reproductive System Diagnoses W/O Cc/Mcc,"$7,924 "
Other Male Reproductive System O.R. Proc Exc Malignancy W Cc/Mcc,"$25,150 "
Other Male Reproductive System O.R. Proc Exc Malignancy W/O Cc/Mcc,"$21,320 "
Other Male Reproductive System O.R. Proc For Malignancy W Cc/Mcc,"$21,245 "
Other Mental Disorder Diagnoses,"$12,777 "
Other Multiple Significant Trauma W Cc,"$22,928 "
Other Multiple Significant Trauma W Mcc,"$32,807 "
Other Multiple Significant Trauma W/O Cc/Mcc,"$16,234 "
Other Musculoskelet Sys  Conn Tiss O.R. Proc W Cc,"$31,791 "
Other Musculoskelet Sys  Conn Tiss O.R. Proc W Mcc,"$39,227 "
Other Musculoskelet Sys  Conn Tiss O.R. Proc W/O Cc/Mcc,"$27,208 "
Other Musculoskeletal Sys  Connective Tissue Diagnoses W Cc,"$13,122 "
Other Musculoskeletal Sys  Connective Tissue Diagnoses W Mcc,"$20,632 "
Other Musculoskeletal Sys  Connective Tissue Diagnoses W/O Cc/Mcc,"$11,179 "
Other Myeloprolif Dis Or Poorly Diff Neopl Diag W Cc,"$15,938 "
Other Myeloprolif Dis Or Poorly Diff Neopl Diag W Mcc,"$26,733 "
Other Myeloprolif Dis Or Poorly Diff Neopl Diag W/O Cc/Mcc,"$10,652 "
Other O.R. Proc Of The Blood  Blood Forming Organs W Cc,"$26,464 "
Other O.R. Proc Of The Blood  Blood Forming Organs W Mcc,"$45,477 "
Other O.R. Proc Of The Blood  Blood Forming Organs W/O Cc/Mcc,"$24,048 "
Other O.R. Procedures For Injuries W Cc,"$28,025 "
Other O.R. Procedures For Injuries W Mcc,"$51,926 "
Other O.R. Procedures For Injuries W/O Cc/Mcc,"$18,296 "
Other O.R. Procedures For Multiple Significant Trauma W Cc,"$62,951 "
Other O.R. Procedures For Multiple Significant Trauma W Mcc,"$93,751 "
Other O.R. Procedures For Multiple Significant Trauma W/O Cc/Mcc,"$54,767 "
Other Resp System O.R. Procedures W Cc,"$27,272 "
Other Resp System O.R. Procedures W Mcc,"$45,242 "
Other Resp System O.R. Procedures W/O Cc/Mcc,"$25,551 "
Other Respiratory System Diagnoses W Mcc,"$19,885 "
Other Respiratory System Diagnoses W/O Mcc,"$11,809 "
"Other Skin, Subcut Tiss  Breast Proc W Cc","$22,881 "
"Other Skin, Subcut Tiss  Breast Proc W Mcc","$31,359 "
"Other Skin, Subcut Tiss  Breast Proc W/O Cc/Mcc","$35,130 "
Other Vascular Procedures W Cc,"$42,199 "
Other Vascular Procedures W Mcc,"$41,920 "
Other Vascular Procedures W/O Cc/Mcc,"$32,095 "
Otitis Media  Uri W Mcc,"$12,281 "
Otitis Media  Uri W/O Mcc,"$8,650 "
"Pancreas, Liver  Shunt Procedures W Cc","$54,655 "
"Pancreas, Liver  Shunt Procedures W Mcc","$87,462 "
"Pancreas, Liver  Shunt Procedures W/O Cc/Mcc","$22,917 "
Pathological Fractures  Musculoskelet  Conn Tiss Malig W Cc,"$14,374 "
Pathological Fractures  Musculoskelet  Conn Tiss Malig W Mcc,"$20,943 "
Pathological Fractures  Musculoskelet  Conn Tiss Malig W/O Cc/Mcc,"$13,378 "
"Pelvic Evisceration, Rad Hysterectomy  Rad Vulvectomy W Cc/Mcc","$34,995 "
"Pelvic Evisceration, Rad Hysterectomy  Rad Vulvectomy W/O Cc/Mcc","$28,622 "
Penis Procedures W Cc/Mcc,"$24,912 "
Penis Procedures W/O Cc/Mcc,"$44,268 "
Perc Cardiovasc Proc W Drug-Eluting Stent W/O Mcc,"$29,357 "
Perc Cardiovasc Proc W Non-Drug-Eluting Stent W/O Mcc,"$27,889 "
Perc Cardiovasc Proc W/O Coronary Artery Stent W Mcc,"$34,320 "
Perc Cardiovasc Proc W/O Coronary Artery Stent W/O Mcc,"$23,929 "
Percutaneous Cardiovascular Procedures W Drug-Eluting Stent W Mcc Or 4+ Arteries Or Stents,"$40,076 "
Percutaneous Cardiovascular Procedures W Non-Drug-Eluting Stent W Mcc Or 4+ Arteries Or Stents,"$36,903 "
Percutaneous Intracardiac Procedures W Mcc,"$62,604 "
Percutaneous Intracardiac Procedures W/O Mcc,"$56,585 "
Periph/Cranial Nerve  Other Nerv Syst Proc W Cc Or Periph Neurostim,"$33,205 "
Periph/Cranial Nerve  Other Nerv Syst Proc W Mcc,"$53,424 "
Periph/Cranial Nerve  Other Nerv Syst Proc W/O Cc/Mcc,"$27,769 "
Peripheral Vascular Disorders W Cc,"$14,274 "
Peripheral Vascular Disorders W Mcc,"$18,417 "
Peripheral Vascular Disorders W/O Cc/Mcc,"$10,252 "
Peritoneal Adhesiolysis W Cc,"$33,038 "
Peritoneal Adhesiolysis W Mcc,"$44,116 "
Peritoneal Adhesiolysis W/O Cc/Mcc,"$24,685 "
Permanent Cardiac Pacemaker Implant W Cc,"$23,533 "
Permanent Cardiac Pacemaker Implant W Mcc,"$34,580 "
Permanent Cardiac Pacemaker Implant W/O Cc/Mcc,"$20,214 "
Pleural Effusion W Cc,"$13,783 "
Pleural Effusion W Mcc,"$17,676 "
Pleural Effusion W/O Cc/Mcc,"$12,010 "
Pneumothorax W Cc,"$16,832 "
Pneumothorax W Mcc,"$18,496 "
Pneumothorax W/O Cc/Mcc,"$10,456 "
Poisoning  Toxic Effects Of Drugs W Mcc,"$16,729 "
Poisoning  Toxic Effects Of Drugs W/O Mcc,"$13,469 "
Postoperative  Post-Traumatic Infections W Mcc,"$19,950 "
Postoperative  Post-Traumatic Infections W/O Mcc,"$11,837 "
Postoperative Or Post-Traumatic Infections W O.R. Proc W Cc,"$27,366 "
Postoperative Or Post-Traumatic Infections W O.R. Proc W Mcc,"$49,659 "
Postoperative Or Post-Traumatic Infections W O.R. Proc W/O Cc/Mcc,"$26,621 "
Postpartum  Post Abortion Diagnoses W O.R. Procedure,"$19,530 "
Postpartum  Post Abortion Diagnoses W/O O.R. Procedure,"$8,499 "
Prematurity W Major Problems,"$21,248 "
Prematurity W/O Major Problems,"$7,679 "
Prostatectomy W Cc,"$20,642 "
Prostatectomy W Mcc,"$38,265 "
Prostatectomy W/O Cc/Mcc,"$15,023 "
Psychoses,"$14,617 "
Pulmonary Edema  Respiratory Failure,"$15,135 "
Pulmonary Embolism W Mcc,"$20,829 "
Pulmonary Embolism W/O Mcc,"$13,419 "
Rectal Resection W Cc,"$42,574 "
Rectal Resection W Mcc,"$44,531 "
Rectal Resection W/O Cc/Mcc,"$25,670 "
Red Blood Cell Disorders W Mcc,"$16,414 "
Red Blood Cell Disorders W/O Mcc,"$10,671 "
Renal Failure W Cc,"$11,920 "
Renal Failure W Mcc,"$17,612 "
Renal Failure W/O Cc/Mcc,"$9,454 "
Respiratory Infections  Inflammations W Cc,"$12,566 "
Respiratory Infections  Inflammations W Mcc,"$18,460 "
Respiratory Infections  Inflammations W/O Cc/Mcc,"$11,274 "
Respiratory Neoplasms W Cc,"$15,763 "
Respiratory Neoplasms W Mcc,"$23,345 "
Respiratory Neoplasms W/O Cc/Mcc,"$11,050 "
Respiratory Signs  Symptoms,"$11,131 "
Respiratory System Diagnosis W Ventilator Support <=96 Hours,"$26,029 "
Respiratory System Diagnosis W Ventilator Support >96 Hours,"$59,588 "
Reticuloendothelial  Immunity Disorders W Cc,"$14,475 "
Reticuloendothelial  Immunity Disorders W Mcc,"$16,555 "
Reticuloendothelial  Immunity Disorders W/O Cc/Mcc,"$9,612 "
Revision Of Hip Or Knee Replacement W Cc,"$46,486 "
Revision Of Hip Or Knee Replacement W Mcc,"$58,927 "
Revision Of Hip Or Knee Replacement W/O Cc/Mcc,"$36,612 "
Seizures W Mcc,"$19,332 "
Seizures W/O Mcc,"$12,591 "
Septic Arthritis W Cc,"$17,446 "
Septic Arthritis W Mcc,"$28,333 "
Septic Arthritis W/O Cc/Mcc,"$9,135 "
Septicemia Or Severe Sepsis W Mv >96 Hours,"$66,205 "
Septicemia Or Severe Sepsis W/O Mv >96 Hours W Mcc,"$21,873 "
Septicemia Or Severe Sepsis W/O Mv >96 Hours W/O Mcc,"$13,036 "
"Shoulder,Elbow Or Forearm Proc,Exc Major Joint Proc W Cc","$31,148 "
"Shoulder,Elbow Or Forearm Proc,Exc Major Joint Proc W Mcc","$43,126 "
"Shoulder,Elbow Or Forearm Proc,Exc Major Joint Proc W/O Cc/Mcc","$28,892 "
Signs  Symptoms Of Musculoskeletal System  Conn Tissue W Mcc,"$21,681 "
Signs  Symptoms Of Musculoskeletal System  Conn Tissue W/O Mcc,"$11,737 "
Signs  Symptoms W Mcc,"$17,937 "
Signs  Symptoms W/O Mcc,"$12,341 "
Simple Pneumonia  Pleurisy W Cc,"$10,340 "
Simple Pneumonia  Pleurisy W Mcc,"$14,829 "
Simple Pneumonia  Pleurisy W/O Cc/Mcc,"$8,455 "
Sinus  Mastoid Procedures W Cc/Mcc,"$6,252 "
Skin Debridement W Cc,"$22,102 "
Skin Debridement W Mcc,"$28,425 "
Skin Debridement W/O Cc/Mcc,"$14,646 "
Skin Graft Exc For Skin Ulcer Or Cellulitis W Cc,"$33,061 "
Skin Graft Exc For Skin Ulcer Or Cellulitis W Mcc,"$50,466 "
Skin Graft Exc For Skin Ulcer Or Cellulitis W/O Cc/Mcc,"$43,746 "
Skin Graft For Skin Ulcer Or Cellulitis W Cc,"$26,005 "
Skin Graft For Skin Ulcer Or Cellulitis W Mcc,"$32,604 "
"Skin Grafts  Wound Debrid For Endoc, Nutrit  Metab Dis W Cc","$28,768 "
"Skin Grafts  Wound Debrid For Endoc, Nutrit  Metab Dis W Mcc","$38,837 "
"Skin Grafts  Wound Debrid For Endoc, Nutrit  Metab Dis W/O Cc/Mcc","$11,619 "
Skin Grafts For Injuries W Cc/Mcc,"$44,633 "
Skin Grafts For Injuries W/O Cc/Mcc,"$18,281 "
Skin Ulcers W Cc,"$11,807 "
Skin Ulcers W Mcc,"$16,661 "
Skin Ulcers W/O Cc/Mcc,"$5,468 "
Soft Tissue Procedures W Cc,"$30,135 "
Soft Tissue Procedures W Mcc,"$35,064 "
Soft Tissue Procedures W/O Cc/Mcc,"$19,196 "
Spinal Disorders  Injuries W Cc/Mcc,"$27,619 "
Spinal Fus Exc Cerv W Spinal Curv/Malig/Infec Or Ext Fus W Cc,"$79,402 "
Spinal Fus Exc Cerv W Spinal Curv/Malig/Infec Or Ext Fus W Mcc,"$78,636 "
Spinal Fus Exc Cerv W Spinal Curv/Malig/Infec Or Ext Fus W/O Cc/Mcc,"$37,251 "
Spinal Fusion Except Cervical W Mcc,"$66,422 "
Spinal Fusion Except Cervical W/O Mcc,"$48,472 "
Spinal Procedures W Cc Or Spinal Neurostimulators,"$42,891 "
Spinal Procedures W Mcc,"$77,233 "
Spinal Procedures W/O Cc/Mcc,"$41,121 "
Splenectomy W Cc,"$36,417 "
Splenectomy W Mcc,"$83,469 "
Splenectomy W/O Cc/Mcc,"$39,178 "
"Sprains, Strains,  Dislocations Of Hip, Pelvis  Thigh W Cc/Mcc","$21,679 "
"Sprains, Strains,  Dislocations Of Hip, Pelvis  Thigh W/O Cc/Mcc","$12,707 "
"Stomach, Esophageal  Duodenal Proc W Cc","$33,640 "
"Stomach, Esophageal  Duodenal Proc W Mcc","$66,216 "
"Stomach, Esophageal  Duodenal Proc W/O Cc/Mcc","$26,343 "
Syncope  Collapse,"$13,480 "
"Tendonitis, Myositis  Bursitis W Mcc","$13,955 "
"Tendonitis, Myositis  Bursitis W/O Mcc","$9,613 "
Testes Procedures W Cc/Mcc,"$22,265 "
Testes Procedures W/O Cc/Mcc,"$16,939 "
Threatened Abortion,"$5,633 "
"Thyroid, Parathyroid  Thyroglossal Procedures W Cc","$24,731 "
"Thyroid, Parathyroid  Thyroglossal Procedures W Mcc","$54,754 "
"Thyroid, Parathyroid  Thyroglossal Procedures W/O Cc/Mcc","$23,506 "
"Trach W Mv >96 Hrs Or Pdx Exc Face, Mouth  Neck W/O Maj O.R.","$111,767 "
"Tracheostomy For Face,Mouth  Neck Diagnoses W Cc","$24,440 "
"Tracheostomy For Face,Mouth  Neck Diagnoses W Mcc","$46,362 "
Transient Ischemia W/O Thrombolytic,"$14,931 "
Transurethral Procedures W Cc,"$19,845 "
Transurethral Procedures W Mcc,"$32,225 "
Transurethral Procedures W/O Cc/Mcc,"$17,155 "
Transurethral Prostatectomy W Cc/Mcc,"$23,286 "
Transurethral Prostatectomy W/O Cc/Mcc,"$15,130 "
"Trauma To The Skin, Subcut Tiss  Breast W Mcc","$20,758 "
"Trauma To The Skin, Subcut Tiss  Breast W/O Mcc","$12,809 "
Traumatic Injury W Mcc,"$30,170 "
Traumatic Injury W/O Mcc,"$13,694 "
"Traumatic Stupor  Coma, Coma <1 Hr W Cc","$18,963 "
"Traumatic Stupor  Coma, Coma <1 Hr W Mcc","$23,560 "
"Traumatic Stupor  Coma, Coma <1 Hr W/O Cc/Mcc","$13,847 "
"Traumatic Stupor  Coma, Coma >1 Hr W Cc","$17,471 "
"Traumatic Stupor  Coma, Coma >1 Hr W Mcc","$22,437 "
"Traumatic Stupor  Coma, Coma >1 Hr W/O Cc/Mcc","$17,065 "
Uncomplicated Peptic Ulcer W Mcc,"$20,033 "
Uncomplicated Peptic Ulcer W/O Mcc,"$16,646 "
Upper Limb  Toe Amputation For Circ System Disorders W Cc,"$23,343 "
Upper Limb  Toe Amputation For Circ System Disorders W Mcc,"$31,480 "
Urethral Procedures W Cc/Mcc,"$41,402 "
Urethral Procedures W/O Cc/Mcc,"$14,363 "
Urethral Stricture,"$13,256 "
Urinary Stones W Esw Lithotripsy W Cc/Mcc,"$21,778 "
Urinary Stones W/O Esw Lithotripsy W Mcc,"$22,284 "
Urinary Stones W/O Esw Lithotripsy W/O Mcc,"$13,764 "
Uterine  Adnexa Proc For Non-Malignancy W Cc/Mcc,"$26,253 "
Uterine  Adnexa Proc For Non-Malignancy W/O Cc/Mcc,"$19,336 "
Uterine  Adnexa Proc For Ovarian Or Adnexal Malignancy W Cc,"$31,836 "
Uterine  Adnexa Proc For Ovarian Or Adnexal Malignancy W Mcc,"$127,247 "
Uterine  Adnexa Proc For Ovarian Or Adnexal Malignancy W/O Cc/Mcc,"$27,103 "
"Uterine,Adnexa Proc For Non-Ovarian/Adnexal Malig W Cc","$31,674 "
"Uterine,Adnexa Proc For Non-Ovarian/Adnexal Malig W Mcc","$38,030 "
"Uterine,Adnexa Proc For Non-Ovarian/Adnexal Malig W/O Cc/Mcc","$31,505 "
"Vagina, Cervix  Vulva Procedures W Cc/Mcc","$29,360 "
"Vagina, Cervix  Vulva Procedures W/O Cc/Mcc","$16,606 "
Vaginal Delivery W Complicating Diagnoses,"$8,235 "
Vaginal Delivery W O.R. Proc Except Steril /Or Dc,"$12,555 "
Vaginal Delivery W Sterilization /Or Dc,"$11,198 "
Vaginal Delivery W/O Complicating Diagnoses,"$6,718 "
Vein Ligation  Stripping,"$19,862 "
Ventricular Shunt Procedures W Cc,"$32,643 "
Ventricular Shunt Procedures W Mcc,"$57,001 "
Ventricular Shunt Procedures W/O Cc/Mcc,"$22,880 "
Viral Illness W Mcc,"$20,084 "
Viral Illness W/O Mcc,"$10,002 "
Viral Meningitis W Cc/Mcc,"$15,938 "
Viral Meningitis W/O Cc/Mcc,"$11,398 "
"Wnd Debrid  Skn Grft Exc Hand, For Musculo-Conn Tiss Dis W Cc","$41,704 "
"Wnd Debrid  Skn Grft Exc Hand, For Musculo-Conn Tiss Dis W Mcc","$53,344 "
"Wnd Debrid  Skn Grft Exc Hand, For Musculo-Conn Tiss Dis W/O Cc/Mcc","$33,190 "
Wound Debridements For Injuries W Cc,"$21,821 "
Wound Debridements For Injuries W Mcc,"$44,707 "
Wound Debridements For Injuries W/O Cc/Mcc,"$38,696 "
