Category,MSDRG,MSDRG Description,Average Case
Surgical,3,"ECMO OR TRACH W MV >96 HRS OR PDX EXC FACE, MOUTH & NECK W MAJ O.R.","$681,139.15 "
Surgical,4,"TRACH W MV >96 HRS OR PDX EXC FACE, MOUTH & NECK W/O MAJ O.R.","$507,077.95 "
Surgical,11,"TRACHEOSTOMY FOR FACE,MOUTH & NECK DIAGNOSES W MCC ","$126,410.31 "
Surgical,12,"TRACHEOSTOMY FOR FACE,MOUTH & NECK DIAGNOSES W CC ","$48,734.63 "
Surgical,13,"TRACHEOSTOMY FOR FACE,MOUTH & NECK DIAGNOSES W/O CC/MCC","$53,425.67 "
Cardiovascular Services,20,INTRACRANIAL VASCULAR PROCEDURES W PDX HEMORRHAGE W MCC,"$363,432.75 "
Cardiovascular Services,21,INTRACRANIAL VASCULAR PROCEDURES W PDX HEMORRHAGE W CC,"$287,295.25 "
Neurosciences,23,CRANIOTOMY W MAJOR DEVICE IMPLANT OR ACUTE CNS PDX W MCC OR CHEMOTHERAPY IMPLANT OR EPILEPSY W NEUROSTIMULATOR,"$207,614.77 "
Neurosciences,24,CRANIO W MAJOR DEV IMPL/ACUTE COMPLEX CNS PDX W/O MCC,"$140,115.89 "
Neurosciences,25,CRANIOTOMY & ENDOVASCULAR INTRACRANIAL PROCEDURES W MCC,"$136,979.17 "
Neurosciences,26,CRANIOTOMY & ENDOVASCULAR INTRACRANIAL PROCEDURES W CC,"$109,224.80 "
Neurosciences,27,CRANIOTOMY & ENDOVASCULAR INTRACRANIAL PROCEDURES W/O CC/MCC,"$105,580.63 "
Neurosciences,28,SPINAL PROCEDURES W MCC ,"$187,958.67 "
Neurosciences,29,SPINAL PROCEDURES W CC OR SPINAL NEUROSTIMULATORS,"$129,519.23 "
Neurosciences,30,SPINAL PROCEDURES W/O CC/MCC ,"$75,490.19 "
Neurosciences,31,VENTRICULAR SHUNT PROCEDURES W MCC,"$115,019.85 "
Neurosciences,32,VENTRICULAR SHUNT PROCEDURES W CC,"$84,996.83 "
Neurosciences,33,VENTRICULAR SHUNT PROCEDURES W/O CC/MCC,"$63,347.10 "
Cardiovascular Services,34,CAROTID ARTERY STENT PROCEDURE W MCC,"$118,415.22 "
Cardiovascular Services,35,CAROTID ARTERY STENT PROCEDURE W CC,"$131,590.41 "
Cardiovascular Services,36,CAROTID ARTERY STENT PROCEDURE W/O CC/MCC,"$67,366.82 "
Cardiovascular Services,37,EXTRACRANIAL PROCEDURES W MCC,"$122,432.44 "
Cardiovascular Services,38,EXTRACRANIAL PROCEDURES W CC,"$62,473.54 "
Cardiovascular Services,39,EXTRACRANIAL PROCEDURES W/O CC/MCC,"$35,563.23 "
Neurosciences,40,PERIPH/CRANIAL NERVE & OTHER NERV SYST PROC W MCC,"$171,723.97 "
Neurosciences,41,PERIPH/CRANIAL NERVE & OTHER NERV SYST PROC W CC OR PERIPH NEUROSTIM,"$70,142.66 "
Neurosciences,42,PERIPH/CRANIAL NERVE & OTHER NERV SYST PROC W/O CC/MCC,"$83,959.64 "
Neurosciences,52,SPINAL DISORDERS & INJURIES W CC/MCC,"$101,465.42 "
Neurosciences,53,SPINAL DISORDERS & INJURIES W/O CC/MCC,"$37,853.45 "
Oncology,54,NERVOUS SYSTEM NEOPLASMS W MCC,"$56,493.54 "
Oncology,55,NERVOUS SYSTEM NEOPLASMS W/O MCC,"$47,519.10 "
Neurosciences,56,DEGENERATIVE NERVOUS SYSTEM DISORDERS W MCC,"$71,456.11 "
Neurosciences,57,DEGENERATIVE NERVOUS SYSTEM DISORDERS W/O MCC,"$41,298.48 "
Neurosciences,58,MULTIPLE SCLEROSIS & CEREBELLAR ATAXIA W MCC,"$52,125.19 "
Neurosciences,59,MULTIPLE SCLEROSIS & CEREBELLAR ATAXIA W CC,"$48,558.77 "
Neurosciences,60,MULTIPLE SCLEROSIS & CEREBELLAR ATAXIA W/O CC/MCC,"$35,637.13 "
Neurosciences,61,"ISCHEMIC STROKE, PRECEREBRAL OCCLUSION OR TRANSIENT ISCHEMIA W THROMBOLYTIC AGENT W MCC","$129,246.11 "
Neurosciences,62,"ISCHEMIC STROKE, PRECEREBRAL OCCLUSION OR TRANSIENT ISCHEMIA W THROMBOLYTIC AGENT W CC","$86,567.17 "
Neurosciences,64,INTRACRANIAL HEMORRHAGE OR CEREBRAL INFARCTION W MCC,"$70,924.62 "
Neurosciences,65,INTRACRANIAL HEMORRHAGE OR CEREBRAL INFARCTION W CC OR TPA IN 24 HRS,"$44,098.69 "
Neurosciences,66,INTRACRANIAL HEMORRHAGE OR CEREBRAL INFARCTION W/O CC/MCC,"$36,496.10 "
Neurosciences,67,NONSPECIFIC CVA & PRECEREBRAL OCCLUSION W/O INFARCT W MCC,"$55,665.30 "
Neurosciences,68,NONSPECIFIC CVA & PRECEREBRAL OCCLUSION W/O INFARCT W/O MCC,"$31,005.63 "
Neurosciences,69,TRANSIENT ISCHEMIA W/O THROMBOLYTIC,"$35,295.37 "
Neurosciences,70,NONSPECIFIC CEREBROVASCULAR DISORDERS W MCC,"$73,188.16 "
Neurosciences,71,NONSPECIFIC CEREBROVASCULAR DISORDERS W CC,"$37,238.76 "
Neurosciences,72,NONSPECIFIC CEREBROVASCULAR DISORDERS W/O CC/MCC,"$33,587.75 "
Neurosciences,73,CRANIAL & PERIPHERAL NERVE DISORDERS W MCC,"$43,956.98 "
Neurosciences,74,CRANIAL & PERIPHERAL NERVE DISORDERS W/O MCC,"$49,617.85 "
Neurosciences,75,VIRAL MENINGITIS W CC/MCC,"$29,850.50 "
Neurosciences,76,VIRAL MENINGITIS W/O CC/MCC,"$16,834.99 "
Neurosciences,77,HYPERTENSIVE ENCEPHALOPATHY W MCC,"$61,109.69 "
Neurosciences,78,HYPERTENSIVE ENCEPHALOPATHY W CC,"$40,527.07 "
Neurosciences,79,HYPERTENSIVE ENCEPHALOPATHY W/O CC/MCC, 
Neurosciences,80,NONTRAUMATIC STUPOR & COMA W MCC,"$56,719.49 "
Neurosciences,81,NONTRAUMATIC STUPOR & COMA W/O MCC,"$33,565.12 "
Neurosciences,82,"TRAUMATIC STUPOR & COMA, COMA >1 HR W MCC","$90,192.55 "
Neurosciences,83,"TRAUMATIC STUPOR & COMA, COMA >1 HR W CC","$56,554.33 "
Neurosciences,84,"TRAUMATIC STUPOR & COMA, COMA >1 HR W/O CC/MCC","$36,122.21 "
Neurosciences,85,"TRAUMATIC STUPOR & COMA, COMA <1 HR W MCC","$70,679.02 "
Neurosciences,86,"TRAUMATIC STUPOR & COMA, COMA <1 HR W CC","$38,862.02 "
Neurosciences,87,"TRAUMATIC STUPOR & COMA, COMA <1 HR W/O CC/MCC","$23,249.83 "
Neurosciences,88,CONCUSSION W MCC,"$50,729.14 "
Neurosciences,89,CONCUSSION W CC,"$36,005.09 "
Neurosciences,90,CONCUSSION W/O CC/MCC,"$25,916.51 "
Neurosciences,91,OTHER DISORDERS OF NERVOUS SYSTEM W MCC,"$56,255.37 "
Neurosciences,92,OTHER DISORDERS OF NERVOUS SYSTEM W CC,"$34,285.58 "
Neurosciences,93,OTHER DISORDERS OF NERVOUS SYSTEM W/O CC/MCC,"$41,087.40 "
Neurosciences,94,BACTERIAL & TUBERCULOUS INFECTIONS OF NERVOUS SYSTEM W MCC,"$129,618.74 "
Neurosciences,95,BACTERIAL & TUBERCULOUS INFECTIONS OF NERVOUS SYSTEM W CC,"$95,051.95 "
Neurosciences,96,BACTERIAL & TUBERCULOUS INFECTIONS OF NERVOUS SYSTEM W/O CC/MCC,"$100,210.04 "
Neurosciences,97,NON-BACTERIAL INFECT OF NERVOUS SYS EXC VIRAL MENINGITIS W MCC,"$95,138.48 "
Neurosciences,98,NON-BACTERIAL INFECT OF NERVOUS SYS EXC VIRAL MENINGITIS W CC,"$49,857.08 "
Neurosciences,99,NON-BACTERIAL INFECT OF NERVOUS SYS EXC VIRAL MENINGITIS W/O CC/MCC,"$40,113.97 "
Neurosciences,100,SEIZURES W MCC,"$67,347.14 "
Neurosciences,101,SEIZURES W/O MCC,"$24,347.37 "
Neurosciences,102,HEADACHES W MCC,"$56,721.80 "
Neurosciences,103,HEADACHES W/O MCC,"$27,179.57 "
Surgical,113,ORBITAL PROCEDURES W CC/MCC,"$60,585.42 "
Surgical,114,ORBITAL PROCEDURES W/O CC/MCC,"$38,659.08 "
Surgical,115,EXTRAOCULAR PROCEDURES EXCEPT ORBIT,"$35,929.81 "
Surgical,116,INTRAOCULAR PROCEDURES W CC/MCC,"$81,158.42 "
Surgical,117,INTRAOCULAR PROCEDURES W/O CC/MCC,"$34,083.62 "
Surgical,121,ACUTE MAJOR EYE INFECTIONS W CC/MCC,"$6,829.79 "
Surgical,122,ACUTE MAJOR EYE INFECTIONS W/O CC/MCC,"$15,658.91 "
Surgical,123,NEUROLOGICAL EYE DISORDERS,"$28,167.02 "
Surgical,124,OTHER DISORDERS OF THE EYE W MCC,"$57,406.32 "
Surgical,125,OTHER DISORDERS OF THE EYE W/O MCC,"$18,299.57 "
Surgical,129,MAJOR HEAD & NECK PROCEDURES W CC/MCC OR MAJOR DEVICE,"$45,677.89 "
Surgical,130,MAJOR HEAD & NECK PROCEDURES W/O CC/MCC,"$24,914.21 "
Surgical,131,CRANIAL/FACIAL PROCEDURES W CC/MCC,"$93,175.34 "
Surgical,132,CRANIAL/FACIAL PROCEDURES W/O CC/MCC,"$49,052.30 "
Surgical,133,"OTHER EAR, NOSE, MOUTH & THROAT O.R. PROCEDURES W CC/MCC","$23,494.27 "
Surgical,134,"OTHER EAR, NOSE, MOUTH & THROAT O.R. PROCEDURES W/O CC/MCC","$17,436.20 "
Surgical,135,SINUS & MASTOID PROCEDURES W CC/MCC, 
Surgical,137,MOUTH PROCEDURES W CC/MCC,"$30,703.50 "
Surgical,138,MOUTH PROCEDURES W/O CC/MCC,"$19,776.15 "
Surgical,139,SALIVARY GLAND PROCEDURES,"$13,712.31 "
Oncology,146,"EAR, NOSE, MOUTH & THROAT MALIGNANCY W MCC","$39,436.59 "
Oncology,147,"EAR, NOSE, MOUTH & THROAT MALIGNANCY W CC","$151,499.13 "
Oncology,148,"EAR, NOSE, MOUTH & THROAT MALIGNANCY W/O CC/MCC","$23,626.84 "
Surgical,149,DYSEQUILIBRIUM,"$30,828.72 "
Surgical,151,EPISTAXIS W/O MCC,"$23,499.99 "
Surgical,152,OTITIS MEDIA & URI W MCC,"$25,190.10 "
Surgical,153,OTITIS MEDIA & URI W/O MCC,"$11,329.21 "
Surgical,154,"OTHER EAR, NOSE, MOUTH & THROAT DIAGNOSES W MCC","$28,931.89 "
Surgical,155,"OTHER EAR, NOSE, MOUTH & THROAT DIAGNOSES W CC","$27,253.46 "
Surgical,156,"OTHER EAR, NOSE, MOUTH & THROAT DIAGNOSES W/O CC/MCC","$13,717.82 "
Medical,157,DENTAL & ORAL DISEASES W MCC,"$42,183.29 "
Medical,158,DENTAL & ORAL DISEASES W CC,"$25,864.45 "
Medical,159,DENTAL & ORAL DISEASES W/O CC/MCC,"$14,252.64 "
Cardiovascular Services,163,MAJOR CHEST PROCEDURES W MCC,"$187,118.46 "
Cardiovascular Services,164,MAJOR CHEST PROCEDURES W CC,"$115,724.67 "
Cardiovascular Services,165,MAJOR CHEST PROCEDURES W/O CC/MCC,"$73,867.36 "
Cardiovascular Services,166,OTHER RESP SYSTEM O.R. PROCEDURES W MCC,"$146,953.66 "
Cardiovascular Services,167,OTHER RESP SYSTEM O.R. PROCEDURES W CC,"$72,661.21 "
Cardiovascular Services,168,OTHER RESP SYSTEM O.R. PROCEDURES W/O CC/MCC,"$59,283.07 "
Medical,175,PULMONARY EMBOLISM W MCC,"$54,636.12 "
Medical,176,PULMONARY EMBOLISM W/O MCC,"$32,489.06 "
Medical,177,RESPIRATORY INFECTIONS & INFLAMMATIONS W MCC,"$63,727.49 "
Medical,178,RESPIRATORY INFECTIONS & INFLAMMATIONS W CC,"$41,060.59 "
Medical,179,RESPIRATORY INFECTIONS & INFLAMMATIONS W/O CC/MCC,"$33,527.34 "
Oncology,180,RESPIRATORY NEOPLASMS W MCC,"$59,820.43 "
Oncology,181,RESPIRATORY NEOPLASMS W CC,"$46,496.62 "
Oncology,182,RESPIRATORY NEOPLASMS W/O CC/MCC,"$41,085.56 "
Cardiovascular Services,183,MAJOR CHEST TRAUMA W MCC,"$95,283.07 "
Cardiovascular Services,184,MAJOR CHEST TRAUMA W CC,"$48,104.58 "
Cardiovascular Services,185,MAJOR CHEST TRAUMA W/O CC/MCC,"$31,752.63 "
Medical,186,PLEURAL EFFUSION W MCC,"$58,309.70 "
Medical,187,PLEURAL EFFUSION W CC,"$35,971.69 "
Medical,188,PLEURAL EFFUSION W/O CC/MCC,"$27,779.55 "
Medical,189,PULMONARY EDEMA & RESPIRATORY FAILURE,"$44,981.96 "
Medical,190,CHRONIC OBSTRUCTIVE PULMONARY DISEASE W MCC,"$41,061.17 "
Medical,191,CHRONIC OBSTRUCTIVE PULMONARY DISEASE W CC,"$31,373.90 "
Medical,192,CHRONIC OBSTRUCTIVE PULMONARY DISEASE W/O CC/MCC,"$24,701.28 "
Medical,193,SIMPLE PNEUMONIA & PLEURISY W MCC,"$49,236.64 "
Medical,194,SIMPLE PNEUMONIA & PLEURISY W CC,"$29,836.49 "
Medical,195,SIMPLE PNEUMONIA & PLEURISY W/O CC/MCC,"$16,975.20 "
Medical,196,INTERSTITIAL LUNG DISEASE W MCC,"$60,442.24 "
Medical,197,INTERSTITIAL LUNG DISEASE W CC,"$30,592.65 "
Medical,198,INTERSTITIAL LUNG DISEASE W/O CC/MCC,"$13,253.85 "
Medical,199,PNEUMOTHORAX W MCC,"$61,525.62 "
Medical,200,PNEUMOTHORAX W CC,"$45,335.44 "
Medical,201,PNEUMOTHORAX W/O CC/MCC,"$25,136.71 "
Medical,202,BRONCHITIS & ASTHMA W CC/MCC,"$22,650.48 "
Medical,203,BRONCHITIS & ASTHMA W/O CC/MCC,"$10,280.15 "
Medical,204,RESPIRATORY SIGNS & SYMPTOMS,"$24,974.18 "
Medical,205,OTHER RESPIRATORY SYSTEM DIAGNOSES W MCC,"$51,455.62 "
Medical,206,OTHER RESPIRATORY SYSTEM DIAGNOSES W/O MCC,"$25,380.94 "
Medical,207,RESPIRATORY SYSTEM DIAGNOSIS W VENTILATOR SUPPORT >96 HOURS,"$186,139.15 "
Medical,208,RESPIRATORY SYSTEM DIAGNOSIS W VENTILATOR SUPPORT <=96 HOURS,"$77,246.27 "
Cardiovascular Services,215,OTHER HEART ASSIST SYSTEM IMPLANT,"$321,708.91 "
Cardiovascular Services,216,CARDIAC VALVE & OTH MAJ CARDIOTHORACIC PROC W CARD CATH W MCC,"$410,736.70 "
Cardiovascular Services,217,CARDIAC VALVE & OTH MAJ CARDIOTHORACIC PROC W CARD CATH W CC,"$351,651.13 "
Cardiovascular Services,218,CARDIAC VALVE & OTH MAJ CARDIOTHORACIC PROC W CARD CATH W/O CC/MCC,"$313,475.52 "
Cardiovascular Services,219,CARDIAC VALVE & OTH MAJ CARDIOTHORACIC PROC W/O CARD CATH W MCC,"$381,501.93 "
Cardiovascular Services,220,CARDIAC VALVE & OTH MAJ CARDIOTHORACIC PROC W/O CARD CATH W CC,"$237,032.55 "
Cardiovascular Services,221,CARDIAC VALVE & OTH MAJ CARDIOTHORACIC PROC W/O CARD CATH W/O CC/MCC,"$191,072.41 "
Cardiovascular Services,222,CARDIAC DEFIB IMPLANT W CARDIAC CATH W AMI/HF/SHOCK W MCC,"$298,753.72 "
Cardiovascular Services,223,CARDIAC DEFIB IMPLANT W CARDIAC CATH W AMI/HF/SHOCK W/O MCC,"$203,598.04 "
Cardiovascular Services,224,CARDIAC DEFIB IMPLANT W CARDIAC CATH W/O AMI/HF/SHOCK W MCC,"$260,535.94 "
Cardiovascular Services,225,CARDIAC DEFIB IMPLANT W CARDIAC CATH W/O AMI/HF/SHOCK W/O MCC,"$211,539.54 "
Cardiovascular Services,226,CARDIAC DEFIBRILLATOR IMPLANT W/O CARDIAC CATH W MCC,"$214,470.55 "
Cardiovascular Services,227,CARDIAC DEFIBRILLATOR IMPLANT W/O CARDIAC CATH W/O MCC,"$193,265.43 "
Cardiovascular Services,228,OTHER CARDIOTHORACIC PROCEDURES W MCC,"$265,916.20 "
Cardiovascular Services,229,OTHER CARDIOTHORACIC PROCEDURES W/O MCC,"$185,157.55 "
Cardiovascular Services,231,CORONARY BYPASS W PTCA W MCC,"$356,203.65 "
Cardiovascular Services,232,CORONARY BYPASS W PTCA W/O MCC,"$278,972.17 "
Cardiovascular Services,233,CORONARY BYPASS W CARDIAC CATH W MCC,"$303,632.72 "
Cardiovascular Services,234,CORONARY BYPASS W CARDIAC CATH W/O MCC,"$203,053.98 "
Cardiovascular Services,235,CORONARY BYPASS W/O CARDIAC CATH W MCC,"$241,036.53 "
Cardiovascular Services,236,CORONARY BYPASS W/O CARDIAC CATH W/O MCC,"$169,696.27 "
Cardiovascular Services,239,AMPUTATION FOR CIRC SYS DISORDERS EXC UPPER LIMB & TOE W MCC,"$102,612.80 "
Cardiovascular Services,240,AMPUTATION FOR CIRC SYS DISORDERS EXC UPPER LIMB & TOE W CC,"$88,727.08 "
Cardiovascular Services,241,AMPUTATION FOR CIRC SYS DISORDERS EXC UPPER LIMB & TOE W/O CC/MCC,"$49,442.67 "
Cardiovascular Services,242,PERMANENT CARDIAC PACEMAKER IMPLANT W MCC,"$117,578.44 "
Cardiovascular Services,243,PERMANENT CARDIAC PACEMAKER IMPLANT W CC,"$97,807.00 "
Cardiovascular Services,244,PERMANENT CARDIAC PACEMAKER IMPLANT W/O CC/MCC,"$73,804.47 "
Cardiovascular Services,245,AICD GENERATOR PROCEDURES,"$175,661.22 "
Cardiovascular Services,246,PERCUTANEOUS CARDIOVASCULAR PROCEDURES W DRUG-ELUTING STENT W MCC OR 4+ ARTERIES OR STENTS,"$98,976.83 "
Cardiovascular Services,247,PERC CARDIOVASC PROC W DRUG-ELUTING STENT W/O MCC,"$69,027.23 "
Cardiovascular Services,248,PERCUTANEOUS CARDIOVASCULAR PROCEDURES W NON-DRUG-ELUTING STENT W MCC OR 4+ ARTERIES OR STENTS,"$75,815.01 "
Cardiovascular Services,249,PERC CARDIOVASC PROC W NON-DRUG-ELUTING STENT W/O MCC,"$62,197.60 "
Cardiovascular Services,250,PERC CARDIOVASC PROC W/O CORONARY ARTERY STENT W MCC,"$60,452.14 "
Cardiovascular Services,251,PERC CARDIOVASC PROC W/O CORONARY ARTERY STENT W/O MCC,"$56,891.00 "
Cardiovascular Services,252,OTHER VASCULAR PROCEDURES W MCC,"$113,897.08 "
Cardiovascular Services,253,OTHER VASCULAR PROCEDURES W CC,"$94,844.63 "
Cardiovascular Services,254,OTHER VASCULAR PROCEDURES W/O CC/MCC,"$69,979.00 "
Cardiovascular Services,255,UPPER LIMB & TOE AMPUTATION FOR CIRC SYSTEM DISORDERS W MCC,"$52,520.01 "
Cardiovascular Services,256,UPPER LIMB & TOE AMPUTATION FOR CIRC SYSTEM DISORDERS W CC,"$57,763.07 "
Cardiovascular Services,258,CARDIAC PACEMAKER DEVICE REPLACEMENT W MCC,"$203,519.50 "
Cardiovascular Services,259,CARDIAC PACEMAKER DEVICE REPLACEMENT W/O MCC,"$134,836.91 "
Cardiovascular Services,260,CARDIAC PACEMAKER REVISION EXCEPT DEVICE REPLACEMENT W MCC,"$79,499.92 "
Cardiovascular Services,261,CARDIAC PACEMAKER REVISION EXCEPT DEVICE REPLACEMENT W CC,"$78,396.00 "
Cardiovascular Services,262,CARDIAC PACEMAKER REVISION EXCEPT DEVICE REPLACEMENT W/O CC/MCC,"$77,832.32 "
Cardiovascular Services,263,VEIN LIGATION & STRIPPING,"$67,060.69 "
Cardiovascular Services,264,OTHER CIRCULATORY SYSTEM O.R. PROCEDURES,"$85,429.36 "
Cardiovascular Services,265,AICD LEAD PROCEDURES,"$97,557.24 "
Cardiovascular Services,280,"ACUTE MYOCARDIAL INFARCTION, DISCHARGED ALIVE W MCC","$52,598.15 "
Cardiovascular Services,281,"ACUTE MYOCARDIAL INFARCTION, DISCHARGED ALIVE W CC","$33,603.13 "
Cardiovascular Services,282,"ACUTE MYOCARDIAL INFARCTION, DISCHARGED ALIVE W/O CC/MCC","$25,884.58 "
Cardiovascular Services,283,"ACUTE MYOCARDIAL INFARCTION, EXPIRED W MCC","$83,517.52 "
Cardiovascular Services,284,"ACUTE MYOCARDIAL INFARCTION, EXPIRED W CC","$22,991.08 "
Cardiovascular Services,285,"ACUTE MYOCARDIAL INFARCTION, EXPIRED W/O CC/MCC","$17,131.04 "
Cardiovascular Services,286,"CIRCULATORY DISORDERS EXCEPT AMI, W CARD CATH W MCC","$64,137.81 "
Cardiovascular Services,287,"CIRCULATORY DISORDERS EXCEPT AMI, W CARD CATH W/O MCC","$34,216.69 "
Cardiovascular Services,288,ACUTE & SUBACUTE ENDOCARDITIS W MCC,"$126,289.14 "
Cardiovascular Services,289,ACUTE & SUBACUTE ENDOCARDITIS W CC,"$23,904.82 "
Cardiovascular Services,290,ACUTE & SUBACUTE ENDOCARDITIS W/O CC/MCC,"$25,889.99 "
Cardiovascular Services,291,HEART FAILURE & SHOCK W MCC,"$45,759.26 "
Cardiovascular Services,292,HEART FAILURE & SHOCK W CC,"$29,373.15 "
Cardiovascular Services,293,HEART FAILURE & SHOCK W/O CC/MCC,"$19,831.68 "
Cardiovascular Services,294,DEEP VEIN THROMBOPHLEBITIS W CC/MCC, 
Cardiovascular Services,296,"CARDIAC ARREST, UNEXPLAINED W MCC","$46,257.28 "
Cardiovascular Services,297,"CARDIAC ARREST, UNEXPLAINED W CC","$18,332.62 "
Cardiovascular Services,299,PERIPHERAL VASCULAR DISORDERS W MCC,"$40,859.95 "
Cardiovascular Services,300,PERIPHERAL VASCULAR DISORDERS W CC,"$38,007.47 "
Cardiovascular Services,301,PERIPHERAL VASCULAR DISORDERS W/O CC/MCC,"$23,373.94 "
Cardiovascular Services,302,ATHEROSCLEROSIS W MCC,"$29,630.58 "
Cardiovascular Services,303,ATHEROSCLEROSIS W/O MCC,"$25,063.50 "
Cardiovascular Services,304,HYPERTENSION W MCC,"$50,441.33 "
Cardiovascular Services,305,HYPERTENSION W/O MCC,"$27,645.04 "
Cardiovascular Services,306,CARDIAC CONGENITAL & VALVULAR DISORDERS W MCC,"$49,142.01 "
Cardiovascular Services,307,CARDIAC CONGENITAL & VALVULAR DISORDERS W/O MCC,"$33,057.96 "
Cardiovascular Services,308,CARDIAC ARRHYTHMIA & CONDUCTION DISORDERS W MCC,"$45,433.80 "
Cardiovascular Services,309,CARDIAC ARRHYTHMIA & CONDUCTION DISORDERS W CC,"$28,034.07 "
Cardiovascular Services,310,CARDIAC ARRHYTHMIA & CONDUCTION DISORDERS W/O CC/MCC,"$16,387.14 "
Cardiovascular Services,311,ANGINA PECTORIS,"$23,577.45 "
Cardiovascular Services,312,SYNCOPE & COLLAPSE,"$27,505.88 "
Cardiovascular Services,313,CHEST PAIN,"$23,584.99 "
Cardiovascular Services,314,OTHER CIRCULATORY SYSTEM DIAGNOSES W MCC,"$60,317.46 "
Cardiovascular Services,315,OTHER CIRCULATORY SYSTEM DIAGNOSES W CC,"$29,453.32 "
Cardiovascular Services,316,OTHER CIRCULATORY SYSTEM DIAGNOSES W/O CC/MCC,"$25,138.66 "
Surgical,326,"STOMACH, ESOPHAGEAL & DUODENAL PROC W MCC","$255,806.03 "
Surgical,327,"STOMACH, ESOPHAGEAL & DUODENAL PROC W CC","$93,928.13 "
Surgical,328,"STOMACH, ESOPHAGEAL & DUODENAL PROC W/O CC/MCC","$44,300.38 "
Surgical,329,MAJOR SMALL & LARGE BOWEL PROCEDURES W MCC,"$159,244.57 "
Surgical,330,MAJOR SMALL & LARGE BOWEL PROCEDURES W CC,"$91,407.91 "
Surgical,331,MAJOR SMALL & LARGE BOWEL PROCEDURES W/O CC/MCC,"$64,540.52 "
Surgical,333,RECTAL RESECTION W CC,"$60,152.23 "
Surgical,334,RECTAL RESECTION W/O CC/MCC,"$31,964.17 "
Surgical,335,PERITONEAL ADHESIOLYSIS W MCC,"$109,706.59 "
Surgical,336,PERITONEAL ADHESIOLYSIS W CC,"$77,783.13 "
Surgical,337,PERITONEAL ADHESIOLYSIS W/O CC/MCC,"$59,257.51 "
Surgical,338,APPENDECTOMY W COMPLICATED PRINCIPAL DIAG W MCC,"$53,286.60 "
Surgical,339,APPENDECTOMY W COMPLICATED PRINCIPAL DIAG W CC,"$52,924.62 "
Surgical,340,APPENDECTOMY W COMPLICATED PRINCIPAL DIAG W/O CC/MCC,"$38,568.69 "
Surgical,341,APPENDECTOMY W/O COMPLICATED PRINCIPAL DIAG W MCC,"$49,497.46 "
Surgical,342,APPENDECTOMY W/O COMPLICATED PRINCIPAL DIAG W CC,"$57,753.30 "
Surgical,343,APPENDECTOMY W/O COMPLICATED PRINCIPAL DIAG W/O CC/MCC,"$29,645.54 "
Surgical,344,MINOR SMALL & LARGE BOWEL PROCEDURES W MCC,"$105,024.82 "
Surgical,345,MINOR SMALL & LARGE BOWEL PROCEDURES W CC,"$59,406.78 "
Surgical,346,MINOR SMALL & LARGE BOWEL PROCEDURES W/O CC/MCC,"$45,390.11 "
Surgical,347,ANAL & STOMAL PROCEDURES W MCC,"$36,434.75 "
Surgical,348,ANAL & STOMAL PROCEDURES W CC,"$46,200.95 "
Surgical,349,ANAL & STOMAL PROCEDURES W/O CC/MCC,"$36,367.37 "
Surgical,350,INGUINAL & FEMORAL HERNIA PROCEDURES W MCC,"$122,981.07 "
Surgical,351,INGUINAL & FEMORAL HERNIA PROCEDURES W CC,"$44,481.35 "
Surgical,352,INGUINAL & FEMORAL HERNIA PROCEDURES W/O CC/MCC,"$24,963.85 "
Surgical,353,HERNIA PROCEDURES EXCEPT INGUINAL & FEMORAL W MCC,"$116,559.16 "
Surgical,354,HERNIA PROCEDURES EXCEPT INGUINAL & FEMORAL W CC,"$93,423.96 "
Surgical,355,HERNIA PROCEDURES EXCEPT INGUINAL & FEMORAL W/O CC/MCC,"$70,970.21 "
Surgical,356,OTHER DIGESTIVE SYSTEM O.R. PROCEDURES W MCC,"$133,564.13 "
Surgical,357,OTHER DIGESTIVE SYSTEM O.R. PROCEDURES W CC,"$119,411.52 "
Surgical,358,OTHER DIGESTIVE SYSTEM O.R. PROCEDURES W/O CC/MCC,"$128,641.81 "
Medical,368,MAJOR ESOPHAGEAL DISORDERS W MCC,"$119,257.51 "
Medical,369,MAJOR ESOPHAGEAL DISORDERS W CC,"$30,457.17 "
Medical,370,MAJOR ESOPHAGEAL DISORDERS W/O CC/MCC,"$24,991.73 "
Medical,371,MAJOR GASTROINTESTINAL DISORDERS & PERITONEAL INFECTIONS W MCC,"$64,272.15 "
Medical,372,MAJOR GASTROINTESTINAL DISORDERS & PERITONEAL INFECTIONS W CC,"$43,294.34 "
Medical,373,MAJOR GASTROINTESTINAL DISORDERS & PERITONEAL INFECTIONS W/O CC/MCC,"$22,728.43 "
Oncology,374,DIGESTIVE MALIGNANCY W MCC,"$76,659.18 "
Oncology,375,DIGESTIVE MALIGNANCY W CC,"$35,843.95 "
Oncology,376,DIGESTIVE MALIGNANCY W/O CC/MCC,"$35,547.24 "
Medical,377,G.I. HEMORRHAGE W MCC,"$64,796.29 "
Medical,378,G.I. HEMORRHAGE W CC,"$36,072.71 "
Medical,379,G.I. HEMORRHAGE W/O CC/MCC,"$21,289.01 "
Medical,380,COMPLICATED PEPTIC ULCER W MCC,"$72,981.64 "
Medical,381,COMPLICATED PEPTIC ULCER W CC,"$36,144.62 "
Medical,382,COMPLICATED PEPTIC ULCER W/O CC/MCC,"$24,857.07 "
Medical,383,UNCOMPLICATED PEPTIC ULCER W MCC,"$34,646.16 "
Medical,384,UNCOMPLICATED PEPTIC ULCER W/O MCC,"$29,381.87 "
Medical,385,INFLAMMATORY BOWEL DISEASE W MCC,"$38,828.69 "
Medical,386,INFLAMMATORY BOWEL DISEASE W CC,"$25,376.36 "
Medical,387,INFLAMMATORY BOWEL DISEASE W/O CC/MCC,"$18,568.94 "
Medical,388,G.I. OBSTRUCTION W MCC,"$62,562.01 "
Medical,389,G.I. OBSTRUCTION W CC,"$25,718.84 "
Medical,390,G.I. OBSTRUCTION W/O CC/MCC,"$19,640.24 "
Medical,391,"ESOPHAGITIS, GASTROENT & MISC DIGEST DISORDERS W MCC","$36,711.57 "
Medical,392,"ESOPHAGITIS, GASTROENT & MISC DIGEST DISORDERS W/O MCC","$20,775.40 "
Medical,393,OTHER DIGESTIVE SYSTEM DIAGNOSES W MCC,"$57,791.70 "
Medical,394,OTHER DIGESTIVE SYSTEM DIAGNOSES W CC,"$30,496.88 "
Medical,395,OTHER DIGESTIVE SYSTEM DIAGNOSES W/O CC/MCC,"$19,501.82 "
Surgical,405,"PANCREAS, LIVER & SHUNT PROCEDURES W MCC","$216,321.38 "
Surgical,406,"PANCREAS, LIVER & SHUNT PROCEDURES W CC","$123,929.60 "
Surgical,408,BILIARY TRACT PROC EXCEPT ONLY CHOLECYST W OR W/O C.D.E. W MCC,"$173,361.47 "
Surgical,409,BILIARY TRACT PROC EXCEPT ONLY CHOLECYST W OR W/O C.D.E. W CC,"$136,605.48 "
Surgical,410,BILIARY TRACT PROC EXCEPT ONLY CHOLECYST W OR W/O C.D.E. W/O CC/MCC, 
Surgical,411,CHOLECYSTECTOMY W C.D.E. W MCC,"$117,759.04 "
Surgical,414,CHOLECYSTECTOMY EXCEPT BY LAPAROSCOPE W/O C.D.E. W MCC,"$105,868.46 "
Surgical,415,CHOLECYSTECTOMY EXCEPT BY LAPAROSCOPE W/O C.D.E. W CC,"$111,845.73 "
Surgical,416,CHOLECYSTECTOMY EXCEPT BY LAPAROSCOPE W/O C.D.E. W/O CC/MCC, 
Surgical,417,LAPAROSCOPIC CHOLECYSTECTOMY W/O C.D.E. W MCC,"$66,940.34 "
Surgical,418,LAPAROSCOPIC CHOLECYSTECTOMY W/O C.D.E. W CC,"$54,227.73 "
Surgical,419,LAPAROSCOPIC CHOLECYSTECTOMY W/O C.D.E. W/O CC/MCC,"$38,791.84 "
Oncology,420,HEPATOBILIARY DIAGNOSTIC PROCEDURES W MCC,"$59,541.32 "
Surgical,421,HEPATOBILIARY DIAGNOSTIC PROCEDURES W CC,"$72,664.03 "
Surgical,423,OTHER HEPATOBILIARY OR PANCREAS O.R. PROCEDURES W MCC,"$135,363.85 "
Surgical,424,OTHER HEPATOBILIARY OR PANCREAS O.R. PROCEDURES W CC,"$84,396.25 "
Surgical,425,OTHER HEPATOBILIARY OR PANCREAS O.R. PROCEDURES W/O CC/MCC, 
Medical,432,CIRRHOSIS & ALCOHOLIC HEPATITIS W MCC,"$59,107.94 "
Medical,433,CIRRHOSIS & ALCOHOLIC HEPATITIS W CC,"$34,577.24 "
Medical,434,CIRRHOSIS & ALCOHOLIC HEPATITIS W/O CC/MCC,"$23,554.37 "
Oncology,435,MALIGNANCY OF HEPATOBILIARY SYSTEM OR PANCREAS W MCC,"$68,471.98 "
Oncology,436,MALIGNANCY OF HEPATOBILIARY SYSTEM OR PANCREAS W CC,"$50,634.44 "
Oncology,437,MALIGNANCY OF HEPATOBILIARY SYSTEM OR PANCREAS W/O CC/MCC,"$78,463.15 "
Medical,438,DISORDERS OF PANCREAS EXCEPT MALIGNANCY W MCC,"$50,692.46 "
Medical,439,DISORDERS OF PANCREAS EXCEPT MALIGNANCY W CC,"$28,335.58 "
Medical,440,DISORDERS OF PANCREAS EXCEPT MALIGNANCY W/O CC/MCC,"$19,741.67 "
Medical,441,"DISORDERS OF LIVER EXCEPT MALIG,CIRR,ALC HEPA W MCC","$52,434.32 "
Medical,442,"DISORDERS OF LIVER EXCEPT MALIG,CIRR,ALC HEPA W CC","$30,524.42 "
Medical,443,"DISORDERS OF LIVER EXCEPT MALIG,CIRR,ALC HEPA W/O CC/MCC","$21,943.67 "
Medical,444,DISORDERS OF THE BILIARY TRACT W MCC,"$46,994.20 "
Medical,445,DISORDERS OF THE BILIARY TRACT W CC,"$41,335.58 "
Medical,446,DISORDERS OF THE BILIARY TRACT W/O CC/MCC,"$35,971.93 "
Neurosciences,453,COMBINED ANTERIOR/POSTERIOR SPINAL FUSION W MCC,"$255,081.50 "
Neurosciences,454,COMBINED ANTERIOR/POSTERIOR SPINAL FUSION W CC,"$256,136.17 "
Neurosciences,455,COMBINED ANTERIOR/POSTERIOR SPINAL FUSION W/O CC/MCC,"$216,990.34 "
Neurosciences,456,SPINAL FUS EXC CERV W SPINAL CURV/MALIG/INFEC OR EXT FUS W MCC,"$309,226.47 "
Neurosciences,457,SPINAL FUS EXC CERV W SPINAL CURV/MALIG/INFEC OR EXT FUS W CC,"$290,087.15 "
Neurosciences,458,SPINAL FUS EXC CERV W SPINAL CURV/MALIG/INFEC OR EXT FUS W/O CC/MCC,"$234,054.05 "
Neurosciences,459,SPINAL FUSION EXCEPT CERVICAL W MCC,"$230,379.59 "
Neurosciences,460,SPINAL FUSION EXCEPT CERVICAL W/O MCC,"$147,675.43 "
Orthopedics,461,BILATERAL OR MULTIPLE MAJOR JOINT PROCS OF LOWER EXTREMITY W MCC,"$135,914.98 "
Orthopedics,462,BILATERAL OR MULTIPLE MAJOR JOINT PROCS OF LOWER EXTREMITY W/O MCC,"$122,286.50 "
Orthopedics,463,"WND DEBRID & SKN GRFT EXC HAND, FOR MUSCULO-CONN TISS DIS W MCC","$189,228.08 "
Orthopedics,464,"WND DEBRID & SKN GRFT EXC HAND, FOR MUSCULO-CONN TISS DIS W CC","$85,415.23 "
Orthopedics,465,"WND DEBRID & SKN GRFT EXC HAND, FOR MUSCULO-CONN TISS DIS W/O CC/MCC","$51,770.50 "
Orthopedics,466,REVISION OF HIP OR KNEE REPLACEMENT W MCC,"$184,668.15 "
Orthopedics,467,REVISION OF HIP OR KNEE REPLACEMENT W CC,"$150,693.62 "
Orthopedics,468,REVISION OF HIP OR KNEE REPLACEMENT W/O CC/MCC,"$117,423.31 "
Orthopedics,469,MAJOR HIP AND KNEE JOINT REPLACEMENT OR REATTACHMENT OF LOWER EXTREMITY W MCC OR TOTAL ANKLE REPLACEMENT,"$104,951.54 "
Orthopedics,470,MAJOR HIP AND KNEE JOINT REPLACEMENT OR REATTACHMENT OF LOWER EXTREMITY W/O MCC,"$70,000.81 "
Neurosciences,471,CERVICAL SPINAL FUSION W MCC,"$161,258.21 "
Neurosciences,472,CERVICAL SPINAL FUSION W CC,"$96,942.94 "
Neurosciences,473,CERVICAL SPINAL FUSION W/O CC/MCC,"$77,706.07 "
Orthopedics,474,AMPUTATION FOR MUSCULOSKELETAL SYS & CONN TISSUE DIS W MCC,"$76,972.08 "
Orthopedics,475,AMPUTATION FOR MUSCULOSKELETAL SYS & CONN TISSUE DIS W CC,"$38,119.79 "
Orthopedics,476,AMPUTATION FOR MUSCULOSKELETAL SYS & CONN TISSUE DIS W/O CC/MCC,"$30,747.20 "
Orthopedics,477,BIOPSIES OF MUSCULOSKELETAL SYSTEM & CONNECTIVE TISSUE W MCC,"$95,022.62 "
Orthopedics,478,BIOPSIES OF MUSCULOSKELETAL SYSTEM & CONNECTIVE TISSUE W CC,"$76,471.58 "
Orthopedics,479,BIOPSIES OF MUSCULOSKELETAL SYSTEM & CONNECTIVE TISSUE W/O CC/MCC,"$48,931.72 "
Orthopedics,480,HIP & FEMUR PROCEDURES EXCEPT MAJOR JOINT W MCC,"$94,001.34 "
Orthopedics,481,HIP & FEMUR PROCEDURES EXCEPT MAJOR JOINT W CC,"$67,219.75 "
Orthopedics,482,HIP & FEMUR PROCEDURES EXCEPT MAJOR JOINT W/O CC/MCC,"$52,342.00 "
Orthopedics,483,MAJOR JOINT/LIMB REATTACHMENT PROCEDURE OF UPPER EXTREMITIES,"$86,749.92 "
Orthopedics,485,KNEE PROCEDURES W PDX OF INFECTION W MCC,"$201,917.23 "
Orthopedics,486,KNEE PROCEDURES W PDX OF INFECTION W CC,"$89,941.50 "
Orthopedics,487,KNEE PROCEDURES W PDX OF INFECTION W/O CC/MCC,"$32,243.49 "
Orthopedics,488,KNEE PROCEDURES W/O PDX OF INFECTION W CC/MCC,"$76,468.82 "
Orthopedics,489,KNEE PROCEDURES W/O PDX OF INFECTION W/O CC/MCC,"$37,540.48 "
Orthopedics,492,"LOWER EXTREM & HUMER PROC EXCEPT HIP,FOOT,FEMUR W MCC","$105,137.91 "
Orthopedics,493,"LOWER EXTREM & HUMER PROC EXCEPT HIP,FOOT,FEMUR W CC","$67,043.77 "
Orthopedics,494,"LOWER EXTREM & HUMER PROC EXCEPT HIP,FOOT,FEMUR W/O CC/MCC","$49,746.27 "
Orthopedics,495,LOCAL EXCISION & REMOVAL INT FIX DEVICES EXC HIP & FEMUR W MCC,"$64,122.58 "
Orthopedics,496,LOCAL EXCISION & REMOVAL INT FIX DEVICES EXC HIP & FEMUR W CC,"$61,177.06 "
Orthopedics,497,LOCAL EXCISION & REMOVAL INT FIX DEVICES EXC HIP & FEMUR W/O CC/MCC,"$33,117.80 "
Orthopedics,498,LOCAL EXCISION & REMOVAL INT FIX DEVICES OF HIP & FEMUR W CC/MCC,"$29,792.98 "
Orthopedics,499,LOCAL EXCISION & REMOVAL INT FIX DEVICES OF HIP & FEMUR W/O CC/MCC,"$51,604.94 "
Orthopedics,500,SOFT TISSUE PROCEDURES W MCC,"$76,293.23 "
Orthopedics,501,SOFT TISSUE PROCEDURES W CC,"$64,407.35 "
Orthopedics,502,SOFT TISSUE PROCEDURES W/O CC/MCC,"$32,938.14 "
Orthopedics,503,FOOT PROCEDURES W MCC,"$94,202.57 "
Orthopedics,504,FOOT PROCEDURES W CC,"$57,333.49 "
Orthopedics,505,FOOT PROCEDURES W/O CC/MCC,"$32,338.86 "
Orthopedics,506,MAJOR THUMB OR JOINT PROCEDURES,"$22,100.94 "
Orthopedics,507,MAJOR SHOULDER OR ELBOW JOINT PROCEDURES W CC/MCC,"$38,589.48 "
Orthopedics,508,MAJOR SHOULDER OR ELBOW JOINT PROCEDURES W/O CC/MCC,"$26,610.61 "
Orthopedics,509,ARTHROSCOPY,"$38,391.86 "
Orthopedics,510,"SHOULDER,ELBOW OR FOREARM PROC,EXC MAJOR JOINT PROC W MCC","$104,708.64 "
Orthopedics,511,"SHOULDER,ELBOW OR FOREARM PROC,EXC MAJOR JOINT PROC W CC","$64,545.44 "
Orthopedics,512,"SHOULDER,ELBOW OR FOREARM PROC,EXC MAJOR JOINT PROC W/O CC/MCC","$40,516.27 "
Orthopedics,513,"HAND OR WRIST PROC, EXCEPT MAJOR THUMB OR JOINT PROC W CC/MCC","$39,811.22 "
Orthopedics,514,"HAND OR WRIST PROC, EXCEPT MAJOR THUMB OR JOINT PROC W/O CC/MCC","$23,975.26 "
Orthopedics,515,OTHER MUSCULOSKELET SYS & CONN TISS O.R. PROC W MCC,"$98,422.73 "
Orthopedics,516,OTHER MUSCULOSKELET SYS & CONN TISS O.R. PROC W CC,"$74,868.46 "
Orthopedics,517,OTHER MUSCULOSKELET SYS & CONN TISS O.R. PROC W/O CC/MCC,"$48,207.39 "
Orthopedics,533,FRACTURES OF FEMUR W MCC,"$32,939.90 "
Orthopedics,534,FRACTURES OF FEMUR W/O MCC,"$20,278.32 "
Orthopedics,535,FRACTURES OF HIP & PELVIS W MCC,"$34,306.08 "
Orthopedics,536,FRACTURES OF HIP & PELVIS W/O MCC,"$19,969.14 "
Orthopedics,537,"SPRAINS, STRAINS, & DISLOCATIONS OF HIP, PELVIS & THIGH W CC/MCC","$23,364.29 "
Orthopedics,538,"SPRAINS, STRAINS, & DISLOCATIONS OF HIP, PELVIS & THIGH W/O CC/MCC","$24,265.60 "
Orthopedics,539,OSTEOMYELITIS W MCC,"$53,738.00 "
Orthopedics,540,OSTEOMYELITIS W CC,"$46,577.00 "
Orthopedics,541,OSTEOMYELITIS W/O CC/MCC,"$25,202.60 "
Oncology,542,PATHOLOGICAL FRACTURES & MUSCULOSKELET & CONN TISS MALIG W MCC,"$81,336.57 "
Oncology,543,PATHOLOGICAL FRACTURES & MUSCULOSKELET & CONN TISS MALIG W CC,"$44,838.37 "
Oncology,544,PATHOLOGICAL FRACTURES & MUSCULOSKELET & CONN TISS MALIG W/O CC/MCC,"$32,766.43 "
Medical,545,CONNECTIVE TISSUE DISORDERS W MCC,"$231,801.19 "
Medical,546,CONNECTIVE TISSUE DISORDERS W CC,"$37,866.49 "
Medical,547,CONNECTIVE TISSUE DISORDERS W/O CC/MCC,"$28,302.29 "
Medical,548,SEPTIC ARTHRITIS W MCC,"$249,729.24 "
Medical,549,SEPTIC ARTHRITIS W CC,"$52,589.54 "
Medical,550,SEPTIC ARTHRITIS W/O CC/MCC,"$27,394.87 "
Neurosciences,551,MEDICAL BACK PROBLEMS W MCC,"$44,384.11 "
Neurosciences,552,MEDICAL BACK PROBLEMS W/O MCC,"$31,163.08 "
Orthopedics,553,BONE DISEASES & ARTHROPATHIES W MCC,"$28,276.11 "
Orthopedics,554,BONE DISEASES & ARTHROPATHIES W/O MCC,"$25,794.31 "
Orthopedics,555,SIGNS & SYMPTOMS OF MUSCULOSKELETAL SYSTEM & CONN TISSUE W MCC,"$44,204.36 "
Orthopedics,556,SIGNS & SYMPTOMS OF MUSCULOSKELETAL SYSTEM & CONN TISSUE W/O MCC,"$28,041.08 "
Orthopedics,557,"TENDONITIS, MYOSITIS & BURSITIS W MCC","$46,717.96 "
Orthopedics,558,"TENDONITIS, MYOSITIS & BURSITIS W/O MCC","$19,071.76 "
Orthopedics,559,"AFTERCARE, MUSCULOSKELETAL SYSTEM & CONNECTIVE TISSUE W MCC","$70,971.33 "
Orthopedics,560,"AFTERCARE, MUSCULOSKELETAL SYSTEM & CONNECTIVE TISSUE W CC","$34,795.04 "
Orthopedics,561,"AFTERCARE, MUSCULOSKELETAL SYSTEM & CONNECTIVE TISSUE W/O CC/MCC","$13,642.97 "
Orthopedics,562,"FX, SPRN, STRN & DISL EXCEPT FEMUR, HIP, PELVIS & THIGH W MCC","$46,559.10 "
Orthopedics,563,"FX, SPRN, STRN & DISL EXCEPT FEMUR, HIP, PELVIS & THIGH W/O MCC","$20,980.53 "
Orthopedics,564,OTHER MUSCULOSKELETAL SYS & CONNECTIVE TISSUE DIAGNOSES W MCC,"$37,830.92 "
Orthopedics,565,OTHER MUSCULOSKELETAL SYS & CONNECTIVE TISSUE DIAGNOSES W CC,"$34,862.91 "
Orthopedics,566,OTHER MUSCULOSKELETAL SYS & CONNECTIVE TISSUE DIAGNOSES W/O CC/MCC,"$38,616.83 "
Surgical,573,SKIN GRAFT FOR SKIN ULCER OR CELLULITIS W MCC, 
Surgical,574,SKIN GRAFT FOR SKIN ULCER OR CELLULITIS W CC,"$32,270.94 "
Surgical,577,SKIN GRAFT EXC FOR SKIN ULCER OR CELLULITIS W CC,"$56,616.47 "
Surgical,578,SKIN GRAFT EXC FOR SKIN ULCER OR CELLULITIS W/O CC/MCC,"$28,670.28 "
Surgical,579,"OTHER SKIN, SUBCUT TISS & BREAST PROC W MCC","$74,420.78 "
Surgical,580,"OTHER SKIN, SUBCUT TISS & BREAST PROC W CC","$43,748.03 "
Surgical,581,"OTHER SKIN, SUBCUT TISS & BREAST PROC W/O CC/MCC","$29,259.21 "
Oncology,582,MASTECTOMY FOR MALIGNANCY W CC/MCC,"$62,214.28 "
Oncology,583,MASTECTOMY FOR MALIGNANCY W/O CC/MCC,"$35,967.61 "
Oncology,584,"BREAST BIOPSY, LOCAL EXCISION & OTHER BREAST PROCEDURES W CC/MCC","$65,862.40 "
Oncology,585,"BREAST BIOPSY, LOCAL EXCISION & OTHER BREAST PROCEDURES W/O CC/MCC","$50,220.31 "
Medical,592,SKIN ULCERS W MCC,"$42,736.16 "
Medical,593,SKIN ULCERS W CC,"$32,474.65 "
Medical,594,SKIN ULCERS W/O CC/MCC,"$31,256.37 "
Medical,595,MAJOR SKIN DISORDERS W MCC,"$34,735.93 "
Medical,596,MAJOR SKIN DISORDERS W/O MCC,"$23,262.39 "
Oncology,597,MALIGNANT BREAST DISORDERS W MCC,"$48,644.16 "
Oncology,598,MALIGNANT BREAST DISORDERS W CC,"$49,583.24 "
Medical,600,NON-MALIGNANT BREAST DISORDERS W CC/MCC,"$19,405.96 "
Medical,601,NON-MALIGNANT BREAST DISORDERS W/O CC/MCC,"$10,854.72 "
Medical,602,CELLULITIS W MCC,"$45,274.81 "
Medical,603,CELLULITIS W/O MCC,"$21,466.54 "
Medical,604,"TRAUMA TO THE SKIN, SUBCUT TISS & BREAST W MCC","$36,577.86 "
Medical,605,"TRAUMA TO THE SKIN, SUBCUT TISS & BREAST W/O MCC","$26,535.81 "
Medical,606,MINOR SKIN DISORDERS W MCC,"$24,179.60 "
Medical,607,MINOR SKIN DISORDERS W/O MCC,"$18,174.27 "
Surgical,614,ADRENAL & PITUITARY PROCEDURES W CC/MCC,"$101,769.89 "
Surgical,615,ADRENAL & PITUITARY PROCEDURES W/O CC/MCC,"$68,045.27 "
Surgical,616,"AMPUTAT OF LOWER LIMB FOR ENDOCRINE,NUTRIT,& METABOL DIS W MCC","$142,366.11 "
Surgical,617,"AMPUTAT OF LOWER LIMB FOR ENDOCRINE,NUTRIT,& METABOL DIS W CC","$71,056.95 "
Surgical,618,"AMPUTAT OF LOWER LIMB FOR ENDOCRINE,NUTRIT,& METABOL DIS W/O CC/MCC", 
Surgical,619,O.R. PROCEDURES FOR OBESITY W MCC,"$63,046.64 "
Surgical,620,O.R. PROCEDURES FOR OBESITY W CC,"$62,077.79 "
Surgical,621,O.R. PROCEDURES FOR OBESITY W/O CC/MCC,"$64,014.59 "
Surgical,622,"SKIN GRAFTS & WOUND DEBRID FOR ENDOC, NUTRIT & METAB DIS W MCC","$113,971.65 "
Surgical,623,"SKIN GRAFTS & WOUND DEBRID FOR ENDOC, NUTRIT & METAB DIS W CC","$64,966.17 "
Surgical,624,"SKIN GRAFTS & WOUND DEBRID FOR ENDOC, NUTRIT & METAB DIS W/O CC/MCC", 
Surgical,625,"THYROID, PARATHYROID & THYROGLOSSAL PROCEDURES W MCC", 
Surgical,626,"THYROID, PARATHYROID & THYROGLOSSAL PROCEDURES W CC","$28,504.19 "
Surgical,627,"THYROID, PARATHYROID & THYROGLOSSAL PROCEDURES W/O CC/MCC","$32,188.61 "
Surgical,628,"OTHER ENDOCRINE, NUTRIT & METAB O.R. PROC W MCC","$172,920.09 "
Surgical,629,"OTHER ENDOCRINE, NUTRIT & METAB O.R. PROC W CC","$61,275.47 "
Surgical,630,"OTHER ENDOCRINE, NUTRIT & METAB O.R. PROC W/O CC/MCC","$31,744.89 "
Medical,637,DIABETES W MCC,"$44,842.97 "
Medical,638,DIABETES W CC,"$27,761.24 "
Medical,639,DIABETES W/O CC/MCC,"$16,420.51 "
Medical,640,"MISC DISORDERS OF NUTRITION,METABOLISM,FLUIDS/ELECTROLYTES W MCC","$45,215.64 "
Medical,641,"MISC DISORDERS OF NUTRITION,METABOLISM,FLUIDS/ELECTROLYTES W/O MCC","$22,775.73 "
Medical,642,INBORN AND OTHER DISORDERS OF METABOLISM,"$25,731.90 "
Medical,643,ENDOCRINE DISORDERS W MCC,"$59,853.42 "
Medical,644,ENDOCRINE DISORDERS W CC,"$31,652.38 "
Medical,645,ENDOCRINE DISORDERS W/O CC/MCC,"$20,578.92 "
Surgical,653,MAJOR BLADDER PROCEDURES W MCC,"$225,117.50 "
Surgical,654,MAJOR BLADDER PROCEDURES W CC,"$126,277.20 "
Surgical,655,MAJOR BLADDER PROCEDURES W/O CC/MCC,"$52,260.44 "
Surgical,656,KIDNEY & URETER PROCEDURES FOR NEOPLASM W MCC,"$162,452.88 "
Surgical,657,KIDNEY & URETER PROCEDURES FOR NEOPLASM W CC,"$70,461.94 "
Surgical,658,KIDNEY & URETER PROCEDURES FOR NEOPLASM W/O CC/MCC,"$38,023.80 "
Surgical,659,KIDNEY & URETER PROCEDURES FOR NON-NEOPLASM W MCC,"$120,007.68 "
Surgical,660,KIDNEY & URETER PROCEDURES FOR NON-NEOPLASM W CC,"$58,464.94 "
Surgical,661,KIDNEY & URETER PROCEDURES FOR NON-NEOPLASM W/O CC/MCC,"$50,555.22 "
Surgical,662,MINOR BLADDER PROCEDURES W MCC,"$53,138.77 "
Surgical,663,MINOR BLADDER PROCEDURES W CC,"$51,049.41 "
Surgical,664,MINOR BLADDER PROCEDURES W/O CC/MCC,"$40,351.85 "
Surgical,666,PROSTATECTOMY W CC,"$110,481.58 "
Surgical,667,PROSTATECTOMY W/O CC/MCC,"$32,889.33 "
Surgical,668,TRANSURETHRAL PROCEDURES W MCC,"$52,333.36 "
Surgical,669,TRANSURETHRAL PROCEDURES W CC,"$50,565.17 "
Surgical,670,TRANSURETHRAL PROCEDURES W/O CC/MCC,"$42,125.59 "
Surgical,672,URETHRAL PROCEDURES W/O CC/MCC,"$29,906.96 "
Surgical,673,OTHER KIDNEY & URINARY TRACT PROCEDURES W MCC,"$89,192.41 "
Surgical,674,OTHER KIDNEY & URINARY TRACT PROCEDURES W CC,"$64,011.69 "
Surgical,675,OTHER KIDNEY & URINARY TRACT PROCEDURES W/O CC/MCC,"$48,952.74 "
Medical,682,RENAL FAILURE W MCC,"$47,135.14 "
Medical,683,RENAL FAILURE W CC,"$30,401.49 "
Medical,684,RENAL FAILURE W/O CC/MCC,"$19,260.48 "
Surgical,686,KIDNEY & URINARY TRACT NEOPLASMS W MCC,"$71,260.63 "
Surgical,687,KIDNEY & URINARY TRACT NEOPLASMS W CC,"$40,098.64 "
Surgical,689,KIDNEY & URINARY TRACT INFECTIONS W MCC,"$37,962.11 "
Surgical,690,KIDNEY & URINARY TRACT INFECTIONS W/O MCC,"$24,862.88 "
Surgical,691,URINARY STONES W ESW LITHOTRIPSY W CC/MCC,"$45,645.11 "
Surgical,692,URINARY STONES W ESW LITHOTRIPSY W/O CC/MCC,"$33,068.06 "
Surgical,693,URINARY STONES W/O ESW LITHOTRIPSY W MCC,"$50,895.98 "
Surgical,694,URINARY STONES W/O ESW LITHOTRIPSY W/O MCC,"$26,467.45 "
Surgical,695,KIDNEY & URINARY TRACT SIGNS & SYMPTOMS W MCC,"$28,603.53 "
Surgical,696,KIDNEY & URINARY TRACT SIGNS & SYMPTOMS W/O MCC,"$19,323.40 "
Surgical,697,URETHRAL STRICTURE,"$32,241.84 "
Surgical,698,OTHER KIDNEY & URINARY TRACT DIAGNOSES W MCC,"$51,412.91 "
Surgical,699,OTHER KIDNEY & URINARY TRACT DIAGNOSES W CC,"$29,238.03 "
Surgical,700,OTHER KIDNEY & URINARY TRACT DIAGNOSES W/O CC/MCC,"$17,298.16 "
Surgical,707,MAJOR MALE PELVIC PROCEDURES W CC/MCC,"$107,852.03 "
Surgical,708,MAJOR MALE PELVIC PROCEDURES W/O CC/MCC,"$100,145.13 "
Surgical,709,PENIS PROCEDURES W CC/MCC,"$94,171.44 "
Surgical,710,PENIS PROCEDURES W/O CC/MCC, 
Oncology,711,TESTES PROCEDURES W CC/MCC,"$51,268.91 "
Surgical,712,TESTES PROCEDURES W/O CC/MCC,"$20,118.24 "
Surgical,713,TRANSURETHRAL PROSTATECTOMY W CC/MCC,"$48,507.01 "
Surgical,714,TRANSURETHRAL PROSTATECTOMY W/O CC/MCC,"$24,453.99 "
Oncology,715,OTHER MALE REPRODUCTIVE SYSTEM O.R. PROC FOR MALIGNANCY W CC/MCC,"$48,347.90 "
Oncology,716,OTHER MALE REPRODUCTIVE SYSTEM O.R. PROC FOR MALIGNANCY W/O CC/MCC,"$70,400.44 "
Surgical,717,OTHER MALE REPRODUCTIVE SYSTEM O.R. PROC EXC MALIGNANCY W CC/MCC,"$121,377.39 "
Surgical,718,OTHER MALE REPRODUCTIVE SYSTEM O.R. PROC EXC MALIGNANCY W/O CC/MCC,"$56,212.46 "
Oncology,722,"MALIGNANCY, MALE REPRODUCTIVE SYSTEM W MCC","$81,048.37 "
Oncology,723,"MALIGNANCY, MALE REPRODUCTIVE SYSTEM W CC","$39,075.30 "
Surgical,725,BENIGN PROSTATIC HYPERTROPHY W MCC,"$38,463.19 "
Surgical,726,BENIGN PROSTATIC HYPERTROPHY W/O MCC,"$21,772.99 "
Surgical,727,INFLAMMATION OF THE MALE REPRODUCTIVE SYSTEM W MCC,"$43,631.86 "
Surgical,728,INFLAMMATION OF THE MALE REPRODUCTIVE SYSTEM W/O MCC,"$23,693.40 "
Surgical,729,OTHER MALE REPRODUCTIVE SYSTEM DIAGNOSES W CC/MCC,"$20,239.91 "
Women & Infants,734,"PELVIC EVISCERATION, RAD HYSTERECTOMY & RAD VULVECTOMY W CC/MCC","$106,746.09 "
Women & Infants,735,"PELVIC EVISCERATION, RAD HYSTERECTOMY & RAD VULVECTOMY W/O CC/MCC","$95,888.90 "
Oncology,736,UTERINE & ADNEXA PROC FOR OVARIAN OR ADNEXAL MALIGNANCY W MCC,"$185,260.44 "
Oncology,737,UTERINE & ADNEXA PROC FOR OVARIAN OR ADNEXAL MALIGNANCY W CC,"$87,626.05 "
Oncology,738,UTERINE & ADNEXA PROC FOR OVARIAN OR ADNEXAL MALIGNANCY W/O CC/MCC,"$81,804.78 "
Oncology,739,"UTERINE,ADNEXA PROC FOR NON-OVARIAN/ADNEXAL MALIG W MCC","$442,427.18 "
Oncology,740,"UTERINE,ADNEXA PROC FOR NON-OVARIAN/ADNEXAL MALIG W CC","$112,480.63 "
Oncology,741,"UTERINE,ADNEXA PROC FOR NON-OVARIAN/ADNEXAL MALIG W/O CC/MCC","$72,885.78 "
Women & Infants,742,UTERINE & ADNEXA PROC FOR NON-MALIGNANCY W CC/MCC,"$53,508.81 "
Women & Infants,743,UTERINE & ADNEXA PROC FOR NON-MALIGNANCY W/O CC/MCC,"$33,047.37 "
Women & Infants,744,"D&C, CONIZATION, LAPAROSCOPY & TUBAL INTERRUPTION W CC/MCC","$67,505.20 "
Women & Infants,745,"D&C, CONIZATION, LAPAROSCOPY & TUBAL INTERRUPTION W/O CC/MCC","$72,792.54 "
Women & Infants,746,"VAGINA, CERVIX & VULVA PROCEDURES W CC/MCC","$61,839.26 "
Women & Infants,747,"VAGINA, CERVIX & VULVA PROCEDURES W/O CC/MCC","$22,106.79 "
Women & Infants,748,FEMALE REPRODUCTIVE SYSTEM RECONSTRUCTIVE PROCEDURES,"$47,657.36 "
Women & Infants,749,OTHER FEMALE REPRODUCTIVE SYSTEM O.R. PROCEDURES W CC/MCC,"$75,229.29 "
Women & Infants,750,OTHER FEMALE REPRODUCTIVE SYSTEM O.R. PROCEDURES W/O CC/MCC,"$46,654.60 "
Oncology,754,"MALIGNANCY, FEMALE REPRODUCTIVE SYSTEM W MCC","$87,306.45 "
Oncology,755,"MALIGNANCY, FEMALE REPRODUCTIVE SYSTEM W CC","$51,824.96 "
Oncology,756,"MALIGNANCY, FEMALE REPRODUCTIVE SYSTEM W/O CC/MCC","$53,789.78 "
Women & Infants,757,"INFECTIONS, FEMALE REPRODUCTIVE SYSTEM W MCC","$12,992.43 "
Women & Infants,758,"INFECTIONS, FEMALE REPRODUCTIVE SYSTEM W CC","$20,545.40 "
Women & Infants,759,"INFECTIONS, FEMALE REPRODUCTIVE SYSTEM W/O CC/MCC","$19,601.82 "
Women & Infants,760,MENSTRUAL & OTHER FEMALE REPRODUCTIVE SYSTEM DISORDERS W CC/MCC,"$15,034.99 "
Women & Infants,761,MENSTRUAL & OTHER FEMALE REPRODUCTIVE SYSTEM DISORDERS W/O CC/MCC,"$14,933.95 "
Women & Infants,765,CESAREAN SECTION W CC/MCC,"$27,653.77 "
Women & Infants,766,CESAREAN SECTION W/O CC/MCC,"$20,941.77 "
Women & Infants,767,VAGINAL DELIVERY W STERILIZATION &/OR D&C,"$24,327.33 "
Women & Infants,768,VAGINAL DELIVERY W O.R. PROC EXCEPT STERIL &/OR D&C,"$40,448.20 "
Women & Infants,769,POSTPARTUM & POST ABORTION DIAGNOSES W O.R. PROCEDURE,"$61,193.51 "
Women & Infants,770,"ABORTION W D&C, ASPIRATION CURETTAGE OR HYSTEROTOMY","$17,799.59 "
Women & Infants,774,VAGINAL DELIVERY W COMPLICATING DIAGNOSES,"$19,988.50 "
Women & Infants,775,VAGINAL DELIVERY W/O COMPLICATING DIAGNOSES,"$16,659.09 "
Women & Infants,776,POSTPARTUM & POST ABORTION DIAGNOSES W/O O.R. PROCEDURE,"$18,475.22 "
Women & Infants,777,ECTOPIC PREGNANCY,"$23,884.75 "
Women & Infants,778,THREATENED ABORTION,"$10,355.41 "
Women & Infants,779,ABORTION W/O D&C,"$11,706.76 "
Women & Infants,780,FALSE LABOR,"$6,762.57 "
Women & Infants,781,OTHER ANTEPARTUM DIAGNOSES W MEDICAL COMPLICATIONS,"$17,036.57 "
Women & Infants,782,OTHER ANTEPARTUM DIAGNOSES W/O MEDICAL COMPLICATIONS,"$8,749.29 "
Women & Infants,789,"NEONATES, DIED OR TRANSFERRED TO ANOTHER ACUTE CARE FACILITY","$174,438.58 "
Women & Infants,790,"EXTREME IMMATURITY OR RESPIRATORY DISTRESS SYNDROME, NEONATE","$120,450.63 "
Women & Infants,791,PREMATURITY W MAJOR PROBLEMS,"$53,307.71 "
Women & Infants,792,PREMATURITY W/O MAJOR PROBLEMS,"$20,437.34 "
Women & Infants,793,FULL TERM NEONATE W MAJOR PROBLEMS,"$31,603.29 "
Women & Infants,794,NEONATE W OTHER SIGNIFICANT PROBLEMS,"$11,166.65 "
Women & Infants,795,NORMAL NEWBORN,"$5,095.48 "
Surgical,799,SPLENECTOMY W MCC,"$174,786.78 "
Surgical,800,SPLENECTOMY W CC,"$157,166.82 "
Surgical,802,OTHER O.R. PROC OF THE BLOOD & BLOOD FORMING ORGANS W MCC,"$356,610.27 "
Surgical,803,OTHER O.R. PROC OF THE BLOOD & BLOOD FORMING ORGANS W CC,"$82,258.56 "
Surgical,804,OTHER O.R. PROC OF THE BLOOD & BLOOD FORMING ORGANS W/O CC/MCC,"$58,502.37 "
Oncology,808,MAJOR HEMATOL/IMMUN DIAG EXC SICKLE CELL CRISIS & COAGUL W MCC,"$57,092.91 "
Oncology,809,MAJOR HEMATOL/IMMUN DIAG EXC SICKLE CELL CRISIS & COAGUL W CC,"$35,729.22 "
Oncology,810,MAJOR HEMATOL/IMMUN DIAG EXC SICKLE CELL CRISIS & COAGUL W/O CC/MCC,"$42,651.86 "
Oncology,811,RED BLOOD CELL DISORDERS W MCC,"$57,133.23 "
Oncology,812,RED BLOOD CELL DISORDERS W/O MCC,"$26,947.29 "
Oncology,813,COAGULATION DISORDERS,"$51,089.16 "
Oncology,814,RETICULOENDOTHELIAL & IMMUNITY DISORDERS W MCC,"$59,513.16 "
Oncology,815,RETICULOENDOTHELIAL & IMMUNITY DISORDERS W CC,"$39,158.78 "
Oncology,816,RETICULOENDOTHELIAL & IMMUNITY DISORDERS W/O CC/MCC,"$17,350.17 "
Oncology,820,LYMPHOMA & LEUKEMIA W MAJOR O.R. PROCEDURE W MCC,"$141,959.25 "
Oncology,821,LYMPHOMA & LEUKEMIA W MAJOR O.R. PROCEDURE W CC,"$132,279.29 "
Oncology,822,LYMPHOMA & LEUKEMIA W MAJOR O.R. PROCEDURE W/O CC/MCC,"$28,555.22 "
Oncology,823,LYMPHOMA & NON-ACUTE LEUKEMIA W OTHER PROC W MCC,"$142,136.56 "
Oncology,824,LYMPHOMA & NON-ACUTE LEUKEMIA W OTHER PROC W CC,"$116,363.62 "
Oncology,825,LYMPHOMA & NON-ACUTE LEUKEMIA W OTHER PROC W/O CC/MCC,"$74,969.61 "
Oncology,826,MYELOPROLIF DISORD OR POORLY DIFF NEOPL W MAJ O.R. PROC W MCC,"$163,794.20 "
Oncology,827,MYELOPROLIF DISORD OR POORLY DIFF NEOPL W MAJ O.R. PROC W CC,"$48,189.10 "
Oncology,828,MYELOPROLIF DISORD OR POORLY DIFF NEOPL W MAJ O.R. PROC W/O CC/MCC,"$83,111.06 "
Oncology,829,MYELOPROLIFERATIVE DISORDERS OR POORLY DIFFERENTIATED NEOPLASMS W OTHER  PROCEDURE W CC/MCC,"$103,047.17 "
Oncology,830,MYELOPROLIFERATIVE DISORDERS OR POORLY DIFFERENTIATED NEOPLASMS W OTHER  PROCEDURE W/O CC/MCC,"$51,860.73 "
Oncology,834,ACUTE LEUKEMIA W/O MAJOR O.R. PROCEDURE W MCC,"$253,113.36 "
Oncology,835,ACUTE LEUKEMIA W/O MAJOR O.R. PROCEDURE W CC,"$146,766.54 "
Oncology,836,ACUTE LEUKEMIA W/O MAJOR O.R. PROCEDURE W/O CC/MCC,"$50,287.37 "
Oncology,837,CHEMO W ACUTE LEUKEMIA AS SDX OR W HIGH DOSE CHEMO AGENT W MCC,"$240,074.60 "
Oncology,838,CHEMO W ACUTE LEUKEMIA AS SDX W CC OR HIGH DOSE CHEMO AGENT,"$77,414.64 "
Oncology,839,CHEMO W ACUTE LEUKEMIA AS SDX W/O CC/MCC,"$27,517.87 "
Oncology,840,LYMPHOMA & NON-ACUTE LEUKEMIA W MCC,"$134,728.33 "
Oncology,841,LYMPHOMA & NON-ACUTE LEUKEMIA W CC,"$62,138.69 "
Oncology,842,LYMPHOMA & NON-ACUTE LEUKEMIA W/O CC/MCC,"$41,388.11 "
Oncology,843,OTHER MYELOPROLIF DIS OR POORLY DIFF NEOPL DIAG W MCC,"$58,321.16 "
Oncology,844,OTHER MYELOPROLIF DIS OR POORLY DIFF NEOPL DIAG W CC,"$39,000.41 "
Oncology,845,OTHER MYELOPROLIF DIS OR POORLY DIFF NEOPL DIAG W/O CC/MCC,"$45,649.42 "
Oncology,846,CHEMOTHERAPY W/O ACUTE LEUKEMIA AS SECONDARY DIAGNOSIS W MCC,"$79,456.88 "
Oncology,847,CHEMOTHERAPY W/O ACUTE LEUKEMIA AS SECONDARY DIAGNOSIS W CC,"$50,748.09 "
Oncology,848,CHEMOTHERAPY W/O ACUTE LEUKEMIA AS SECONDARY DIAGNOSIS W/O CC/MCC,"$31,098.66 "
Oncology,849,RADIOTHERAPY,"$23,870.67 "
Surgical,853,INFECTIOUS & PARASITIC DISEASES W O.R. PROCEDURE W MCC,"$199,690.73 "
Surgical,854,INFECTIOUS & PARASITIC DISEASES W O.R. PROCEDURE W CC,"$81,886.81 "
Surgical,856,POSTOPERATIVE OR POST-TRAUMATIC INFECTIONS W O.R. PROC W MCC,"$249,257.45 "
Surgical,857,POSTOPERATIVE OR POST-TRAUMATIC INFECTIONS W O.R. PROC W CC,"$45,032.53 "
Surgical,858,POSTOPERATIVE OR POST-TRAUMATIC INFECTIONS W O.R. PROC W/O CC/MCC,"$43,228.69 "
Medical,862,POSTOPERATIVE & POST-TRAUMATIC INFECTIONS W MCC,"$69,520.85 "
Medical,863,POSTOPERATIVE & POST-TRAUMATIC INFECTIONS W/O MCC,"$28,313.36 "
Medical,864,FEVER,"$21,447.60 "
Medical,865,VIRAL ILLNESS W MCC,"$38,794.66 "
Medical,866,VIRAL ILLNESS W/O MCC,"$21,922.07 "
Medical,867,OTHER INFECTIOUS & PARASITIC DISEASES DIAGNOSES W MCC,"$93,915.36 "
Medical,868,OTHER INFECTIOUS & PARASITIC DISEASES DIAGNOSES W CC,"$37,342.16 "
Medical,869,OTHER INFECTIOUS & PARASITIC DISEASES DIAGNOSES W/O CC/MCC,"$20,077.64 "
Medical,870,SEPTICEMIA OR SEVERE SEPSIS W MV >96 HOURS,"$220,673.83 "
Medical,871,SEPTICEMIA OR SEVERE SEPSIS W/O MV >96 HOURS W MCC,"$64,335.36 "
Medical,872,SEPTICEMIA OR SEVERE SEPSIS W/O MV >96 HOURS W/O MCC,"$35,219.47 "
Surgical,876,O.R. PROCEDURE W PRINCIPAL DIAGNOSES OF MENTAL ILLNESS,"$25,323.42 "
BEHAVIORAL HEALTH,880,ACUTE ADJUSTMENT REACTION & PSYCHOSOCIAL DYSFUNCTION,"$20,363.56 "
BEHAVIORAL HEALTH,881,DEPRESSIVE NEUROSES,"$10,542.91 "
BEHAVIORAL HEALTH,882,NEUROSES EXCEPT DEPRESSIVE,"$11,862.84 "
BEHAVIORAL HEALTH,883,DISORDERS OF PERSONALITY & IMPULSE CONTROL,"$20,728.92 "
BEHAVIORAL HEALTH,884,ORGANIC DISTURBANCES & INTELLECTUAL DISABILITY,"$26,254.84 "
BEHAVIORAL HEALTH,885,PSYCHOSES,"$16,275.10 "
BEHAVIORAL HEALTH,886,BEHAVIORAL & DEVELOPMENTAL DISORDERS,"$7,125.66 "
BEHAVIORAL HEALTH,887,OTHER MENTAL DISORDER DIAGNOSES,"$29,155.00 "
BEHAVIORAL HEALTH,894,"ALCOHOL/DRUG ABUSE OR DEPENDENCE, LEFT AMA","$12,096.60 "
BEHAVIORAL HEALTH,896,ALCOHOL/DRUG ABUSE OR DEPENDENCE W/O REHABILITATION THERAPY W MCC,"$49,393.11 "
BEHAVIORAL HEALTH,897,ALCOHOL/DRUG ABUSE OR DEPENDENCE W/O REHABILITATION THERAPY W/O MCC,"$22,701.89 "
Surgical,901,WOUND DEBRIDEMENTS FOR INJURIES W MCC,"$214,936.89 "
Surgical,902,WOUND DEBRIDEMENTS FOR INJURIES W CC,"$40,999.94 "
Surgical,903,WOUND DEBRIDEMENTS FOR INJURIES W/O CC/MCC,"$20,649.53 "
Surgical,904,SKIN GRAFTS FOR INJURIES W CC/MCC,"$22,790.75 "
Surgical,905,SKIN GRAFTS FOR INJURIES W/O CC/MCC,"$13,380.43 "
Orthopedics,906,HAND PROCEDURES FOR INJURIES,"$31,966.93 "
Surgical,907,OTHER O.R. PROCEDURES FOR INJURIES W MCC,"$114,707.27 "
Surgical,908,OTHER O.R. PROCEDURES FOR INJURIES W CC,"$60,782.10 "
Surgical,909,OTHER O.R. PROCEDURES FOR INJURIES W/O CC/MCC,"$35,591.72 "
Medical,913,TRAUMATIC INJURY W MCC,"$47,391.44 "
Medical,914,TRAUMATIC INJURY W/O MCC,"$30,203.24 "
Medical,915,ALLERGIC REACTIONS W MCC,"$67,891.68 "
Medical,916,ALLERGIC REACTIONS W/O MCC,"$27,236.67 "
Medical,917,POISONING & TOXIC EFFECTS OF DRUGS W MCC,"$40,916.61 "
Medical,918,POISONING & TOXIC EFFECTS OF DRUGS W/O MCC,"$21,887.33 "
Medical,919,COMPLICATIONS OF TREATMENT W MCC,"$48,016.07 "
Medical,920,COMPLICATIONS OF TREATMENT W CC,"$33,492.11 "
Medical,921,COMPLICATIONS OF TREATMENT W/O CC/MCC,"$14,581.13 "
Medical,922,"OTHER INJURY, POISONING & TOXIC EFFECT DIAG W MCC","$76,922.26 "
Medical,923,"OTHER INJURY, POISONING & TOXIC EFFECT DIAG W/O MCC","$16,604.16 "
Burn,928,FULL THICKNESS BURN W SKIN GRAFT OR INHAL INJ W CC/MCC,"$30,134.80 "
Burn,934,FULL THICKNESS BURN W/O SKIN GRFT OR INHAL INJ,"$31,279.22 "
Burn,935,NON-EXTENSIVE BURNS, 
Surgical,939,O.R. PROC W DIAGNOSES OF OTHER CONTACT W HEALTH SERVICES W MCC,"$74,796.46 "
Surgical,940,O.R. PROC W DIAGNOSES OF OTHER CONTACT W HEALTH SERVICES W CC,"$66,774.54 "
Surgical,941,O.R. PROC W DIAGNOSES OF OTHER CONTACT W HEALTH SERVICES W/O CC/MCC,"$46,958.75 "
Medical,947,SIGNS & SYMPTOMS W MCC,"$43,939.56 "
Medical,948,SIGNS & SYMPTOMS W/O MCC,"$28,590.71 "
Medical,949,AFTERCARE W CC/MCC,"$20,736.10 "
Medical,950,AFTERCARE W/O CC/MCC,"$11,467.73 "
Medical,951,OTHER FACTORS INFLUENCING HEALTH STATUS,"$12,272.58 "
Neurosciences,955,CRANIOTOMY FOR MULTIPLE SIGNIFICANT TRAUMA,"$224,553.37 "
Orthopedics,956,"LIMB REATTACHMENT, HIP & FEMUR PROC FOR MULTIPLE SIGNIFICANT TRAUMA","$246,512.13 "
Surgical,957,OTHER O.R. PROCEDURES FOR MULTIPLE SIGNIFICANT TRAUMA W MCC,"$318,078.36 "
Surgical,958,OTHER O.R. PROCEDURES FOR MULTIPLE SIGNIFICANT TRAUMA W CC,"$175,588.06 "
Surgical,959,OTHER O.R. PROCEDURES FOR MULTIPLE SIGNIFICANT TRAUMA W/O CC/MCC,"$97,223.46 "
Medical,963,OTHER MULTIPLE SIGNIFICANT TRAUMA W MCC,"$135,779.03 "
Medical,964,OTHER MULTIPLE SIGNIFICANT TRAUMA W CC,"$67,220.13 "
Medical,965,OTHER MULTIPLE SIGNIFICANT TRAUMA W/O CC/MCC,"$35,531.55 "
Surgical,969,HIV W EXTENSIVE O.R. PROCEDURE W MCC,"$121,234.56 "
Medical,974,HIV W MAJOR RELATED CONDITION W MCC,"$95,400.32 "
Medical,975,HIV W MAJOR RELATED CONDITION W CC,"$44,456.09 "
Medical,977,HIV W OR W/O OTHER RELATED CONDITION,"$31,594.29 "
Surgical,981,EXTENSIVE O.R. PROCEDURE UNRELATED TO PRINCIPAL DIAGNOSIS W MCC,"$161,429.87 "
Surgical,982,EXTENSIVE O.R. PROCEDURE UNRELATED TO PRINCIPAL DIAGNOSIS W CC,"$92,133.59 "
Surgical,983,EXTENSIVE O.R. PROCEDURE UNRELATED TO PRINCIPAL DIAGNOSIS W/O CC/MCC,"$57,125.10 "
Surgical,985,PROSTATIC O.R. PROCEDURE UNRELATED TO PRINCIPAL DIAGNOSIS W CC,"$65,812.29 "
Surgical,987,NON-EXTENSIVE O.R. PROC UNRELATED TO PRINCIPAL DIAGNOSIS W MCC,"$111,783.16 "
Surgical,988,NON-EXTENSIVE O.R. PROC UNRELATED TO PRINCIPAL DIAGNOSIS W CC,"$67,845.96 "
Surgical,989,NON-EXTENSIVE O.R. PROC UNRELATED TO PRINCIPAL DIAGNOSIS W/O CC/MCC,"$49,766.95 "
Other,999,UNGROUPABLE,"$68,315.74 "
Surgical,11,"RACHEOSTOMY FOR FACE,MOUTH & NECK DIAGNOSES W MCC", 
Surgical,12,"RACHEOSTOMY FOR FACE,MOUTH & NECK DIAGNOSES W CC", 
Neurosciences,41,ERIPH/CRANIAL NERVE & OTHER NERV SYST PROC W CC OR PERIPH NEUROSTIM, 
Oncology,54,ERVOUS SYSTEM NEOPLASMS W MCC, 
Oncology,55,ERVOUS SYSTEM NEOPLASMS W/O MCC, 
Neurosciences,56,EGENERATIVE NERVOUS SYSTEM DISORDERS W MCC, 
Neurosciences,57,EGENERATIVE NERVOUS SYSTEM DISORDERS W/O MCC, 
Neurosciences,60,ULTIPLE SCLEROSIS & CEREBELLAR ATAXIA W/O CC/MCC, 
Neurosciences,64,NTRACRANIAL HEMORRHAGE OR CEREBRAL INFARCTION W MCC, 
Neurosciences,65,NTRACRANIAL HEMORRHAGE OR CEREBRAL INFARCTION W CC OR TPA IN 24 HRS, 
Neurosciences,66,NTRACRANIAL HEMORRHAGE OR CEREBRAL INFARCTION W/O CC/MCC, 
Neurosciences,69,RANSIENT ISCHEMIA W/O THROMBOLYTIC, 
Neurosciences,70,ONSPECIFIC CEREBROVASCULAR DISORDERS W MCC, 
Neurosciences,71,ONSPECIFIC CEREBROVASCULAR DISORDERS W CC, 
Neurosciences,72,ONSPECIFIC CEREBROVASCULAR DISORDERS W/O CC/MCC, 
Neurosciences,73,RANIAL & PERIPHERAL NERVE DISORDERS W MCC, 
Neurosciences,74,RANIAL & PERIPHERAL NERVE DISORDERS W/O MCC, 
Neurosciences,76,IRAL MENINGITIS W/O CC/MCC, 
Neurosciences,78,YPERTENSIVE ENCEPHALOPATHY W CC, 
Neurosciences,83,"RAUMATIC STUPOR & COMA, COMA >1 HR W CC", 
Neurosciences,84,"RAUMATIC STUPOR & COMA, COMA >1 HR W/O CC/MCC", 
Neurosciences,87,"RAUMATIC STUPOR & COMA, COMA <1 HR W/O CC/MCC", 
Neurosciences,89,ONCUSSION W CC, 
Neurosciences,90,ONCUSSION W/O CC/MCC, 
Neurosciences,91,THER DISORDERS OF NERVOUS SYSTEM W MCC, 
Neurosciences,92,THER DISORDERS OF NERVOUS SYSTEM W CC, 
Neurosciences,93,THER DISORDERS OF NERVOUS SYSTEM W/O CC/MCC, 
Neurosciences,94,ACTERIAL & TUBERCULOUS INFECTIONS OF NERVOUS SYSTEM W MCC, 
Neurosciences,95,ACTERIAL & TUBERCULOUS INFECTIONS OF NERVOUS SYSTEM W CC, 
Neurosciences,97,ON-BACTERIAL INFECT OF NERVOUS SYS EXC VIRAL MENINGITIS W MCC, 
Neurosciences,98,ON-BACTERIAL INFECT OF NERVOUS SYS EXC VIRAL MENINGITIS W CC, 
Neurosciences,99,ON-BACTERIAL INFECT OF NERVOUS SYS EXC VIRAL MENINGITIS W/O CC/MCC, 
Cardiovascular Services,268,AORTIC AND HEART ASSIST PROCEDURES EXCEPT PULSATION BALLOON W MCC,"$265,735.47 "
Cardiovascular Services,269,AORTIC AND HEART ASSIST PROCEDURES EXCEPT PULSATION BALLOON W/O MCC,"$173,081.40 "
Cardiovascular Services,270,OTHER MAJOR CARDIOVASCULAR PROCEDURES W MCC,"$174,522.10 "
Cardiovascular Services,271,OTHER MAJOR CARDIOVASCULAR PROCEDURES W CC,"$132,121.09 "
Cardiovascular Services,272,OTHER MAJOR CARDIOVASCULAR PROCEDURES W/O CC/MCC,"$106,149.56 "
Cardiovascular Services,273,PERCUTANEOUS INTRACARDIAC PROCEDURES W MCC,"$153,150.79 "
Cardiovascular Services,274,PERCUTANEOUS INTRACARDIAC PROCEDURES W/O MCC,"$115,977.95 "
Oncology,16,AUTOLOGOUS BONE MARROW TRANSPLANT W CC/MCC,"$217,767.15 "
